time,seconds_elapsed,roll,rotationRateZ,quaternionY,rotationRateY,quaternionZ,quaternionW,yaw,devicelocation,accelerationZ,pitch,gravityX,gravityZ,quaternionX,rotationRateX,accelerationX,gravityY,accelerationY
2025-04-30 00:59:59.069592000,0.560592041015625,0.2066287368258951,0.0007677786052227,0.0997873404854499,0.003640164155513,3.451015350067616e-18,0.9841107389916854,0.0306216602877142,left,-0.0219781398773193,-0.2932412213173204,1.92606143970713,-9.188322871345282,-0.1468618249217013,0.0035291123203933,-0.1804986745119094,2.8346771902188657,4.49120998382e-05
2025-04-30 00:59:59.109592000,0.600592041015625,0.067124127391756,-0.0024874100927263,0.0362921084759044,0.0002875057980418,-0.0257990808249569,0.9881643486684412,-0.0421827194435606,left,-0.0014961957931518,-0.2963020934529077,0.6291049816481769,-9.358181425356864,-0.1467938220099698,-0.0034273848868906,-0.0489156767725944,2.863399426834285,-0.0030390620231628
2025-04-30 00:59:59.149591800,0.640591796875,0.0241438314296652,-0.0025890658143907,0.0166602246377597,0.0031826661434024,-0.0337793237764168,0.9886421963519508,-0.0647457094871402,left,0.0028172731399536,-0.2929775814056337,0.2266589937178418,-9.38603447792232,-0.1454917973497156,-0.0061906445771455,-0.007112605497241,2.832202032276988,0.0012938976287841
2025-04-30 00:59:59.189591800,0.680591796875,0.0157977392753137,0.0007005569059401,0.0128572694015574,0.0026065320707857,-0.0352704284856453,0.9885688080655992,-0.0689885424300806,left,0.001383900642395,-0.2938217493867002,0.1482774669882375,-9.385205041360855,-0.1460218705580988,-0.0034651032183319,0.0001348638907074,2.8401266877964138,0.0013767778873443
2025-04-30 00:59:59.229591800,0.720591796875,0.0157977392753137,-0.0008380939252674,0.0128572694015574,0.0021178151946514,-0.0352704284856453,0.9885688080655992,-0.0689885424300806,left,0.0006285309791564,-0.2938217493867002,0.1482774669882375,-9.385205041360855,-0.1460218705580988,-0.0019853913690894,0.0009288974106311,2.8401266877964138,0.0012666583061218
2025-04-30 00:59:59.269592000,0.760592041015625,0.015738441340427,-0.0044916262850165,0.0128503232162083,-0.003912579268217,-0.0353392288290928,0.9885146415876194,-0.0691345490138316,left,0.0024127960205078,-0.2945303749792836,0.1476892370378132,-9.38319954675734,-0.1463722572501084,-0.0011360656935721,0.0012773815542459,2.846777377857268,0.002202570438385
2025-04-30 00:59:59.309592000,0.800592041015625,0.015738441340427,-0.0008368766866624,0.0128503232162083,-0.0056399395689368,-0.0353392288290928,0.9885146415876194,-0.0691345490138316,left,0.002211570739746,-0.2945303749792836,0.1476892370378132,-9.38319954675734,-0.1463722572501084,0.0038381072226911,0.000469671562314,2.846777377857268,0.0024990737438201
2025-04-30 00:59:59.349592000,0.840592041015625,0.0159813695476332,0.0047954674810171,0.012972948666699,-0.0021112083923071,-0.0352920800011837,0.9884603067786843,-0.0690010347475558,left,0.0004490613937377,-0.2952786221477934,0.149934586545499,-9.381030970546602,-0.1467386896718087,-0.0015208913246169,-0.0017172116786241,2.853798362535238,0.0009790062904357
2025-04-30 00:59:59.389591800,0.880591796875,0.0159813695476332,0.0001026499085128,0.012972948666699,-0.0004116727504879,-0.0352920800011837,0.9884603067786843,-0.0690010347475558,left,0.0010062456130981,-0.2952786221477934,0.149934586545499,-9.381030970546602,-0.1467386896718087,-0.0001548948930576,-0.0017323335632681,2.853798362535238,-0.0013192594051361
2025-04-30 00:59:59.429591800,0.920591796875,0.0157740126533701,-0.0009822559077292,0.0128882066139511,-0.0027043027803301,-0.0353997944646928,0.9884595769465608,-0.0692498495750088,left,0.0017336010932922,-0.2952474942030617,0.1479907681345008,-9.3811502130121,-0.1467253549033622,0.000528804550413,-0.0015646014362573,2.85350639385134,-0.0014636218547821
2025-04-30 00:59:59.469591800,0.960591796875,0.0155666388531346,-0.0020671617239713,0.0128034634388937,-0.004996933043003,-0.0355075927423638,0.9884588381359573,-0.0694988311971361,left,0.0024609565734863,-0.2952163061890863,0.1460467396609485,-9.381270039999484,-0.1467120096581449,0.0012125039938837,-0.0013968357816338,2.853213840645552,-0.0016078948974609
2025-04-30 00:59:59.509592000,1.000592041015625,0.0155666388531346,-0.0031520675402134,0.0128034634388937,-0.0072895633056759,-0.0355075927423638,0.9884588381359573,-0.0694988311971361,left,0.0031760931015014,-0.2952163061890863,0.1460467396609485,-9.381270039999484,-0.1467120096581449,0.001896203495562,-0.0014273133128881,2.853213840645552,-0.0017820000648498
2025-04-30 00:59:59.549592000,1.040592041015625,0.0155666388531346,0.004593045450747,0.0128034634388937,0.0001080785878002,-0.0355075927423638,0.9884588381359573,-0.0694988311971361,left,0.00477135181427,-0.2952163061890863,0.1460467396609485,-9.381270039999484,-0.1467120096581449,-0.0054165706969797,-0.0012469245120882,2.853213840645552,-0.0015327632427215
2025-04-30 00:59:59.714083000,1.2050830078125,0.0164655175090596,-0.0022954167798161,0.0131763476615789,0.003073746105656,-0.0350290258910471,0.9884291005339578,-0.0683952675550736,left,-0.0003695525228977,-0.2958038080312812,0.1544516895106062,-9.379457437619566,-0.1469937155628289,-0.0048404661938548,0.0021521362941712,2.858725589804352,1.05164363048e-05
2025-04-30 00:59:59.754083000,1.2450830078125,0.0164655175090596,0.0032462677918374,0.0131763476615789,0.0027235399466007,-0.0350290258910471,0.9884291005339578,-0.0683952675550736,left,-0.0009894371032714,-0.2958038080312812,0.1544516895106062,-9.379457437619566,-0.1469937155628289,0.0009989612735807,0.001767398789525,2.858725589804352,-0.000585913658142
2025-04-30 00:59:59.794083300,1.285083251953125,0.0164655175090596,0.008787952363491,0.0131763476615789,0.0023733337875455,-0.0350290258910471,0.9884291005339578,-0.0683952675550736,left,-0.0016093850135803,-0.2958038080312812,0.1544516895106062,-9.379457437619566,-0.1469937155628289,0.0068383887410163,0.0013826638460159,2.858725589804352,-0.0011823177337646
2025-04-30 00:59:59.834083300,1.325083251953125,0.0165781023798853,0.0079894578084349,0.0132030517918228,-0.0020267574582248,-0.0348708759060221,0.9884536295881584,-0.0680593725487931,left,0.0001390576362609,-0.2955418393927285,0.1555200676607899,-9.380188089981674,-0.1468644698439874,0.0028944313526153,0.0004660841077566,2.856267967519164,-0.0008812844753265
2025-04-30 00:59:59.874083300,1.365083251953125,0.0165781023798853,0.0071909627877175,0.0132030517918228,-0.0064268484711647,-0.0348708759060221,0.9884536295881584,-0.0680593725487931,left,0.0018129348754882,-0.2955418393927285,0.1555200676607899,-9.380188089981674,-0.1468644698439874,-0.0010495265014469,-0.0003415513783693,2.856267967519164,-0.0008308291435241
2025-04-30 00:59:59.914083300,1.405083251953125,0.0164422668393783,0.0080511178821325,0.0130867663961909,-0.0048386151902377,-0.0345460498575667,0.9884765151193232,-0.067422791040815,left,0.0002097487449645,-0.2953919963118713,0.1542529520681128,-9.380637002792954,-0.1467969618294306,-0.0029854271560907,0.000864079222083,2.854862192374468,-0.0002885162830352
2025-04-30 00:59:59.954083300,1.445083251953125,0.0163417299696268,0.0056022768840193,0.0130188566425813,-0.0037564733065664,-0.0344100631319684,0.9884776455240324,-0.0671624087635156,left,0.0001133680343627,-0.2954478450648053,0.1533072321832179,-9.38049321040809,-0.146827984440035,-0.0022074249573051,0.0004669278860092,2.855386216248572,-0.0001559555530548
2025-04-30 00:59:59.994083000,1.4850830078125,0.0163417299696268,0.0031534363515675,0.0130188566425813,-0.0026743314228951,-0.0344100631319684,0.9884776455240324,-0.0671624087635156,left,3.16500663757e-05,-0.2954478450648053,0.1533072321832179,-9.38049321040809,-0.146827984440035,-0.001429422525689,-2.66544520854e-05,2.855386216248572,3.00407409667e-05
2025-04-30 01:00:00.034083000,1.5250830078125,0.0160819547570087,-0.0050945458933711,0.012876814254736,-0.0031042494811117,-0.0342968183938399,0.9884809600136794,-0.0669717969892403,left,-3.02195549011e-05,-0.2954692188640023,0.1508694288433529,-9.380471583098172,-0.1468442549424069,0.0002826315758284,-0.0010218890383839,2.8555867072567342,0.0004985630512237
2025-04-30 01:00:00.074083300,1.565083251953125,0.0160819547570087,-0.0015217559412121,0.012876814254736,-0.0051941745914518,-0.0342968183938399,0.9884809600136794,-0.0669717969892403,left,0.0011726021766662,-0.2954692188640023,0.1508694288433529,-9.380471583098172,-0.1468442549424069,0.0034282524138689,-0.0023335134610533,2.8555867072567342,0.0023099184036254
2025-04-30 01:00:00.114083300,1.605083251953125,0.0155910706456889,0.0077905897051095,0.0126330891008068,-0.0046824980527162,-0.0342904719500252,0.9885087681761828,-0.0670328619646359,left,-0.0001815557479858,-0.2951195575272535,0.1462802470227237,-9.381542427200078,-0.1466794534881997,0.008959911763668,-0.0018730610609054,2.8523060781508685,0.0007591247558593
2025-04-30 01:00:00.154083300,1.645083251953125,0.0155835097204982,0.0056841759942471,0.0125945174683709,0.0025396670680493,-0.0340959854053616,0.9885438870366748,-0.0666415864079337,left,-0.000486135482788,-0.2947335874016457,0.146226461875718,-9.382643666440249,-0.1464912658378312,0.009469449520111,0.0003343187272548,2.84868438052237,-0.0021188557147979
2025-04-30 01:00:00.194083300,1.685083251953125,0.0154527228736168,-0.0012974459677934,0.0125449322961804,0.0029592157807201,-0.0342069444677886,0.9885536609550816,-0.0668859536079157,left,-0.0002632141113281,-0.2945558532726153,0.1450071492138318,-9.383168567097186,-0.1464040975966282,0.0063998540863394,0.0001810109242796,2.8470164473101494,-0.0011471211910247
2025-04-30 01:00:00.234083000,1.7250830078125,0.0154527228736168,-0.0082790683954954,0.0125449322961804,0.0033787647262215,-0.0342069444677886,0.9885536609550816,-0.0668859536079157,left,-9.38177108764e-05,-0.2945558532726153,0.1450071492138318,-9.383168567097186,-0.1464040975966282,0.0033302593510597,-9.66386869549e-05,2.8470164473101494,-0.0003454685211181
2025-04-30 01:00:00.274083000,1.7650830078125,0.0151126308316858,0.0040442859753966,0.0124052175490992,-0.0025831717066466,-0.0344192717742073,0.9885786445455336,-0.0673669798084011,left,-0.0006325244903564,-0.2941317920255241,0.1418342365324497,-9.384423535594344,-0.1461973116083109,0.0075818402692675,-0.0016133980825543,2.8430367300242185,0.0007885992527008
2025-04-30 01:00:00.314083300,1.805083251953125,0.0151126308316858,0.0156822092831134,0.0124052175490992,0.015102494508028,-0.0344192717742073,0.9885786445455336,-0.0673669798084011,left,-0.0039519667625427,-0.2941317920255241,0.1418342365324497,-9.384423535594344,-0.1461973116083109,-0.0018880926072597,0.0006137639284133,2.8430367300242185,0.0026285350322723
2025-04-30 01:00:00.354083300,1.845083251953125,0.0160979656509055,0.0023017786443233,0.0128297193996697,0.0009655449539422,-0.0340352827150094,0.9885652255260652,-0.0664434424054126,left,0.0051799416542053,-0.2944453295997611,0.1510666045164223,-9.38338776280582,-0.1463412640230237,-0.0143725387752056,-0.0016446411609649,2.845979213216901,-0.0022053122520446
2025-04-30 01:00:00.394083300,1.885083251953125,0.0159262659017128,0.0004763175093103,0.0127542981103253,-0.0024004825390875,-0.0340584367049314,0.988545535664465,-0.0665148959909882,left,0.0020754337310791,-0.2947112474111635,0.1494434237613808,-9.38265652592182,-0.1464751827576423,-0.0002853525220416,0.0007203547284007,2.8484748294249176,0.0005635023117065
2025-04-30 01:00:00.434083300,1.925083251953125,0.0159262659017128,0.0029105828143656,0.0127542981103253,-0.0012860151473432,-0.0340584367049314,0.988545535664465,-0.0665148959909882,left,0.0014349222183227,-0.2947112474111635,0.1494434237613808,-9.38265652592182,-0.1464751827576423,0.0027009341865777,0.0002200929448008,2.8484748294249176,0.00113046169281
2025-04-30 01:00:00.474083000,1.9650830078125,0.0158079638872167,0.0027277448680251,0.0126726961187587,-0.0024555451236665,-0.0339249085330419,0.9885723865335192,-0.0662631628802784,left,3.43322753906e-05,-0.2944143756794412,0.1483467967642471,-9.383519280231,-0.1463320428141955,-0.0011971262283623,5.2936375141e-06,2.8456887058377265,2.70307064056e-05
2025-04-30 01:00:00.514083000,2.0050830078125,0.0158079638872167,-0.0042431401088833,0.0126726961187587,-0.0009383365977555,-0.0339249085330419,0.9885723865335192,-0.0662631628802784,left,-0.0012798905372619,-0.2944143756794412,0.1483467967642471,-9.383519280231,-0.1463320428141955,-0.0016280515119433,-0.0004269182682037,2.8456887058377265,-0.0011584758758544
2025-04-30 01:00:00.554083300,2.045083251953125,0.0154159313418992,-0.0013249851763248,0.0125080495290603,0.0002897414378821,-0.0340834503834559,0.9885618035351488,-0.0666416945541621,left,-0.0004797577857971,-0.2945044508364977,0.1446641901282128,-9.383320542788503,-0.1463808514234772,0.0065794154070317,-0.0011792816221714,2.846534216751158,-0.0011860132217407
2025-04-30 01:00:00.594083300,2.085083251953125,0.0154159313418992,0.0005217916332185,0.0125080495290603,0.0091962255537509,-0.0340834503834559,0.9885618035351488,-0.0666416945541621,left,-0.0018381476402282,-0.2945044508364977,0.1446641901282128,-9.383320542788503,-0.1463808514234772,0.0092382971197366,-0.000404730439186,2.846534216751158,-0.0021907985210418
2025-04-30 01:00:00.634083300,2.125083251953125,0.0157670605980143,0.0023609192576259,0.0126721344026229,-0.0018216017633676,-0.034108280985815,0.9886032694813088,-0.0666416898890697,left,0.0020157694816589,-0.2939087175504957,0.1479856444348115,-9.384963049298523,-0.1460803819384642,-0.0031307272147387,-7.80709087848e-05,2.840942972615361,0.0007443726062774
2025-04-30 01:00:00.674083300,2.165083251953125,0.0157670605980143,0.0010838784510269,0.0126721344026229,-0.0005192023236304,-0.034108280985815,0.9886032694813088,-0.0666416898890697,left,0.0012601017951965,-0.2939087175504957,0.1479856444348115,-9.384963049298523,-0.1460803819384642,-0.0033563775941729,0.0003576390445232,2.840942972615361,0.0004283487796783
2025-04-30 01:00:00.714083000,2.2050830078125,0.0157670605980143,-0.0001931622391566,0.0126721344026229,0.0007831969996914,-0.034108280985815,0.9886032694813088,-0.0666416898890697,left,0.0005044341087341,-0.2939087175504957,0.1479856444348115,-9.384963049298523,-0.1460803819384642,-0.0035820282064378,0.0007933489978313,2.840942972615361,0.0001123249530792
2025-04-30 01:00:00.754083000,2.2450830078125,0.0158219994266234,-0.0011883849510923,0.0127035156784624,-0.000123159319628,-0.0340820853830627,0.9885633061752532,-0.0665789262430358,left,0.0011126399040222,-0.2944633962616301,0.1484762866291217,-9.383377825933694,-0.1463540363393597,-0.0079268822446465,0.002739486284554,2.8461490168258545,-0.0002073943614959
2025-04-30 01:00:00.794083300,2.285083251953125,0.0155693826118384,-0.0074621466919779,0.0126030951867207,-0.0104411356151103,-0.0341941377147069,0.9885365940888994,-0.0668421103580856,left,0.0024395585060119,-0.2947883982290038,0.1460914829849731,-9.38248935266137,-0.1465173269131496,-0.003584588645026,-0.0007303431630134,2.8491987597852946,0.0003081262111663
2025-04-30 01:00:00.834083300,2.325083251953125,0.0155693826118384,-0.0011212667450308,0.0126030951867207,-0.0114316660910844,-0.0341941377147069,0.9885365940888994,-0.0668421103580856,left,0.0006943345069885,-0.2947883982290038,0.1460914829849731,-9.38248935266137,-0.1465173269131496,-0.0006411976646631,-0.0026234183460474,2.8491987597852946,0.0013539493083953
2025-04-30 01:00:00.874083300,2.365083251953125,0.0147434915943614,0.0059513798914849,0.0121999010468076,-0.0073902294971048,-0.0341894303177069,0.9885547741497976,-0.0669554882282208,left,-0.000622272491455,-0.2945829233094477,0.1383511436570435,-9.383191947972774,-0.146429189971893,0.0090330746024847,-0.003657728433609,2.847270714332163,0.0012211203575134
2025-04-30 01:00:00.914083300,2.405083251953125,0.0147434915943614,0.0037160371430218,0.0121999010468076,0.000736033078283,-0.0341894303177069,0.9885547741497976,-0.0669554882282208,left,-0.0010508894920349,-0.2945829233094477,0.1383511436570435,-9.383191947972774,-0.146429189971893,0.0060122879222035,-0.0024803429841995,2.847270714332163,-0.0015362799167633
2025-04-30 01:00:00.954083300,2.445083251953125,0.0146255716534023,-0.0067142634652554,0.0121229069712871,0.002950465073809,-0.0341138936201765,0.988598683762692,-0.0668214508062477,left,0.0018391013145446,-0.2940265690851297,0.1372678236660547,-9.384790615341068,-0.1461569883548115,0.008081660605967,-0.0031439680606126,2.842049180291593,-0.0026866197586059
2025-04-30 01:00:00.994083000,2.4850830078125,0.0144925059053818,-0.0109734386205673,0.0120827400382148,0.0090193878859281,-0.0343093909581045,0.98861415264986,-0.0672373030508524,left,-0.0010693073272705,-0.2937294075717419,0.1360312584752682,-9.385652785128354,-0.14600984951005,0.0092886267229914,-0.0010317768901586,2.8392598418340085,-0.0001543760299682
2025-04-30 01:00:01.034083000,2.5250830078125,0.0147362470587889,0.0025303945876657,0.0122180714905512,0.0039406670257449,-0.0344664909263502,0.9886340315203782,-0.0675199755384391,left,0.0032416582107543,-0.2933712061695685,0.1383339002612978,-9.386635950946808,-0.1458268653673289,-0.0007244044682011,-0.0043865134939551,2.8358973796635865,-0.0007845759391784
2025-04-30 01:00:01.074083300,2.565083251953125,0.0147362470587889,0.0092161744832992,0.0122180714905512,0.0186446420848369,-0.0344664909263502,0.9886340315203782,-0.0675199755384391,left,-0.0058582425117492,-0.2933712061695685,0.1383339002612978,-9.386635950946808,-0.1458268653673289,-0.0061874496750533,0.0012528449296951,2.8358973796635865,0.0011813938617706
2025-04-30 01:00:01.114083300,2.605083251953125,0.0159883853261082,0.0014792177826166,0.0127989598750101,0.0123957907781004,-0.0342574458600448,0.9886076366266,-0.0669111875441664,left,0.0033457279205322,-0.2937671712868979,0.1500691909769084,-9.385331882610917,-0.1460049094708896,-0.014703718945384,-0.0002296864986419,2.839614354360104,-0.0020252764225006
2025-04-30 01:00:01.154083300,2.645083251953125,0.0162143770372392,-0.009563592262566,0.012948514101967,0.0114919617772102,-0.0344662409690336,0.9885557253068614,-0.067298351221126,left,0.0007501244544982,-0.2943643798624935,0.15216267439113,-9.383600528773664,-0.1462937536575143,-0.0095902401953935,0.0025658030062913,2.845219627021253,-0.0004617273807525
2025-04-30 01:00:01.194083300,2.685083251953125,0.0162143770372392,-0.00455456180498,0.012948514101967,0.0076306704431772,-0.0344662409690336,0.9885557253068614,-0.067298351221126,left,0.0020444393157958,-0.2943643798624935,0.15216267439113,-9.383600528773664,-0.1462937536575143,-0.004276012070477,0.0017542503774166,2.845219627021253,0.0016130805015563
2025-04-30 01:00:01.234083000,2.7250830078125,0.0168459761761851,0.002486084587872,0.0132991560625453,0.0026188467163592,-0.034749439997443,0.9885276769431912,-0.0677771240418453,left,0.0001677870750427,-0.2945775304982978,0.1580791044938378,-9.382895595374702,-0.1463850404823249,0.0005859135417267,0.001802759245038,2.8472198609277606,0.0021211504936218
2025-04-30 01:00:01.274083000,2.7650830078125,0.0168459761761851,-0.0001013642176985,0.0132991560625453,0.001164857763797,-0.034749439997443,0.9885276769431912,-0.0677771240418453,left,0.0002586841583251,-0.2945775304982978,0.1580791044938378,-9.382895595374702,-0.1463850404823249,0.0019683032296597,0.0019533243030309,2.8472198609277606,6.89029693603e-05
2025-04-30 01:00:01.314083300,2.805083251953125,0.0168459761761851,-0.0018978836014866,0.0132991560625453,-0.0034390692599117,-0.034749439997443,0.9885276769431912,-0.0677771240418453,left,0.0022554397583007,-0.2945775304982978,0.1580791044938378,-9.382895595374702,-0.1463850404823249,0.0030733451712876,0.0018806997686624,2.8472198609277606,-0.002546340227127
2025-04-30 01:00:01.354083300,2.845083251953125,0.0168786942382157,-0.0038424902595579,0.0133281737910342,0.0047562890686094,-0.0348975356662437,0.9885624236452478,-0.0680737629634254,left,-0.0021979212760925,-0.2940306982296515,0.1584123367698863,-9.384445747426152,-0.146112190756264,0.0093406420201063,0.001156123355031,2.842088050997257,-0.003014862537384
2025-04-30 01:00:01.394083300,2.885083251953125,0.0168786942382157,-0.0016011791303753,0.0133281737910342,0.0022955511230975,-0.0348975356662437,0.9885624236452478,-0.0680737629634254,left,-0.0008031129837036,-0.2940306982296515,0.1584123367698863,-9.384445747426152,-0.146112190756264,0.0002927910536527,-0.0002151429653167,2.842088050997257,-0.0007961988449096
2025-04-30 01:00:01.434083300,2.925083251953125,0.0168786942382157,-0.00141286640428,0.0133281737910342,0.0014674348058179,-0.0348975356662437,0.9885624236452478,-0.0680737629634254,left,-3.16500663757e-05,-0.2940306982296515,0.1584123367698863,-9.384445747426152,-0.146112190756264,0.0005707493983209,0.0006992295384407,2.842088050997257,-0.0003529787063598
2025-04-30 01:00:01.474083000,2.9650830078125,0.0168786942382157,0.0006194105371832,0.0133281737910342,-0.0012169721303507,-0.0348975356662437,0.9885624236452478,-0.0680737629634254,left,0.0020240545272827,-0.2940306982296515,0.1584123367698863,-9.384445747426152,-0.146112190756264,0.0036531724035739,-1.87568366527e-05,2.842088050997257,0.0006890594959259
2025-04-30 01:00:01.514083000,3.0050830078125,0.0168786942382157,-0.0016081165522336,0.0133281737910342,-0.000780907110311,-0.0348975356662437,0.9885624236452478,-0.0680737629634254,left,0.0006964802742004,-0.2940306982296515,0.1584123367698863,-9.384445747426152,-0.146112190756264,-0.0018866583704948,6.25494867563e-05,2.842088050997257,0.0006057024002075
2025-04-30 01:00:01.554083300,3.045083251953125,0.0166418257027348,-0.0047791129909455,0.0132536861222516,-0.0064607420936226,-0.0351766348263531,0.9885590180111036,-0.0686736758171895,left,0.0012668967247009,-0.2939551961033436,0.1561930350189097,-9.384697676360606,-0.146075032241522,0.0007423370843753,-0.0005878871306777,2.841379318206012,-0.0009847581386566
2025-04-30 01:00:01.594083300,3.085083251953125,0.0166418257027348,-0.0028799306601285,0.0132536861222516,-0.0081932321190834,-0.0351766348263531,0.9885590180111036,-0.0686736758171895,left,0.0007812976837158,-0.2939551961033436,0.1561930350189097,-9.384697676360606,-0.146075032241522,-0.0001592209446243,-0.0002880115061998,2.841379318206012,0.0003347098827362
2025-04-30 01:00:01.634083300,3.125083251953125,0.0160286723537,0.0054558552801609,0.0129550147393133,-0.008074720390141,-0.0351722029793429,0.988568690957891,-0.0687555992603613,left,-7.60555267333e-05,-0.2938586206769981,0.1504431388558354,-9.385065925151109,-0.1460375372111635,0.0017353685107082,-0.0014973040670156,2.840472724755108,0.0005511343479156
2025-04-30 01:00:01.674083300,3.165083251953125,0.0160286723537,0.0036619864404201,0.0129550147393133,-0.0017005363479256,-0.0351722029793429,0.988568690957891,-0.0687555992603613,left,-0.0014228820800781,-0.2938586206769981,0.1504431388558354,-9.385065925151109,-0.1460375372111635,0.0050656176172196,-0.0005453461781144,2.840472724755108,-0.0015539526939392
2025-04-30 01:00:01.714083000,3.2050830078125,0.0160286723537,-0.0039080576971173,0.0129550147393133,0.0036024800501763,-0.0351722029793429,0.988568690957891,-0.0687555992603613,left,-0.0001145005226135,-0.2938586206769981,0.1504431388558354,-9.385065925151109,-0.1460375372111635,0.0020104970317333,-0.000710155814886,2.840472724755108,-0.0015667974948883
2025-04-30 01:00:01.754083000,3.2450830078125,0.015627268288166,-0.0091436943039298,0.0127484146934452,0.0024490181822329,-0.0351344052145431,0.9886028354599544,-0.0687395933630247,left,-0.0033303499221801,-0.2934309747449578,0.1466948922382202,-9.386339598348735,-0.145833301230244,0.0020667610224336,0.0005260128527879,2.836458520677686,-0.0023601651191711
2025-04-30 01:00:01.794083300,3.285083251953125,0.015627268288166,-0.0031775780953466,0.0127484146934452,0.0037121544592082,-0.0351344052145431,0.9886028354599544,-0.0687395933630247,left,-0.0058915019035339,-0.2934309747449578,0.1466948922382202,-9.386339598348735,-0.145833301230244,0.0004327355418354,0.000752855092287,2.836458520677686,1.68979167938e-05
2025-04-30 01:00:01.834083300,3.325083251953125,0.0159248314220798,0.0073944595642387,0.0129031448674342,0.0060344864614307,-0.035180435957638,0.9885818394333428,-0.0687881088381074,left,-0.0005505084991455,-0.293681108404634,0.1494766136449296,-9.38558556511104,-0.1459513978935323,-0.0107672810554504,-0.0003989310935139,2.8388065451085565,0.0006670951843261
2025-04-30 01:00:01.874083300,3.365083251953125,0.0159248314220798,0.0046704895794391,0.0129031448674342,0.0010668667964637,-0.035180435957638,0.9885818394333428,-0.0687881088381074,left,0.0032369494438171,-0.293681108404634,0.1494766136449296,-9.38558556511104,-0.1459513978935323,-0.0052422923035919,8.85259360074e-05,2.8388065451085565,-0.0011046230792999
2025-04-30 01:00:01.914083300,3.405083251953125,0.0159248314220798,0.0027457708492875,0.0129031448674342,0.0012480850564315,-0.035180435957638,0.9885818394333428,-0.0687881088381074,left,0.0014525055885314,-0.293681108404634,0.1494766136449296,-9.38558556511104,-0.1459513978935323,-0.0020570387132465,0.0002065645530819,2.8388065451085565,-0.0001384317874908
2025-04-30 01:00:01.954083300,3.445083251953125,0.0159248314220798,-0.000617493642494,0.0129031448674342,0.0007983053801581,-0.035180435957638,0.9885818394333428,-0.0687881088381074,left,0.0007060170173645,-0.293681108404634,0.1494766136449296,-9.38558556511104,-0.1459513978935323,-0.0016809435328468,0.000264604575932,2.8388065451085565,0.0002568066120147
2025-04-30 01:00:01.994083000,3.4850830078125,0.0159248314220798,-0.0002589341311249,0.0129031448674342,0.0003347540623508,-0.035180435957638,0.9885818394333428,-0.0687881088381074,left,0.0005102753639221,-0.293681108404634,0.1494766136449296,-9.38558556511104,-0.1459513978935323,-0.00070487143239,0.0008293455466628,2.8388065451085565,0.0003293454647064
2025-04-30 01:00:02.034083300,3.525083251953125,0.0159248314220798,0.0007936207111924,0.0129031448674342,-0.001629440113902,-0.035180435957638,0.9885818394333428,-0.0687881088381074,left,0.0026609897613525,-0.293681108404634,0.1494766136449296,-9.38558556511104,-0.1459513978935323,0.0050063417293131,-0.0003424491733312,2.8388065451085565,-0.0010179281234741
2025-04-30 01:00:02.074083300,3.565083251953125,0.0159248314220798,0.0069509288296103,0.0129031448674342,0.0042956336401402,-0.035180435957638,0.9885818394333428,-0.0687881088381074,left,-0.0015789866447448,-0.293681108404634,0.1494766136449296,-9.38558556511104,-0.1459513978935323,0.0098905535414814,0.0006483225151896,2.8388065451085565,-0.0019742250442504
2025-04-30 01:00:02.114083300,3.605083251953125,0.0163662665472053,0.0037191433366388,0.0130858469885606,0.0010936530306935,-0.0349989931994407,0.9886045825089752,-0.0683566341139609,left,0.0005149841308593,-0.2934352598108664,0.1536311486416496,-9.386216264230011,-0.1458249183777812,0.0037980005145072,-0.000287196598947,2.836498852688074,-0.0019101202487945
2025-04-30 01:00:02.154083300,3.645083251953125,0.0163662665472053,0.0016390339005738,0.0130858469885606,0.001155087724328,-0.0349989931994407,0.9886045825089752,-0.0683566341139609,left,0.0005019307136535,-0.2934352598108664,0.1536311486416496,-9.386216264230011,-0.1458249183777812,-0.002992286812514,0.001576330512762,2.836498852688074,-0.0012935101985931
2025-04-30 01:00:02.194083300,3.685083251953125,0.0163662665472053,0.0020847141277045,0.0130858469885606,-0.0005912672495469,-0.0349989931994407,0.9886045825089752,-0.0683566341139609,left,0.0010454058647155,-0.2934352598108664,0.1536311486416496,-9.386216264230011,-0.1458249183777812,-0.0030669057741761,0.0006434693932533,2.836498852688074,-0.0003590583801269
2025-04-30 01:00:02.234083000,3.7250830078125,0.0163662665472053,0.0040203700773417,0.0130858469885606,-0.0031115692108869,-0.0349989931994407,0.9886045825089752,-0.0683566341139609,left,0.0002328157424926,-0.2934352598108664,0.1536311486416496,-9.386216264230011,-0.1458249183777812,-0.0027897274121642,0.0007485300302505,2.836498852688074,-0.0004189908504486
2025-04-30 01:00:02.274083000,3.7650830078125,0.0163662665472053,0.0009197019971907,0.0130858469885606,-0.0051279296167194,-0.0349989931994407,0.9886045825089752,-0.0683566341139609,left,0.0007819533348083,-0.2934352598108664,0.1536311486416496,-9.386216264230011,-0.1458249183777812,-0.0023217562120407,0.0011493451893329,2.836498852688074,-0.0005120933055877
2025-04-30 01:00:02.314083300,3.805083251953125,0.0161419575871594,0.0019470447441563,0.0129591514785325,-0.0096277305856347,-0.0348183312399489,0.9885732820387592,-0.0680226307683573,left,0.0018998384475708,-0.2939610642829281,0.151501625799667,-9.384757882115244,-0.1460909427063228,-0.0037383870221674,0.000500027090311,2.8414342632636425,0.0006122291088104
2025-04-30 01:00:02.354083300,3.845083251953125,0.0157614297854112,0.0050870878621935,0.0127545437344883,-0.0113732479512691,-0.034645972537649,0.9885585559419888,-0.0677292972139981,left,0.000542938709259,-0.2942647563210669,0.147916853514919,-9.383951826429367,-0.1462495569905347,-0.0023529790341854,-0.001359618268907,2.844284684258699,0.0007863044738769
2025-04-30 01:00:02.394083300,3.885083251953125,0.0155030884538671,0.010337321087718,0.0125983905534425,-0.0051712188869714,-0.0344229225394526,0.98855930603453,-0.0673159563456052,left,-0.0009049773216247,-0.2943746986550365,0.1454877358050085,-9.383677101141211,-0.1463109775236326,-0.0001099705696105,-0.0025556627660989,2.845316365393996,0.0009963512420654
2025-04-30 01:00:02.434083300,3.925083251953125,0.0155030884538671,0.0093569066375494,0.0125983905534425,0.0043484168127179,-0.0344229225394526,0.98855930603453,-0.0673159563456052,left,-0.0012270808219909,-0.2943746986550365,0.1454877358050085,-9.383677101141211,-0.1463109775236326,-0.0022730084601789,-0.0019025448709726,2.845316365393996,-0.0008383691310882
2025-04-30 01:00:02.474083000,3.9650830078125,0.0155030884538671,-0.0027385437861084,0.0125983905534425,0.0085851652547717,-0.0344229225394526,0.98855930603453,-0.0673159563456052,left,-0.0010799169540405,-0.2943746986550365,0.1454877358050085,-9.383677101141211,-0.1463109775236326,-0.0011554998345673,0.000430941581726,2.845316365393996,-0.0013531446456909
2025-04-30 01:00:02.514083000,4.0050830078125,0.0155030884538671,-0.0093745365738868,0.0125983905534425,0.0018204324878752,-0.0344229225394526,0.98855930603453,-0.0673159563456052,left,0.0017797946929931,-0.2943746986550365,0.1454877358050085,-9.383677101141211,-0.1463109775236326,0.0026528511662036,0.0011576050892472,2.845316365393996,-0.0027703344821929
2025-04-30 01:00:02.554083300,4.045083251953125,0.0155030884538671,-0.0042037758976221,0.0125983905534425,0.0085911452770233,-0.0344229225394526,0.98855930603453,-0.0673159563456052,left,-0.0035342574119567,-0.2943746986550365,0.1454877358050085,-9.383677101141211,-0.1463109775236326,0.002589386422187,0.0026704827323555,2.845316365393996,0.001813381910324
2025-04-30 01:00:02.594083300,4.085083251953125,0.0162282508038933,0.0009335479699075,0.012952473115542,0.0045550777576863,-0.0344510750723315,0.9885585791847404,-0.0672657180290324,left,0.0015775561332702,-0.2943325496508694,0.1522943288136273,-9.383688791579008,-0.1462779851030347,-0.0014390042051672,0.00092438980937,2.844920936335623,0.0016818046569824
2025-04-30 01:00:02.634083300,4.125083251953125,0.0162282508038933,0.003851625137031,0.012952473115542,-5.81643544137e-05,-0.0344510750723315,0.9885585791847404,-0.0672657180290324,left,0.0024284720420837,-0.2943325496508694,0.1522943288136273,-9.383688791579008,-0.1462779851030347,0.0004833346465602,0.0014422126114368,2.844920936335623,0.0005153119564056
2025-04-30 01:00:02.674083300,4.165083251953125,0.0162282508038933,0.0057066120207309,0.012952473115542,-0.0024072818923741,-0.0344510750723315,0.9885585791847404,-0.0672657180290324,left,0.001452088356018,-0.2943325496508694,0.1522943288136273,-9.383688791579008,-0.1462779851030347,-9.0624729637e-05,0.0006795153021812,2.844920936335623,-9.37283039093e-05
2025-04-30 01:00:02.714083000,4.2050830078125,0.0163843618371199,0.0022928791586309,0.01299531275135,-0.0051495181396603,-0.0342224544165263,0.9885603499071592,-0.0667798426392998,left,0.0002433061599731,-0.2944088793293493,0.1537556700704619,-9.383447968560455,-0.1463161813375831,-0.0025598036590963,0.0002302918583154,2.845637267911434,-0.0004308819770812
2025-04-30 01:00:02.754083000,4.2450830078125,0.0163843618371199,-0.0014947650488466,0.01299531275135,-0.0027477762196213,-0.0342224544165263,0.9885603499071592,-0.0667798426392998,left,-0.0010012984275817,-0.2944088793293493,0.1537556700704619,-9.383447968560455,-0.1463161813375831,-0.0020383647643029,6.3482671976e-05,2.845637267911434,-0.000444620847702
2025-04-30 01:00:02.794083300,4.285083251953125,0.0163843618371199,0.0004045251989737,0.01299531275135,-0.0032649047207087,-0.0342224544165263,0.9885603499071592,-0.0667798426392998,left,-0.0005110502243041,-0.2944088793293493,0.1537556700704619,-9.383447968560455,-0.1463161813375831,0.0053117754869163,-0.0009261425584554,2.845637267911434,-0.0007062554359436
2025-04-30 01:00:02.834083300,4.325083251953125,0.0163843618371199,0.0030194716528058,0.01299531275135,0.004309894517064,-0.0342224544165263,0.9885603499071592,-0.0667798426392998,left,-0.0022190809249877,-0.2944088793293493,0.1537556700704619,-9.383447968560455,-0.1463161813375831,0.0072750467807054,-0.0004528993740677,2.845637267911434,-0.0010024607181549
2025-04-30 01:00:02.874083300,4.365083251953125,0.0163843618371199,0.0026752613484859,0.01299531275135,-0.0006493804976344,-0.0342224544165263,0.9885603499071592,-0.0667798426392998,left,9.17911529541e-05,-0.2944088793293493,0.1537556700704619,-9.383447968560455,-0.1463161813375831,0.0009260578081011,-0.0008795615285634,2.845637267911434,-0.0017761588096618
2025-04-30 01:00:02.914083300,4.405083251953125,0.0163843618371199,0.0010607823496684,0.01299531275135,0.0007344724144786,-0.0342224544165263,0.9885603499071592,-0.0667798426392998,left,-1.311302185e-06,-0.2944088793293493,0.1537556700704619,-9.383447968560455,-0.1463161813375831,-0.0051028602756559,-0.0006215199828147,2.845637267911434,-0.0009011924266815
2025-04-30 01:00:02.954083300,4.445083251953125,0.0163843618371199,0.0003554818104021,0.01299531275135,0.0013390216045081,-0.0342224544165263,0.9885603499071592,-0.0667798426392998,left,0.0007820725440979,-0.2944088793293493,0.1537556700704619,-9.383447968560455,-0.1463161813375831,-0.0077366502955555,-0.0008418755605816,2.845637267911434,-0.0010233521461486
2025-04-30 01:00:02.994083000,4.4850830078125,0.0163843618371199,-0.0011317366734147,0.01299531275135,0.0023122441489249,-0.0342224544165263,0.9885603499071592,-0.0667798426392998,left,0.0001164674758911,-0.2944088793293493,0.1537556700704619,-9.383447968560455,-0.1463161813375831,-0.0061118206940591,-0.0001036655157804,2.845637267911434,-0.0007705390453338
2025-04-30 01:00:03.034083300,4.525083251953125,0.0163843618371199,-0.0039019433315843,0.01299531275135,0.0015485672047361,-0.0342224544165263,0.9885603499071592,-0.0667798426392998,left,0.00099378824234,-0.2944088793293493,0.1537556700704619,-9.383447968560455,-0.1463161813375831,-0.0042678192257881,0.0001842398196458,2.845637267911434,-0.0001614689826965
2025-04-30 01:00:03.074083300,4.565083251953125,0.0163843618371199,-0.0047741434536874,0.01299531275135,-0.0024020429700613,-0.0342224544165263,0.9885603499071592,-0.0667798426392998,left,0.0015864968299865,-0.2944088793293493,0.1537556700704619,-9.383447968560455,-0.1463161813375831,-0.0023895145859569,-0.0004952708259224,2.845637267911434,0.0015663802623748
2025-04-30 01:00:03.114083300,4.605083251953125,0.0163843618371199,0.0012845401652157,0.01299531275135,-0.0045183356851339,-0.0342224544165263,0.9885603499071592,-0.0667798426392998,left,0.0014590620994567,-0.2944088793293493,0.1537556700704619,-9.383447968560455,-0.1463161813375831,-0.0004551602760329,-0.0010055107995867,2.845637267911434,0.0019270479679107
2025-04-30 01:00:03.154083300,4.645083251953125,0.0163843618371199,0.0041319774463772,0.01299531275135,-0.0028674229979515,-0.0342224544165263,0.9885603499071592,-0.0667798426392998,left,0.0010799765586853,-0.2944088793293493,0.1537556700704619,-9.383447968560455,-0.1463161813375831,0.0023932373151183,-0.0010156771168112,2.845637267911434,0.0007077455520629
2025-04-30 01:00:03.194083300,4.685083251953125,0.0163843618371199,-0.0021100183948874,0.01299531275135,-0.0032403550576418,-0.0342224544165263,0.9885603499071592,-0.0667798426392998,left,0.0012909770011901,-0.2944088793293493,0.1537556700704619,-9.383447968560455,-0.1463161813375831,0.0026274491101503,-0.0006690789014101,2.845637267911434,-0.0006622970104217
2025-04-30 01:00:03.234083000,4.7250830078125,0.0163843618371199,-0.0083520151674747,0.01299531275135,-0.0036132873501628,-0.0342224544165263,0.9885603499071592,-0.0667798426392998,left,0.001501977443695,-0.2944088793293493,0.1537556700704619,-9.383447968560455,-0.1463161813375831,0.002861661138013,-0.0003224816173315,2.845637267911434,-0.0020323395729064
2025-04-30 01:00:03.274083000,4.7650830078125,0.0163843618371199,-0.0048778187483549,0.01299531275135,-0.0009031696245074,-0.0342224544165263,0.9885603499071592,-0.0667798426392998,left,0.001307189464569,-0.2944088793293493,0.1537556700704619,-9.383447968560455,-0.1463161813375831,0.0040226327255368,-0.0012493403628468,2.845637267911434,-0.0007733404636383
2025-04-30 01:00:03.314083300,4.805083251953125,0.0157990049896252,0.0023716995492577,0.0127258990487151,0.0012787049636244,-0.0343330811862855,0.988571770164424,-0.0670908145851113,left,-0.0010179877281188,-0.2942318124978078,0.1482709367827512,-9.38404008923471,-0.1462366876332539,0.0015780082903802,-0.0008311150595545,2.843975472179055,-0.0002502501010894
2025-04-30 01:00:03.354083300,4.845083251953125,0.0157990049896252,0.0074144089594483,0.0127258990487151,0.0091247446835041,-0.0343330811862855,0.988571770164424,-0.0670908145851113,left,-0.0005142092704772,-0.2942318124978078,0.1482709367827512,-9.38404008923471,-0.1462366876332539,-0.0056152115575969,-0.0007391972467303,2.843975472179055,0.0001354813575744
2025-04-30 01:00:03.394083300,4.885083251953125,0.0160629433718062,0.0022081350907683,0.0128414650652098,0.0025367620401084,-0.0342150221180464,0.98854953177415,-0.0668118633616659,left,0.0018270015716552,-0.2945771755873437,0.1507319566014222,-9.383017760449649,-0.1464046633559073,-0.0051416410133242,-0.0002120938152074,2.847216646057367,-0.0019963979721069
2025-04-30 01:00:03.434083300,4.925083251953125,0.0160629433718062,-0.0005198372527956,0.0128414650652098,0.0010593277402222,-0.0342150221180464,0.98854953177415,-0.0668118633616659,left,0.0016302466392517,-0.2945771755873437,0.1507319566014222,-9.383017760449649,-0.1464046633559073,-0.0020679791923612,-0.0001207264140248,2.847216646057367,-0.0006639659404754
2025-04-30 01:00:03.474083000,4.9650830078125,0.0160629433718062,0.0012724802363663,0.0128414650652098,0.0005495797377079,-0.0342150221180464,0.98854953177415,-0.0668118633616659,left,0.0014495849609375,-0.2945771755873437,0.1507319566014222,-9.383017760449649,-0.1464046633559073,-0.0011574903037399,-0.0003506215289235,2.847216646057367,0.000797301530838
2025-04-30 01:00:03.514083000,5.0050830078125,0.0160629433718062,0.0011480568209663,0.0128414650652098,-0.0015461521688848,-0.0342150221180464,0.98854953177415,-0.0668118633616659,left,0.0007211565971374,-0.2945771755873437,0.1507319566014222,-9.383017760449649,-0.1464046633559073,-0.0023659155704081,-0.0001219939440488,2.847216646057367,0.0005888640880584
2025-04-30 01:00:03.554083300,5.045083251953125,0.0160629433718062,-0.0004051045980304,0.0128414650652098,0.0003251704620197,-0.0342150221180464,0.98854953177415,-0.0668118633616659,left,0.00079345703125,-0.2945771755873437,0.1507319566014222,-9.383017760449649,-0.1464046633559073,-0.0017143880249932,2.0015053451e-05,2.847216646057367,0.0009514391422271
2025-04-30 01:00:03.594083300,5.085083251953125,0.0160629433718062,9.58361197263e-05,0.0128414650652098,-0.0011848887661471,-0.0342150221180464,0.98854953177415,-0.0668118633616659,left,0.0012549757957458,-0.2945771755873437,0.1507319566014222,-9.383017760449649,-0.1464046633559073,0.0056175682693719,-0.0004020296037197,2.847216646057367,-0.0016433894634246
2025-04-30 01:00:03.634083300,5.125083251953125,0.0160629433718062,-0.0007665453013032,0.0128414650652098,0.0009276614291593,-0.0342150221180464,0.98854953177415,-0.0668118633616659,left,0.0012991428375244,-0.2945771755873437,0.1507319566014222,-9.383017760449649,-0.1464046633559073,0.0077399490401148,-0.000490628182888,2.847216646057367,-0.0014729499816894
2025-04-30 01:00:03.674083300,5.165083251953125,0.0160629433718062,0.0008038985542953,0.0128414650652098,-0.0017106687882915,-0.0342150221180464,0.98854953177415,-0.0668118633616659,left,0.0005780458450317,-0.2945771755873437,0.1507319566014222,-9.383017760449649,-0.1464046633559073,0.0003011492080986,-0.000160570256412,2.847216646057367,-0.0006968975067138
2025-04-30 01:00:03.714083000,5.2050830078125,0.0160629433718062,0.0011731990380212,0.0128414650652098,-0.0007968241698108,-0.0342150221180464,0.98854953177415,-0.0668118633616659,left,0.0006916522979736,-0.2945771755873437,0.1507319566014222,-9.383017760449649,-0.1464046633559073,-0.0045784278772771,-0.0004443479701876,2.847216646057367,-0.0011832118034362
2025-04-30 01:00:03.754083000,5.2450830078125,0.0160629433718062,-0.0031323255971074,0.0128414650652098,0.0008260199683718,-0.0342150221180464,0.98854953177415,-0.0668118633616659,left,0.0008067488670349,-0.2945771755873437,0.1507319566014222,-9.383017760449649,-0.1464046633559073,-0.0056176232174038,-0.0003332896158099,2.847216646057367,-0.0004798769950866
2025-04-30 01:00:03.794083300,5.285083251953125,0.0161151323444607,-0.0068055009469389,0.012896040351034,-0.0002671994152478,-0.0343534672473295,0.9885032915300056,-0.0670825058949325,left,0.0003661513328552,-0.2951378634198605,0.1511958934518974,-9.38141207881868,-0.1466791817795915,-0.0029864248353987,-0.0001513110473752,2.852477927586436,-0.000217854976654
2025-04-30 01:00:03.834083300,5.325083251953125,0.0161151323444607,-0.0034925292711704,0.012896040351034,-0.0001097904023481,-0.0343534672473295,0.9885032915300056,-0.0670825058949325,left,0.0009670257568359,-0.2951378634198605,0.1511958934518974,-9.38141207881868,-0.1466791817795915,0.0009951607789844,-1.75964087247e-05,2.852477927586436,0.0008394122123718
2025-04-30 01:00:03.874083300,5.365083251953125,0.0161151323444607,-0.0019927797839045,0.012896040351034,-0.0014674722915515,-0.0343534672473295,0.9885032915300056,-0.0670825058949325,left,0.0007494688034057,-0.2951378634198605,0.1511958934518974,-9.38141207881868,-0.1466791817795915,0.0023232167586684,-0.0005781566724181,2.852477927586436,0.0010047256946563
2025-04-30 01:00:03.914083300,5.405083251953125,0.0161151323444607,-0.0009092609398066,0.012896040351034,-0.0020953551866114,-0.0343534672473295,0.9885032915300056,-0.0670825058949325,left,0.0003620982170104,-0.2951378634198605,0.1511958934518974,-9.38141207881868,-0.1466791817795915,0.0005816594930365,-0.0004283916205167,2.852477927586436,0.0005346834659576
2025-04-30 01:00:03.954083300,5.445083251953125,0.0161151323444607,-0.0005839502555318,0.012896040351034,-0.0006233492167666,-0.0343534672473295,0.9885032915300056,-0.0670825058949325,left,-0.0013840794563293,-0.2951378634198605,0.1511958934518974,-9.38141207881868,-0.1466791817795915,-0.0007297086995095,-0.0011054910719394,2.852477927586436,-0.0010123252868652
2025-04-30 01:00:03.994083000,5.4850830078125,0.0161151323444607,-0.0032258264254778,0.012896040351034,0.0024147368967533,-0.0343534672473295,0.9885032915300056,-0.0670825058949325,left,0.0001919865608215,-0.2951378634198605,0.1511958934518974,-9.38141207881868,-0.1466791817795915,0.0010714780073612,-0.000469327904284,2.852477927586436,-0.0012980997562408
2025-04-30 01:00:04.034083300,5.525083251953125,0.0159325723777644,-0.0057434933260083,0.0128448121230693,0.001973615726456,-0.0346144400795246,0.9885028025781504,-0.0676379299023521,left,-0.0013918280601501,-0.2950305150013835,0.1494881031533237,-9.38174584081769,-0.1466256919513995,0.0026383460499346,1.25365331768e-05,2.851470504109561,-0.0006675720214843
2025-04-30 01:00:04.074083300,5.565083251953125,0.0159325723777644,-0.0034378040581941,0.0128448121230693,-0.0033330537844449,-0.0346144400795246,0.9885028025781504,-0.0676379299023521,left,0.0041148662567138,-0.2950305150013835,0.1494881031533237,-9.38174584081769,-0.1466256919513995,0.0044527351856231,-0.0013793278485536,2.851470504109561,-0.0019960403442382
2025-04-30 01:00:04.114083300,5.605083251953125,0.0159325723777644,0.0010435422882437,0.0128448121230693,0.0035335409920662,-0.0346144400795246,0.9885028025781504,-0.0676379299023521,left,-0.0018975138664245,-0.2950305150013835,0.1494881031533237,-9.38174584081769,-0.1466256919513995,0.0010289109777659,0.0001369463279843,2.851470504109561,-0.0007064938545227
2025-04-30 01:00:04.154083300,5.645083251953125,0.0159325723777644,0.0017468543956056,0.0128448121230693,0.0064871702343225,-0.0346144400795246,0.9885028025781504,-0.0676379299023521,left,0.0009719729423522,-0.2950305150013835,0.1494881031533237,-9.38174584081769,-0.1466256919513995,-0.0093940775841474,-8.2924962043e-06,2.851470504109561,-0.0005987882614135
2025-04-30 01:00:04.194083300,5.685083251953125,0.0159325723777644,0.0002976944670081,0.0128448121230693,0.0025591314770281,-0.0346144400795246,0.9885028025781504,-0.0676379299023521,left,0.002173364162445,-0.2950305150013835,0.1494881031533237,-9.38174584081769,-0.1466256919513995,-0.0077565242536365,0.0008722208440303,2.851470504109561,-0.000972181558609
2025-04-30 01:00:04.234083000,5.7250830078125,0.0163234326139452,0.0008732971036806,0.013045168252932,0.001922300318256,-0.0346567980836944,0.9884760113434112,-0.0676646442954078,left,0.0010015964508056,-0.2953538429199453,0.1531399858575314,-9.380764428564904,-0.1467785655520489,-0.0034514172002673,0.000401884317398,2.854504172717035,-0.0004480183124542
2025-04-30 01:00:04.274083000,5.7650830078125,0.0163234326139452,-0.0008350547868758,0.013045168252932,0.0011313476134091,-0.0346567980836944,0.9884760113434112,-0.0676646442954078,left,0.0006223320960998,-0.2953538429199453,0.1531399858575314,-9.380764428564904,-0.1467785655520489,-0.0046701594255864,0.0008335579186677,2.854504172717035,-0.0001289546489715
2025-04-30 01:00:04.314083300,5.805083251953125,0.0163234326139452,-0.0018544631311669,0.013045168252932,-0.0009595262818038,-0.0346567980836944,0.9884760113434112,-0.0676646442954078,left,0.0001992583274841,-0.2953538429199453,0.1531399858575314,-9.380764428564904,-0.1467785655520489,-0.002403253223747,0.001418886706233,2.854504172717035,-0.0003990232944488
2025-04-30 01:00:04.354083300,5.845083251953125,0.0163234326139452,0.0005400188965722,0.013045168252932,-0.0038306845817714,-0.0346567980836944,0.9884760113434112,-0.0676646442954078,left,0.0016623139381408,-0.2953538429199453,0.1531399858575314,-9.380764428564904,-0.1467785655520489,0.0020008054561913,0.0001975409686565,2.854504172717035,-0.0004667043685913
2025-04-30 01:00:04.394083300,5.885083251953125,0.0163234326139452,0.0049143992364406,0.013045168252932,-4.41938173025e-05,-0.0346567980836944,0.9884760113434112,-0.0676646442954078,left,-0.0012017488479614,-0.2953538429199453,0.1531399858575314,-9.380764428564904,-0.1467785655520489,0.007425527088344,0.0011665821075439,2.854504172717035,-0.0011712908744812
2025-04-30 01:00:04.434083300,5.925083251953125,0.0163234326139452,0.0044699250720441,0.013045168252932,-0.0020171962678432,-0.0346567980836944,0.9884760113434112,-0.0676646442954078,left,-0.0004603266716003,-0.2953538429199453,0.1531399858575314,-9.380764428564904,-0.1467785655520489,0.0024076867848634,0.0011034589260816,2.854504172717035,-0.0006647706031799
2025-04-30 01:00:04.474083000,5.9650830078125,0.0163234326139452,0.0026380117051303,0.013045168252932,-0.002677883952856,-0.0346567980836944,0.9884760113434112,-0.0676646442954078,left,1.3709068298e-06,-0.2953538429199453,0.1531399858575314,-9.380764428564904,-0.1467785655520489,-0.0006732568144798,0.0014367811381816,2.854504172717035,-0.0004725158214569
2025-04-30 01:00:04.514083000,6.0050830078125,0.0163234326139452,0.0034132506698369,0.013045168252932,-0.0018378294771537,-0.0346567980836944,0.9884760113434112,-0.0676646442954078,left,0.0012362599372863,-0.2953538429199453,0.1531399858575314,-9.380764428564904,-0.1467785655520489,-0.0008826704579405,0.0007654130458831,2.854504172717035,-0.0004766583442687
2025-04-30 01:00:04.554083300,6.045083251953125,0.0161247427183969,0.0023123431019484,0.0129266417958851,-0.0057159187272191,-0.0344788776577696,0.9884647634220326,-0.0673334050230433,left,0.0009397268295288,-0.2956020481260747,0.1512646843717899,-9.38008579865098,-0.1469068280831458,-0.0021563055925071,0.0001843431964516,2.856832907925546,-0.0005537271499633
2025-04-30 01:00:04.594083300,6.085083251953125,0.0157532468130012,0.0010661830892786,0.0127330015130608,-0.0124471569433808,-0.0343599278570776,0.9884535989366388,-0.0671472900302181,left,0.0009997487068176,-0.2958290382813191,0.1477697914607357,-9.379492508932948,-0.1470266110664758,-0.0042687384411692,-0.0010006241500377,2.858962028908729,0.0001032352447509
2025-04-30 01:00:04.634083300,6.125083251953125,0.0157532468130012,0.0031689330935478,0.0127330015130608,-0.0101739764213562,-0.0343599278570776,0.9884535989366388,-0.0671472900302181,left,-4.05311584472e-05,-0.2958290382813191,0.1477697914607357,-9.379492508932948,-0.1470266110664758,-0.0005720076151192,-0.0019350061193108,2.858962028908729,9.78708267211e-05
2025-04-30 01:00:04.674083300,6.165083251953125,0.0157532468130012,0.0027062746230512,0.0127330015130608,-0.0050044083036482,-0.0343599278570776,0.9884535989366388,-0.0671472900302181,left,0.0003274083137512,-0.2958290382813191,0.1477697914607357,-9.379492508932948,-0.1470266110664758,0.0027713363524526,-0.0015406189486384,2.858962028908729,-0.0003127455711364
2025-04-30 01:00:04.714083000,6.2050830078125,0.0153232748548195,0.0016013559652492,0.0125004281698164,-0.0016030836850404,-0.0342101983017664,0.9884720546285718,-0.0669087132266704,left,0.0008768439292907,-0.2956706543128446,0.1437437964808195,-9.380008057239651,-0.1469572066105731,0.0037065208889544,-0.0010656546801328,2.8574764665260908,-0.0008063912391662
2025-04-30 01:00:04.754083000,6.2450830078125,0.0153232748548195,0.0010820785537362,0.0125004281698164,-0.0014004306867718,-0.0342101983017664,0.9884720546285718,-0.0669087132266704,left,0.0010751485824584,-0.2956706543128446,0.1437437964808195,-9.380008057239651,-0.1469572066105731,0.003680724883452,-0.0008032536134123,2.8574764665260908,-0.000529408454895
2025-04-30 01:00:04.794083300,6.285083251953125,0.0150235756680286,-0.0013257977552711,0.0123469443490824,0.0006690074224025,-0.0341849114509826,0.9884967628111854,-0.0669028886721351,left,-0.0008577704429626,-0.2953620712022736,0.1409458545916713,-9.380932186347245,-0.1468098399921838,0.0046960790641605,9.71322879195e-05,2.8545813296064733,-0.0011768639087677
2025-04-30 01:00:04.834083300,6.325083251953125,0.0150235756680286,-0.0037983527872711,0.0123469443490824,-0.000775947002694,-0.0341849114509826,0.9884967628111854,-0.0669028886721351,left,0.0023771524429321,-0.2953620712022736,0.1409458545916713,-9.380932186347245,-0.1468098399921838,0.0101132867857813,-0.0013516303151845,2.8545813296064733,-0.0035151243209838
2025-04-30 01:00:04.874083300,6.365083251953125,0.0151529252487295,-0.0012224842794239,0.0124094698113315,0.0089941304177045,-0.0342569726351588,0.9885434695240904,-0.0670312296222145,left,-0.0024800896644592,-0.2946860682760853,0.1421884750639088,-9.382841234838962,-0.1464726906040157,0.006693682167679,0.0003779493272304,2.84823839032054,-0.0004521906375885
2025-04-30 01:00:04.914083300,6.405083251953125,0.0156245657584739,0.0013179096858948,0.0126304458036282,0.0077066654339432,-0.0342295442575347,0.9885564960931738,-0.0669063937321157,left,0.001707375049591,-0.2944982529917713,0.1466221466624178,-9.383307683306931,-0.1463725509219613,-0.0026137768290936,-0.0004943562671542,2.846476056823134,-0.0007616281509399
2025-04-30 01:00:04.954083300,6.445083251953125,0.0156245657584739,0.0033306600525975,0.0126304458036282,0.0013454356230795,-0.0342295442575347,0.9885564960931738,-0.0669063937321157,left,0.0019977688789367,-0.2944982529917713,0.1466221466624178,-9.383307683306931,-0.1463725509219613,-0.0035632108338177,-5.22285699844e-05,2.846476056823134,-0.0014100670814514
2025-04-30 01:00:04.994083000,6.4850830078125,0.0156245657584739,0.0058846333995461,0.0126304458036282,0.0008516961243003,-0.0342295442575347,0.9885564960931738,-0.0669063937321157,left,0.0009894967079162,-0.2944982529917713,0.1466221466624178,-9.383307683306931,-0.1463725509219613,-0.002348240930587,0.0002190796658396,2.846476056823134,-0.0005360543727874
2025-04-30 01:00:05.034083300,6.525083251953125,0.0156245657584739,0.0024583383928984,0.0126304458036282,-0.0017102719284594,-0.0342295442575347,0.9885564960931738,-0.0669063937321157,left,0.0008953809738159,-0.2944982529917713,0.1466221466624178,-9.383307683306931,-0.1463725509219613,-0.0039565311744809,0.0001899404451251,2.846476056823134,-0.0003693401813507
2025-04-30 01:00:05.074083300,6.565083251953125,0.0157655064521583,-0.0024151697289198,0.0126783859117116,-0.0016785959014669,-0.0340636018264424,0.9885411250509684,-0.066548972619488,left,-0.0006497502326965,-0.2947774842786088,0.1479320967498235,-9.38249169074893,-0.1465104430606282,-0.0015578044112771,0.0001403614878654,2.849096176193654,-0.0005730092525482
2025-04-30 01:00:05.114083300,6.605083251953125,0.0157655064521583,-0.0019254415528848,0.0126783859117116,-0.0021505581680685,-0.0340636018264424,0.9885411250509684,-0.066548972619488,left,-0.0005340576171875,-0.2947774842786088,0.1479320967498235,-9.38249169074893,-0.1465104430606282,0.00331765669398,-0.0014309482648968,2.849096176193654,0.0002760887145996
2025-04-30 01:00:05.154083300,6.645083251953125,0.0157655064521583,-0.0015242177760228,0.0126783859117116,0.0014246676582843,-0.0340636018264424,0.9885411250509684,-0.066548972619488,left,-0.0019227266311645,-0.2947774842786088,0.1479320967498235,-9.38249169074893,-0.1465104430606282,0.0079648094251751,-0.0021346556022763,2.849096176193654,-0.0019207000732421
2025-04-30 01:00:05.194083300,6.685083251953125,0.0158967349126989,-0.0046156491152942,0.012745675814361,0.0045687276870012,-0.0341289268816836,0.9885657062397492,-0.0666628073823519,left,-0.0009171962738037,-0.2944057387400896,0.1491801697153132,-9.383530386146903,-0.1463237163052282,0.0035730651579797,-0.0012461002916097,2.845607749556005,-0.0016011595726013
2025-04-30 01:00:05.234083000,6.7250830078125,0.0161892874004692,-0.0050425250083208,0.0129028823592138,0.0102566257119178,-0.0342566352850917,0.9885747456078886,-0.0668785006917013,left,0.0005986094474792,-0.2942064238922249,0.1519345190579071,-9.384053533238172,-0.1462188094268695,0.0048845228739082,0.0007511815056204,2.843737279509008,-0.0027366578578948
2025-04-30 01:00:05.274083000,6.7650830078125,0.01655728490777,-0.004540653899312,0.0130964094282655,0.0082150744274258,-0.0343838871996413,0.9885838762649184,-0.0670821970211083,left,0.0015169382095336,-0.2940024561596162,0.155397409395501,-9.384576680329442,-0.1461103349693387,0.0038030333817005,0.0012640766799449,2.841822970320284,-0.00123131275177
2025-04-30 01:00:05.314083300,6.805083251953125,0.01655728490777,-0.000750730279833,0.0130964094282655,0.0040018898434937,-0.0343838871996413,0.9885838762649184,-0.0670821970211083,left,0.0005815029144287,-0.2940024561596162,0.155397409395501,-9.384576680329442,-0.1461103349693387,0.0016014473512768,0.0023657847195863,2.841822970320284,-0.0008602440357208
2025-04-30 01:00:05.354083300,6.845083251953125,0.01655728490777,0.0003495080163702,0.0130964094282655,0.0012705093249678,-0.0343838871996413,0.9885838762649184,-0.0670821970211083,left,0.0007641911506652,-0.2940024561596162,0.155397409395501,-9.384576680329442,-0.1461103349693387,0.0004306513583287,0.0023492462933063,2.841822970320284,-0.0004886388778686
2025-04-30 01:00:05.394083300,6.885083251953125,0.01655728490777,0.0006516065914183,0.0130964094282655,-0.0017063929699361,-0.0343838871996413,0.9885838762649184,-0.0670821970211083,left,0.0011247992515563,-0.2940024561596162,0.155397409395501,-9.384576680329442,-0.1461103349693387,0.0026063011027872,0.001802060753107,2.841822970320284,0.0002101957798004
2025-04-30 01:00:05.434083300,6.925083251953125,0.01655728490777,0.0044974433258175,0.0130964094282655,-0.005315697286278,-0.0343838871996413,0.9885838762649184,-0.0670821970211083,left,0.0011045336723327,-0.2940024561596162,0.155397409395501,-9.384576680329442,-0.1461103349693387,0.0033740582875907,0.0004513803869485,2.841822970320284,0.00076624751091
2025-04-30 01:00:05.474083000,6.9650830078125,0.01655728490777,0.0070549347437918,0.0130964094282655,-0.0036127888597548,-0.0343838871996413,0.9885838762649184,-0.0670821970211083,left,0.000409722328186,-0.2940024561596162,0.155397409395501,-9.384576680329442,-0.1461103349693387,0.0047678174450993,-0.0003906562924385,2.841822970320284,-0.0013788640499114
2025-04-30 01:00:05.514083000,7.0050830078125,0.0163989750834346,0.003882136195898,0.0129807828116547,-0.002689552726224,-0.0341778625147421,0.988631972604224,-0.0666905855807467,left,0.0001947879791259,-0.2934507336253784,0.1539374381118454,-9.386167164391278,-0.145842870542396,0.0051405127160251,-0.0008678678423166,2.836644106377661,-0.0027013421058654
2025-04-30 01:00:05.554083300,7.045083251953125,0.0161142026434842,-0.0022071981802582,0.012828929299961,-0.0058938637375831,-0.0341195588546555,0.988661065427932,-0.0666157635520017,left,-0.0002602934837341,-0.2930963909553172,0.1512806947916746,-9.387215212139486,-0.1456730331994493,0.0027188220992684,-0.0007037743926048,2.833317592303455,-0.0023378431797027
2025-04-30 01:00:05.594083300,7.085083251953125,0.0161142026434842,-0.0002008636947721,0.012828929299961,-0.0038042201194912,-0.0341195588546555,0.988661065427932,-0.0666157635520017,left,0.0005479454994201,-0.2930963909553172,0.1512806947916746,-9.387215212139486,-0.1456730331994493,0.0019244502764195,-0.0027582002803683,2.833317592303455,-0.0009740889072418
2025-04-30 01:00:05.634083300,7.125083251953125,0.0161142026434842,0.0060804188251495,0.012828929299961,-0.0005315851885825,-0.0341195588546555,0.988661065427932,-0.0666157635520017,left,-0.0027796030044555,-0.2930963909553172,0.1512806947916746,-9.387215212139486,-0.1456730331994493,-0.0007613874040544,-0.0023757321760058,2.833317592303455,-0.0011765360832214
2025-04-30 01:00:05.674083300,7.165083251953125,0.0161142026434842,0.0078368801623582,0.012828929299961,0.008974908851087,-0.0341195588546555,0.988661065427932,-0.0666157635520017,left,-0.0014263987541198,-0.2930963909553172,0.1512806947916746,-9.387215212139486,-0.1456730331994493,-0.0078025860711932,-0.0017554452642798,2.833317592303455,-0.0010910034179687
2025-04-30 01:00:05.714083000,7.2050830078125,0.0161142026434842,0.0001856097951531,0.012828929299961,0.0044335923157632,-0.0341195588546555,0.988661065427932,-0.0666157635520017,left,0.0007951259613037,-0.2930963909553172,0.1512806947916746,-9.387215212139486,-0.1456730331994493,-0.0085129989311099,-0.0013322997838258,2.833317592303455,-0.0015424489974975
2025-04-30 01:00:05.754083000,7.2450830078125,0.0161142026434842,0.0014951715711504,0.012828929299961,0.0035703682806342,-0.0341195588546555,0.988661065427932,-0.0666157635520017,left,0.0007566809654235,-0.2930963909553172,0.1512806947916746,-9.387215212139486,-0.1456730331994493,-0.0038978336378932,-0.0008304752409458,2.833317592303455,8.00490379333e-05
2025-04-30 01:00:05.794083300,7.285083251953125,0.0164419534787253,0.0035316243302077,0.0129648822004729,0.0032217423431575,-0.0339350696107951,0.9886442901498906,-0.0661932671207548,left,0.000989556312561,-0.2933949800215983,0.1543434250968508,-9.386319140082596,-0.1458177952657419,-0.0018755341880023,-0.0007565831765532,2.836120667025446,0.0009040236473083
2025-04-30 01:00:05.834083300,7.325083251953125,0.0164419534787253,0.0015587906818836,0.0129648822004729,0.00188122340478,-0.0339350696107951,0.9886442901498906,-0.0661932671207548,left,0.0001952648162841,-0.2933949800215983,0.1543434250968508,-9.386319140082596,-0.1458177952657419,-0.0018516180571168,-0.0004298631101846,2.836120667025446,-0.0003833472728729
2025-04-30 01:00:05.874083300,7.365083251953125,0.0164419534787253,-0.0013367428909987,0.0129648822004729,0.0014838259667158,-0.0339350696107951,0.9886442901498906,-0.0661932671207548,left,0.0005161166191101,-0.2933949800215983,0.1543434250968508,-9.386319140082596,-0.1458177952657419,-0.0003561386838555,-0.0001096539199352,2.836120667025446,-0.0002821683883666
2025-04-30 01:00:05.914083300,7.405083251953125,0.0164419534787253,-0.0026444257237017,0.0129648822004729,0.001705028116703,-0.0339350696107951,0.9886442901498906,-0.0661932671207548,left,0.0007076859474182,-0.2933949800215983,0.1543434250968508,-9.386319140082596,-0.1458177952657419,0.0058335540816187,-2.25137919187e-05,2.836120667025446,-0.0018665194511413
2025-04-30 01:00:05.954083300,7.445083251953125,0.0164419534787253,-0.0025218348018825,0.0129648822004729,0.0044728559441864,-0.0339350696107951,0.9886442901498906,-0.0661932671207548,left,0.000651478767395,-0.2933949800215983,0.1543434250968508,-9.386319140082596,-0.1458177952657419,0.0053404169157147,0.0001854188740253,2.836120667025446,-0.0013899207115173
2025-04-30 01:00:05.994083000,7.4850830078125,0.0164419534787253,-1.4272518455982208e-07,0.0129648822004729,0.00122912065126,-0.0339350696107951,0.9886442901498906,-0.0661932671207548,left,0.0006281733512878,-0.2933949800215983,0.1543434250968508,-9.386319140082596,-0.1458177952657419,0.0010154098272323,0.000350497663021,2.836120667025446,-0.0011475384235382
2025-04-30 01:00:06.034083300,7.525083251953125,0.0169211054941419,0.0016122200759127,0.0131998906640892,0.0023096117656677,-0.0339643475972343,0.9886461555678292,-0.0661820615620672,left,0.0010026693344116,-0.2933296296847595,0.1588440244517289,-9.386429030197858,-0.1457774242058179,-0.0024015039671212,-0.0001584012061357,2.835507211302221,-0.001195877790451
2025-04-30 01:00:06.074083300,7.565083251953125,0.0169211054941419,-0.0013938405318185,0.0131998906640892,0.0026191989891231,-0.0339643475972343,0.9886461555678292,-0.0661820615620672,left,0.0005249977111816,-0.2933296296847595,0.1588440244517289,-9.386429030197858,-0.1457774242058179,-0.0056264074519276,0.000160964205861,2.835507211302221,-0.0004883408546447
2025-04-30 01:00:06.114083300,7.605083251953125,0.0170270825364249,-0.0013841842301189,0.0132722925443052,0.0012713940814137,-0.0340846794376111,0.988625508180154,-0.0664090707647767,left,0.0007558465003967,-0.2935491820498255,0.1598281583845615,-9.38578956325054,-0.1458826587228454,-0.0038060604128986,-0.000124929472804,2.8375682354852554,0.0002439022064208
2025-04-30 01:00:06.154083300,7.645083251953125,0.0170270825364249,-0.0013745279284194,0.0132722925443052,-7.64107098802e-05,-0.0340846794376111,0.988625508180154,-0.0664090707647767,left,0.0010519623756408,-0.2935491820498255,0.1598281583845615,-9.38578956325054,-0.1458826587228454,-0.0019857133738696,-0.0003104731440544,2.8375682354852554,0.0011863112449645
2025-04-30 01:00:06.194083300,7.685083251953125,0.0170270825364249,0.0018775752978399,0.0132722925443052,-0.0001989654992939,-0.0340846794376111,0.988625508180154,-0.0664090707647767,left,0.0007480978965759,-0.2935491820498255,0.1598281583845615,-9.38578956325054,-0.1458826587228454,0.0017141455318778,-0.0009737070649862,2.8375682354852554,0.0013798475265502
2025-04-30 01:00:06.234083000,7.7250830078125,0.0170270825364249,0.0040066428482532,0.0132722925443052,-0.0019095136085525,-0.0340846794376111,0.988625508180154,-0.0664090707647767,left,0.0007227063179016,-0.2935491820498255,0.1598281583845615,-9.38578956325054,-0.1458826587228454,0.0018320472445338,-0.0006302986294031,2.8375682354852554,0.0003925859928131
2025-04-30 01:00:06.274083000,7.7650830078125,0.0170270825364249,0.0028235996142029,0.0132722925443052,-0.0018806933658197,-0.0340846794376111,0.988625508180154,-0.0664090707647767,left,-0.0006850957870483,-0.2935491820498255,0.1598281583845615,-9.38578956325054,-0.1458826587228454,0.0015028094640001,-0.0005291141569614,2.8375682354852554,-0.0008629262447357
2025-04-30 01:00:06.314083300,7.805083251953125,0.0170270825364249,-0.0036212294362485,0.0132722925443052,-0.0024030483327805,-0.0340846794376111,0.988625508180154,-0.0664090707647767,left,-0.00064218044281,-0.2935491820498255,0.1598281583845615,-9.38578956325054,-0.1458826587228454,0.0015482337912544,-0.0004076566547155,2.8375682354852554,-0.001814991235733
2025-04-30 01:00:06.354083300,7.845083251953125,0.0170270825364249,-0.0100660584867,0.0132722925443052,-0.0029254031833261,-0.0340846794376111,0.988625508180154,-0.0664090707647767,left,-0.000599205493927,-0.2935491820498255,0.1598281583845615,-9.38578956325054,-0.1458826587228454,0.0015936581185087,-0.0002861991524696,2.8375682354852554,-0.0027670860290527
2025-04-30 01:00:06.394083300,7.885083251953125,0.0170270825364249,-0.0051990859210491,0.0132722925443052,-0.0030690156854689,-0.0340846794376111,0.988625508180154,-0.0664090707647767,left,0.0026159286499023,-0.2935491820498255,0.1598281583845615,-9.38578956325054,-0.1458826587228454,0.003445295151323,-0.0017943540588021,2.8375682354852554,-0.0013257563114166
2025-04-30 01:00:06.434083300,7.925083251953125,0.0170270825364249,-0.0010901684872806,0.0132722925443052,0.0019506411626935,-0.0340846794376111,0.988625508180154,-0.0664090707647767,left,0.0021571516990661,-0.2935491820498255,0.1598281583845615,-9.38578956325054,-0.1458826587228454,-0.0023710415698587,-0.0010834299027919,2.8375682354852554,-0.0009982883930206
2025-04-30 01:00:06.474083000,7.9650830078125,0.0170270825364249,0.0030187489464879,0.0132722925443052,0.0069702975451946,-0.0340846794376111,0.988625508180154,-0.0664090707647767,left,0.0016983747482299,-0.2935491820498255,0.1598281583845615,-9.38578956325054,-0.1458826587228454,-0.0081873778253793,-0.0003725066781044,2.8375682354852554,-0.0006708204746246
2025-04-30 01:00:06.514083000,8.0050830078125,0.0170270825364249,2.48374417424e-05,0.0132722925443052,0.0016664844006299,-0.0340846794376111,0.988625508180154,-0.0664090707647767,left,0.0024089813232421,-0.2935491820498255,0.1598281583845615,-9.38578956325054,-0.1458826587228454,-0.009663937613368,0.0004103016108274,2.8375682354852554,-0.0017839968204498
2025-04-30 01:00:06.554083300,8.045083251953125,0.0170270825364249,1.2348803466e-05,0.0132722925443052,0.0008285510120913,-0.0340846794376111,0.988625508180154,-0.0664090707647767,left,0.0016258358955383,-0.2935491820498255,0.1598281583845615,-9.38578956325054,-0.1458826587228454,-0.0048047648742794,0.0005582813173532,2.8375682354852554,-0.000276893377304
2025-04-30 01:00:06.594083300,8.085083251953124,0.0170270825364249,0.0009179761982522,0.0132722925443052,-0.0002781440271064,-0.0340846794376111,0.988625508180154,-0.0664090707647767,left,0.0008713006973266,-0.2935491820498255,0.1598281583845615,-9.38578956325054,-0.1458826587228454,-0.0036315158940851,0.0001132097095251,2.8375682354852554,-9.06884670257e-05
2025-04-30 01:00:06.634083300,8.125083251953125,0.0170270825364249,0.0018236035248264,0.0132722925443052,-0.0013848388334736,-0.0340846794376111,0.988625508180154,-0.0664090707647767,left,0.0001167654991149,-0.2935491820498255,0.1598281583845615,-9.38578956325054,-0.1458826587228454,-0.0024582669138908,-0.000331861898303,2.8375682354852554,9.55462455749e-05
2025-04-30 01:00:06.674083300,8.165083251953124,0.0170270825364249,0.0001655652886256,0.0132722925443052,-0.0032956758514046,-0.0340846794376111,0.988625508180154,-0.0664090707647767,left,0.0024606585502624,-0.2935491820498255,0.1598281583845615,-9.38578956325054,-0.1458826587228454,0.0022110939025878,-0.0016582766547799,2.8375682354852554,-0.0016780197620391
2025-04-30 01:00:06.714083000,8.2050830078125,0.0170270825364249,-0.0009010201320052,0.0132722925443052,-0.001165744382888,-0.0340846794376111,0.988625508180154,-0.0664090707647767,left,0.0013396143913269,-0.2935491820498255,0.1598281583845615,-9.38578956325054,-0.1458826587228454,0.0012954261619597,-0.0013503087684512,2.8375682354852554,-0.0013234615325927
2025-04-30 01:00:06.754083000,8.2450830078125,0.0170270825364249,-0.0019676056690514,0.0132722925443052,0.0009641868527978,-0.0340846794376111,0.988625508180154,-0.0664090707647767,left,0.0002185702323913,-0.2935491820498255,0.1598281583845615,-9.38578956325054,-0.1458826587228454,0.0003797583631239,-0.0010423399507999,2.8375682354852554,-0.0009689033031463
2025-04-30 01:00:06.794083300,8.285083251953125,0.0170270825364249,-0.0030341907404363,0.0132722925443052,0.0030941183213144,-0.0340846794376111,0.988625508180154,-0.0664090707647767,left,-0.0009024739265441,-0.2935491820498255,0.1598281583845615,-9.38578956325054,-0.1458826587228454,-0.0005359093775041,-0.0007343720644712,2.8375682354852554,-0.0006143450736999
2025-04-30 01:00:06.834083300,8.325083251953124,0.0170270825364249,0.0015732711181044,0.0132722925443052,0.005596597213298,-0.0340846794376111,0.988625508180154,-0.0664090707647767,left,-7.99894332885e-05,-0.2935491820498255,0.1598281583845615,-9.38578956325054,-0.1458826587228454,-0.0015252330340445,-0.0006011296063661,2.8375682354852554,-0.0011679530143737
2025-04-30 01:00:06.874083300,8.365083251953125,0.0170270825364249,0.0061807334423065,0.0132722925443052,0.0080990754067897,-0.0340846794376111,0.988625508180154,-0.0664090707647767,left,0.0007425546646118,-0.2935491820498255,0.1598281583845615,-9.38578956325054,-0.1458826587228454,-0.0025145565159618,-0.000467887148261,2.8375682354852554,-0.0017215311527252
2025-04-30 01:00:06.914083300,8.405083251953124,0.0170270825364249,-0.0004570540040731,0.0132722925443052,0.0024626525118947,-0.0340846794376111,0.988625508180154,-0.0664090707647767,left,0.0015261769294738,-0.2935491820498255,0.1598281583845615,-9.38578956325054,-0.1458826587228454,-0.0115534886717796,-0.0002053435891866,2.8375682354852554,-0.0007119476795196
2025-04-30 01:00:06.954083300,8.445083251953125,0.0171648381973664,-0.0065828915685415,0.0133560437042667,0.0001844957005232,-0.0341145153992576,0.988563731850384,-0.0664460909816755,left,0.0017840266227722,-0.2943690107893693,0.1610811358540319,-9.383438031688332,-0.1462853538020891,-0.0113017885014414,-0.0003680028021335,2.845263173902034,-0.0006330609321594
2025-04-30 01:00:06.994083000,8.4850830078125,0.0173026113831826,-0.0127087291330099,0.0134397984191488,-0.0020936611108481,-0.0341443423824241,0.988501871706452,-0.0664830006284756,left,0.0020411014556884,-0.2951888904588864,0.1623334922689944,-9.381080654907226,-0.146688032605023,-0.0110500892624259,-0.0005305875092744,2.8529566510140896,-0.0005539953708648
2025-04-30 01:00:07.034083300,8.525083251953125,0.017103147799621,-0.0071350634098052,0.0133515111452624,-0.0008968097390606,-0.034179909711512,0.9884880580396264,-0.0665839076379996,left,0.0004581809043884,-0.2953719356863925,0.1604533776108175,-9.380590241041778,-0.1467812330235152,-0.0074475770816206,-0.0005056504160165,2.8546739763259885,-0.0012845993041992
2025-04-30 01:00:07.074083300,8.565083251953125,0.0169036499874233,-0.0015613981522619,0.0132632274262965,0.0003000417491421,-0.0342155144584408,0.9884741979764794,-0.0666849338291187,left,-0.0011247396469116,-0.2955549260056437,0.1585731350884772,-9.380099827176332,-0.1468744171656971,-0.0038450646679848,-0.0004807077348232,2.856390717115998,-0.0020151436328887
2025-04-30 01:00:07.114083300,8.605083251953126,0.0169036499874233,0.0040122675709426,0.0132632274262965,0.0014968930045142,-0.0342155144584408,0.9884741979764794,-0.0666849338291187,left,-0.0026577115058898,-0.2955549260056437,0.1585731350884772,-9.380099827176332,-0.1468744171656971,-0.0002425524871796,-0.000647491775453,2.856390717115998,-0.002570629119873
2025-04-30 01:00:07.154083300,8.645083251953125,0.0169036499874233,-0.0052934507839381,0.0132632274262965,0.0049122935160994,-0.0342155144584408,0.9884741979764794,-0.0666849338291187,left,0.0007912516593933,-0.2955549260056437,0.1585731350884772,-9.380099827176332,-0.1468744171656971,0.0025397432036697,0.0001287199556827,2.856390717115998,-0.0021978914737701
2025-04-30 01:00:07.194083300,8.685083251953126,0.0169036499874233,-0.0134819652885198,0.0132632274262965,-0.0005777194164693,-0.0342155144584408,0.9884741979764794,-0.0666849338291187,left,-0.00037682056427,-0.2955549260056437,0.1585731350884772,-9.380099827176332,-0.1468744171656971,0.0021015764214098,0.0010893419384956,2.856390717115998,-0.0026748478412628
2025-04-30 01:00:07.234083000,8.7250830078125,0.0166081077834637,-0.0096362065523862,0.0132000159777464,-0.0094621572643518,-0.0347638557033474,0.9884647972679814,-0.067838704488846,left,0.0078471302986145,-0.2954389662343686,0.1558064103215001,-9.38047742831707,-0.146814565289939,-0.001518721692264,-0.0038168709725141,2.855302921879292,-0.0044896006584167
2025-04-30 01:00:07.274083000,8.7650830078125,0.0166081077834637,0.0032972507178783,0.0132000159777464,0.0087585505098104,-0.0347638557033474,0.9884647972679814,-0.067838704488846,left,-0.0099554061889648,-0.2954389662343686,0.1558064103215001,-9.38047742831707,-0.146814565289939,-0.0098717622458934,0.0019785389304161,2.855302921879292,0.0042255222797393
2025-04-30 01:00:07.314083300,8.805083251953125,0.0171472902208841,0.0096206311136484,0.0134477194808146,0.0042976536788046,-0.0345934958152942,0.9884105633923704,-0.0674111334522739,left,0.004408061504364,-0.2962252356173023,0.1608256267230026,-9.37814401693344,-0.1471966929462548,-0.0167798455804586,-0.0017324248328804,2.8626784190833567,-0.0028600096702575
2025-04-30 01:00:07.354083300,8.845083251953126,0.0171472902208841,0.0038112518377602,0.0134477194808146,-0.0066390209831297,-0.0345934958152942,0.9884105633923704,-0.0674111334522739,left,0.0035189986228942,-0.2962252356173023,0.1608256267230026,-9.37814401693344,-0.1471966929462548,0.002788558602333,-0.0014136331155896,2.8626784190833567,-0.0015274286270141
2025-04-30 01:00:07.394083300,8.885083251953125,0.0171472902208841,0.0069224014878273,0.0134477194808146,-0.0003450149670243,-0.0345934958152942,0.9884105633923704,-0.0674111334522739,left,-0.000856876373291,-0.2962252356173023,0.1608256267230026,-9.37814401693344,-0.1471966929462548,0.0089994743466377,-0.0022302577272057,2.8626784190833567,-7.51316547393e-05
2025-04-30 01:00:07.434083300,8.925083251953126,0.0171511631767404,0.0008249119855463,0.0134009721947315,0.0064266184344887,-0.0343030811572856,0.9884460396352972,-0.0668241556049054,left,-0.0006896257400512,-0.2958815865438085,0.1608788182149641,-9.379126598230004,-0.1470307128556414,0.0063629755750298,-0.0006020925939083,2.85945507312268,-0.00194051861763
2025-04-30 01:00:07.474083000,8.9650830078125,0.0171511631767404,-0.007881075143814,0.0134009721947315,0.0048842993564903,-0.0343030811572856,0.9884460396352972,-0.0668241556049054,left,0.0007097125053405,-0.2958815865438085,0.1608788182149641,-9.379126598230004,-0.1470307128556414,0.0031132926233112,0.0006759259849786,2.85945507312268,-0.0012193024158477
2025-04-30 01:00:07.514083000,9.0050830078125,0.0171511631767404,0.0012274887412786,0.0134009721947315,-0.0053089200519025,-0.0343030811572856,0.9884460396352972,-0.0668241556049054,left,0.0005561709403991,-0.2958815865438085,0.1608788182149641,-9.379126598230004,-0.1470307128556414,0.0080928597599267,-0.0008383262902498,2.85945507312268,-0.0023061037063598
2025-04-30 01:00:07.554083300,9.045083251953123,0.0169697257460639,0.0107453726232051,0.0133034798137251,0.0011104540899395,-0.0343231370007189,0.9885062439027968,-0.066894588866358,left,-0.0019528269767761,-0.2950646897289273,0.1592166754227131,-9.381488066664335,-0.1466295798605624,0.0089577073231339,-0.0003596674650907,2.8517911143660544,-0.0020758211612701
2025-04-30 01:00:07.594083300,9.085083251953124,0.0169697257460639,0.0043340870179235,0.0133034798137251,-0.008579303510487,-0.0343231370007189,0.9885062439027968,-0.066894588866358,left,0.0019084811210632,-0.2950646897289273,0.1592166754227131,-9.381488066664335,-0.1466295798605624,-0.0032011196017265,-0.0055607222020626,2.8517911143660544,-0.0039254128932952
2025-04-30 01:00:07.634083300,9.125083251953123,0.0167192444632189,-0.0026280884630978,0.0131479923950067,0.0012599620968103,-0.0340684548339222,0.9885001670450454,-0.0664157212802147,left,-0.0016841888427734,-0.2952813216673272,0.1568564490973949,-9.380909974515438,-0.1467441048018916,-0.0091228540986776,-0.0039145741611719,2.85382378923744,-0.0031165480613708
2025-04-30 01:00:07.674083300,9.165083251953124,0.0167192444632189,-0.003190029412508,0.0131479923950067,0.0147871151566505,-0.0340684548339222,0.9885001670450454,-0.0664157212802147,left,-0.0020418167114257,-0.2952813216673272,0.1568564490973949,-9.380909974515438,-0.1467441048018916,-0.006928221322596,-0.0052380291745066,2.85382378923744,-0.0022383630275726
2025-04-30 01:00:07.714083000,9.2050830078125,0.0177089539140367,-0.0025006637442857,0.0136527330946548,0.0203473661094903,-0.0341729001660739,0.9884408257320724,-0.0664773922450553,left,-0.0028485655784606,-0.2959816765936016,0.1661053024252876,-9.378749581611157,-0.1470729787814146,-0.0092780953273177,-0.0015414487570524,2.8603941075384616,-0.00244140625
2025-04-30 01:00:07.754083000,9.2450830078125,0.0183526324496182,-0.0151794869452714,0.0140006114183422,0.0168641172349452,-0.034389594363819,0.9884088383455883,-0.0668188498013205,left,0.0018159747123718,-0.2962753737014691,0.172126754671894,-9.377800318062304,-0.1472047454670597,-0.0064749740995466,-0.0009960439056158,2.863148666943609,-0.001889944076538
2025-04-30 01:00:07.794083300,9.285083251953123,0.0187776133860435,-0.0151729406788945,0.0142589791392606,0.0155409695580601,-0.0347246997003642,0.9883806128617234,-0.0674327730830093,left,0.0007373094558715,-0.2964729799434779,0.1761015035217627,-9.377160266593098,-0.1472907315505336,-0.0028640194796025,6.02900981903e-05,2.865002185855806,0.0005646049976348
2025-04-30 01:00:07.834083300,9.325083251953124,0.0192725075416982,-0.0084070740267634,0.0145435421524516,0.0114871188998222,-0.0350091125079797,0.9883540028286656,-0.067933658851819,left,0.0017789006233215,-0.2966660922912993,0.1807315196762792,-9.376518461558222,-0.1473739432895858,-0.0031924846116453,0.0032401364296674,2.866813326931,0.0017117261886596
2025-04-30 01:00:07.874083300,9.365083251953124,0.0195076595700176,-0.0071831177920103,0.0146852145868865,0.0095479171723127,-0.0351961959739104,0.9883455336831932,-0.0682771277079249,left,0.0016834139823913,-0.2966758407478481,0.1829358613201417,-9.37644773440957,-0.1473721243325016,0.0019920209888368,0.0025325547903776,2.866904804606736,0.0020585358142852
2025-04-30 01:00:07.914083300,9.405083251953124,0.0195076595700176,-0.0026668929494917,0.0146852145868865,0.0047674719244241,-0.0351961959739104,0.9883455336831932,-0.0682771277079249,left,0.0006294250488281,-0.2966758407478481,0.1829358613201417,-9.37644773440957,-0.1473721243325016,0.0038873008452355,0.0046998728066682,2.866904804606736,0.0012408196926116
2025-04-30 01:00:07.954083300,9.445083251953124,0.0197291143931716,-0.0089696897193789,0.0148133924194448,0.0018189051188528,-0.0353840915182257,0.9883695739039136,-0.0686263706712917,left,-0.0005189180374145,-0.296245140643526,0.1850366695242933,-9.37764074358642,-0.1471527799353658,0.0120811704546213,0.0043645687401294,2.862865173827112,-0.0026720762252807
2025-04-30 01:00:07.994083000,9.4850830078125,0.0197575862257041,-0.0004530707374215,0.0148354442143825,-0.0076673361472785,-0.0354961067618832,0.9884042435906806,-0.0688512968353738,left,0.0086074471473693,-0.295719337164127,0.1853333691822364,-9.379139457711576,-0.1468907276766816,0.0157777015119791,-0.0003351774066686,2.8579329781219363,-0.0033991634845733
2025-04-30 01:00:08.034083300,9.525083251953124,0.0197575862257041,0.0049938629381358,0.0148354442143825,0.0011318190954625,-0.0354961067618832,0.9884042435906806,-0.0688512968353738,left,-0.0067446231842041,-0.295719337164127,0.1853333691822364,-9.379139457711576,-0.1468907276766816,0.008464477956295,0.0011158715933561,2.8579329781219363,-0.0006217956542968
2025-04-30 01:00:08.074083300,9.565083251953125,0.0199799296044535,0.0134954117238521,0.0148891783805793,-0.0036560427397489,-0.0351924447282296,0.9884541520522084,-0.0682064848771337,left,0.0026331543922424,-0.2951742423086737,0.1874498498795554,-9.380653953927755,-0.1466221712698164,-0.0088363103568553,-0.001895235851407,2.852818996109068,-0.0014363527297973
2025-04-30 01:00:08.114083300,9.605083251953126,0.0197456832312336,0.0097833117470145,0.014752039318911,-0.010821845382452,-0.0349977750505261,0.9884388912182116,-0.0678458191133406,left,0.0027174949645996,-0.2954903749510193,0.1852346580481156,-9.379795291271805,-0.1467852147576309,-0.0056200590915977,-0.0013315696269273,2.855785152438283,-0.0024167895317077
2025-04-30 01:00:08.154083300,9.645083251953125,0.0194664633756067,0.011691365391016,0.0145762163524494,-0.0117058176547288,-0.0347211348065248,0.9884490274604688,-0.0673274765400597,left,0.0013061165809631,-0.2955041268250628,0.1826148492048494,-9.379807566231488,-0.1468006691170943,-7.76494853198e-05,-0.0015456434339284,2.8559140395149587,-0.0010348856449127
2025-04-30 01:00:08.194083300,9.685083251953126,0.0191435318833043,0.0080078672617673,0.0143770765906365,-0.0107335448265075,-0.0344398487344317,0.9884664434580346,-0.066806673805528,left,0.0005767345428466,-0.2954212298482248,0.1795903502845205,-9.38010274978578,-0.146769053807304,0.001281450735405,-0.0016659013926982,2.855136333140731,-0.0015855729579925
2025-04-30 01:00:08.234083000,9.7250830078125,0.0191435318833043,0.0005510509945452,0.0143770765906365,-0.0080618411302566,-0.0344398487344317,0.9884664434580346,-0.066806673805528,left,-0.0020233988761901,-0.2954212298482248,0.1795903502845205,-9.38010274978578,-0.146769053807304,-0.002348719863221,-0.0016946028918027,2.855136333140731,-0.0017724335193634
2025-04-30 01:00:08.274083000,9.7650830078125,0.0183663971001779,-0.0016376923304051,0.0139777377723837,-0.0121328039094805,-0.0342838347572488,0.9884780696865528,-0.0666065565622575,left,0.0032122135162353,-0.295385527153106,0.1723025496302172,-9.380341234716772,-0.1467661699879116,0.0020670082885771,-0.0044676437973976,2.8548014020979404,-0.0027358829975128
2025-04-30 01:00:08.314083300,9.805083251953125,0.0183663971001779,0.0035612157080322,0.0139777377723837,-0.0006045764312148,-0.0342838347572488,0.9884780696865528,-0.0666065565622575,left,-0.0036510229110717,-0.295385527153106,0.1723025496302172,-9.380341234716772,-0.1467661699879116,0.0073502175509929,-0.0004879441112279,2.8548014020979404,-0.0019063651561737
2025-04-30 01:00:08.354083300,9.845083251953126,0.0183663971001779,0.0030809852760285,0.0139777377723837,0.0019374701660126,-0.0342838347572488,0.9884780696865528,-0.0666065565622575,left,0.0005151629447937,-0.295385527153106,0.1723025496302172,-9.380341234716772,-0.1467661699879116,0.0026677045971155,-0.002732858993113,2.8548014020979404,-0.0025234222412109
2025-04-30 01:00:08.394083300,9.885083251953125,0.0182242177051414,0.0021734368056058,0.0138743521641238,-0.003432058962062,-0.0341142675935126,0.9885297632358664,-0.0662871518669142,left,-0.0004478096961975,-0.2947698717490729,0.1710008559145033,-9.382121103870867,-0.1464665199107024,-0.0051663108170032,0.0001235213130712,2.8490248645231127,-0.0023213922977447
2025-04-30 01:00:08.434083300,9.925083251953126,0.0181992052679572,0.0008529511978849,0.0138570734024904,-0.0002917738165706,-0.034061045916538,0.9885188484471826,-0.0661824477878023,left,0.0005879402160644,-0.294945252944855,0.1707570920201949,-9.381626013830305,-0.1465543602009177,-0.0043726945295929,-0.001092430204153,2.8506705859035253,-0.0031682550907135
2025-04-30 01:00:08.474083000,9.9650830078125,0.0182520128925601,-0.0013606589054688,0.0138913753492128,0.0027811124455183,-0.0340904006950355,0.9884965020996638,-0.0662328047563751,left,4.60743904113e-05,-0.295232560296778,0.1712375690135173,-9.380797746312618,-0.1466951227090046,-0.0087572084739804,-0.0004902575165033,2.85336640085876,-0.0014609694480895
2025-04-30 01:00:08.514083000,10.0050830078125,0.0182520128925601,-0.0050101671367883,0.0138913753492128,-0.0013206002768129,-0.0340904006950355,0.9884965020996638,-0.0662328047563751,left,0.0012109279632568,-0.295232560296778,0.1712375690135173,-9.380797746312618,-0.1466951227090046,-0.0080618346109986,-0.0015678275376558,2.85336640085876,-0.0006418228149414
2025-04-30 01:00:08.554083300,10.045083251953123,0.0179450261220514,-0.0032152510248124,0.0137769258834539,-0.0068712709471583,-0.0342450266057705,0.9884402628535892,-0.0665883665714707,left,-0.0001820921897888,-0.2959411635472127,0.1683214441047981,-9.378825569456817,-0.1470481611583802,-0.004374393261969,-0.0018068002536892,2.86001387604922,0.0005042850971221
2025-04-30 01:00:08.594083300,10.085083251953124,0.0179450261220514,0.0046957642771303,0.0137769258834539,-0.0051333964802324,-0.0342450266057705,0.9884402628535892,-0.0665883665714707,left,-0.0004007816314697,-0.2959411635472127,0.1683214441047981,-9.378825569456817,-0.1470481611583802,-0.0027405591681599,-0.0028789900243282,2.86001387604922,0.001028835773468
2025-04-30 01:00:08.634083300,10.125083251953123,0.017715977914845,0.003471745410934,0.0136444070550022,0.0009450186043977,-0.0340920765137374,0.9884421083483532,-0.0663127307860607,left,-0.0017070770263671,-0.2960014148282125,0.1661701843550428,-9.378691713944075,-0.1470837417996013,0.0035068383440375,-0.0033613042905926,2.860579108716548,-0.0015244781970977
2025-04-30 01:00:08.674083300,10.165083251953124,0.017715977914845,-0.004628362134099,0.0136444070550022,0.0141397593542933,-0.0340920765137374,0.9884421083483532,-0.0663127307860607,left,-0.0025109052658081,-0.2960014148282125,0.1661701843550428,-9.378691713944075,-0.1470837417996013,0.0058493097312748,0.0004726331681013,2.860579108716548,-0.0029910206794738
2025-04-30 01:00:08.714083000,10.2050830078125,0.0186207603802636,-0.0103160897269845,0.0141065458757134,0.0103240050375461,-0.0342916269170279,0.9884542606755344,-0.0665832323838872,left,0.0031419396400451,-0.2956900587606183,0.1746723657677881,-9.379427627003192,-0.146912492204909,0.0052334847860038,0.0002369247376918,2.8576585450947283,-0.0036490857601165
2025-04-30 01:00:08.754083000,10.2450830078125,0.0186207603802636,-0.0083842249587178,0.0141065458757134,-0.0017745355144143,-0.0342916269170279,0.9884542606755344,-0.0665832323838872,left,0.0008528232574462,-0.2956900587606183,0.1746723657677881,-9.379427627003192,-0.146912492204909,0.0008374559693038,0.0001509990543127,2.8576585450947283,8.1181526184e-05
2025-04-30 01:00:08.794083300,10.285083251953123,0.0186207603802636,-0.0005237804725766,0.0141065458757134,-0.0030914307571947,-0.0342916269170279,0.9884542606755344,-0.0665832323838872,left,0.0012662410736083,-0.2956900587606183,0.1746723657677881,-9.379427627003192,-0.146912492204909,0.0009436471736989,-0.0006931889802217,2.8576585450947283,-0.001261293888092
2025-04-30 01:00:08.834083300,10.325083251953124,0.0186207603802636,0.008685952052474,0.0141065458757134,0.0142183322459459,-0.0342916269170279,0.9884542606755344,-0.0665832323838872,left,-0.0048344135284423,-0.2956900587606183,0.1746723657677881,-9.379427627003192,-0.146912492204909,-0.0040781013667583,0.00169981084764,2.8576585450947283,0.0018557608127593
2025-04-30 01:00:08.874083300,10.365083251953124,0.0189338881169051,0.0055133402347564,0.0142749006987099,0.0063213417306542,-0.0343862592562945,0.9884354761651928,-0.0667273110877521,left,-0.0015771985054016,-0.2958809339503311,0.1775989938042126,-9.378826738500594,-0.1470004379784464,-0.0007218960672616,0.0008498914539813,2.8594489356428383,0.0013356506824493
2025-04-30 01:00:08.914083300,10.405083251953124,0.0189338881169051,0.0023407288827002,0.0142749006987099,-0.00157564971596,-0.0343862592562945,0.9884354761651928,-0.0667273110877521,left,0.0017412900924682,-0.2958809339503311,0.1775989938042126,-9.378826738500594,-0.1470004379784464,0.0026343094650655,0.0002984032034873,2.8594489356428383,0.0009980797767639
2025-04-30 01:00:08.954083300,10.445083251953124,0.0189338881169051,0.0071931737475097,0.0142749006987099,-0.002675806172192,-0.0343862592562945,0.9884354761651928,-0.0667273110877521,left,0.0006579160690307,-0.2958809339503311,0.1775989938042126,-9.378826738500594,-0.1470004379784464,0.0038624005392193,-0.0003297124058008,2.8594489356428383,0.0009923577308654
2025-04-30 01:00:08.994083000,10.4850830078125,0.0189338881169051,0.004964055493474,0.0142749006987099,-0.0070562772452831,-0.0343862592562945,0.9884354761651928,-0.0667273110877521,left,-0.0007261037826538,-0.2958809339503311,0.1775989938042126,-9.378826738500594,-0.1470004379784464,0.0011601422447711,-0.0007759723812341,2.8594489356428383,-0.0003964006900787
2025-04-30 01:00:09.034083300,10.525083251953124,0.0189338881169051,-0.0031262785196304,0.0142749006987099,0.0002385880798101,-0.0343862592562945,0.9884354761651928,-0.0667273110877521,left,-0.0033147931098937,-0.2958809339503311,0.1775989938042126,-9.378826738500594,-0.1470004379784464,0.0010751694208011,-0.0013541746884584,2.8594489356428383,-0.0030100643634796
2025-04-30 01:00:09.074083300,10.565083251953125,0.0189338881169051,-0.0094956085085868,0.0142749006987099,0.0101373055949807,-0.0343862592562945,0.9884354761651928,-0.0667273110877521,left,-0.001640498638153,-0.2958809339503311,0.1775989938042126,-9.378826738500594,-0.1470004379784464,0.0087710078805685,-0.0010208338499069,2.8594489356428383,-0.0040999054908752
2025-04-30 01:00:09.114083300,10.605083251953126,0.0194881334179745,-0.0027198744937777,0.0145519464301272,0.0146209746599197,-0.0345317009939496,0.98848699609253,-0.066942999997511,left,-4.46438789367e-05,-0.2950772918777693,0.1828418628937564,-9.381021618196367,-0.1465921132543757,0.0187553837895393,-7.60629773139e-05,2.851909480048716,-0.0030543804168701
2025-04-30 01:00:09.154083300,10.645083251953125,0.0197834562843989,0.0230492241680622,0.0146522696153702,-0.0085888132452964,-0.0343287202371862,0.9885516367733032,-0.0664924958957586,left,0.0035476684570312,-0.2942742489680481,0.1856575231026858,-9.38325390729308,-0.1461933678489961,0.013237633742392,-0.0037514623254537,2.8443738238468765,0.0041373372077941
2025-04-30 01:00:09.194083300,10.685083251953126,0.0195893646922996,0.0276064556092023,0.0144594918149017,-0.0130122285336256,-0.0336845700217087,0.988592579655803,-0.0652192040644938,left,-0.0023519396781921,-0.2940298370338791,0.1838499256914481,-9.38398455965519,-0.1460851223523682,-0.0012353956699371,0.001083705574274,2.842079867690801,-0.0019711256027221
2025-04-30 01:00:09.234083000,10.7250830078125,0.0195325646309483,0.0026012640446424,0.0143821022191544,-0.0004043793305754,-0.0333248838388596,0.988589188840199,-0.0644988508542299,left,-0.001397967338562,-0.2942468541061602,0.1833048590293154,-9.383377825933694,-0.1461985401117755,-0.0033812427427619,0.0027100760489702,2.8441166342154145,-0.006889671087265
2025-04-30 01:00:09.274083000,10.7650830078125,0.0195325646309483,-0.0231536608189344,0.0143821022191544,-0.0012674335157498,-0.0333248838388596,0.988589188840199,-0.0644988508542299,left,2.5629997253e-06,-0.2942468541061602,0.1833048590293154,-9.383377825933694,-0.1461985401117755,-0.0004956114571541,0.0001324452459812,2.8441166342154145,-0.003271609544754
2025-04-30 01:00:09.314083300,10.805083251953125,0.0189790252316333,-0.0186388473957777,0.0142196879788542,-0.0015461158473044,-0.0340181474258262,0.9885552348793288,-0.0659824478854188,left,0.0004653930664062,-0.2944225630895049,0.1781012807705439,-9.382978012961148,-0.1462841142920156,0.0003436829429119,-0.0006909612566232,2.84576557046622,0.0004927515983581
2025-04-30 01:00:09.354083300,10.845083251953126,0.018577888446221,-0.0042468532919883,0.0140706706753323,0.0002151783555746,-0.034305947077002,0.9885361038103326,-0.0666234217630786,left,-0.0006780624389648,-0.2945728274543454,0.1743294523479417,-9.38262145460844,-0.1463607082838221,-0.0049923378974199,0.000166704878211,2.847175729525089,0.0031824111938476
2025-04-30 01:00:09.394083300,10.885083251953125,0.018577888446221,0.0066687883809208,0.0140706706753323,-0.0065257735550403,-0.034305947077002,0.9885361038103326,-0.0666234217630786,left,0.0004198551177978,-0.2945728274543454,0.1743294523479417,-9.38262145460844,-0.1463607082838221,-0.0040129381231963,-0.0012865401804447,2.847175729525089,0.0002526640892028
2025-04-30 01:00:09.434083300,10.925083251953126,0.018577888446221,0.0078835589811205,0.0140706706753323,-0.0083921290934085,-0.034305947077002,0.9885361038103326,-0.0666234217630786,left,7.73072242736e-05,-0.2945728274543454,0.1743294523479417,-9.38262145460844,-0.1463607082838221,0.0030917525291442,-0.0009712111204862,2.847175729525089,-0.0010020434856414
2025-04-30 01:00:09.474083000,10.9650830078125,0.018577888446221,0.0021777870133519,0.0140706706753323,0.0024596089497208,-0.034305947077002,0.9885361038103326,-0.0666234217630786,left,-0.0010303854942321,-0.2945728274543454,0.1743294523479417,-9.38262145460844,-0.1463607082838221,0.0013488777913153,9.79136675596e-05,2.847175729525089,-0.001511663198471
2025-04-30 01:00:09.514083000,11.0050830078125,0.018577888446221,-0.0104544050991535,0.0140706706753323,-0.0013706020545214,-0.034305947077002,0.9885361038103326,-0.0666234217630786,left,-0.0025245547294616,-0.2945728274543454,0.1743294523479417,-9.38262145460844,-0.1463607082838221,0.0014347026590257,-0.0009324308484792,2.847175729525089,-0.0025929808616638
2025-04-30 01:00:09.554083300,11.045083251953123,0.018577888446221,-0.0055540641769766,0.0140706706753323,-0.0060498751699924,-0.034305947077002,0.9885361038103326,-0.0666234217630786,left,0.0046935081481933,-0.2945728274543454,0.1743294523479417,-9.38262145460844,-0.1463607082838221,0.0025798622518777,-0.004449195228517,2.847175729525089,-0.003698319196701
2025-04-30 01:00:09.594083300,11.085083251953124,0.018577888446221,0.0040390426293015,0.0140706706753323,0.004019871354103,-0.034305947077002,0.9885361038103326,-0.0666234217630786,left,-0.0064442157745361,-0.2945728274543454,0.1743294523479417,-9.38262145460844,-0.1463607082838221,0.0011262049665674,-0.0024436693638563,2.847175729525089,0.0002318024635314
2025-04-30 01:00:09.634083300,11.125083251953123,0.018577888446221,0.0087612085044384,0.0140706706753323,0.0069727972149848,-0.034305947077002,0.9885361038103326,-0.0666234217630786,left,0.0021238923072814,-0.2945728274543454,0.1743294523479417,-9.38262145460844,-0.1463607082838221,-0.0154199311509728,-0.0015175361186265,2.847175729525089,-0.0015020072460174
2025-04-30 01:00:09.674083300,11.165083251953124,0.0183569870164437,0.0056150085292756,0.0139233868568641,-0.0028587542474269,-0.0339846390731383,0.9885142746451748,-0.0660040903325913,left,0.0023233294486999,-0.2950347044880515,0.1722326627317816,-9.381343689757584,-0.1465971206268561,-0.0058705983683466,0.0005449149757623,2.851509959337115,-0.0023451745510101
2025-04-30 01:00:09.714083000,11.2050830078125,0.0183569870164437,0.0057417526841163,0.0139233868568641,-0.0029454238247126,-0.0339846390731383,0.9885142746451748,-0.0660040903325913,left,0.0003477334976196,-0.2950347044880515,0.1722326627317816,-9.381343689757584,-0.1465971206268561,-0.0006845286116003,-0.0004320964217185,2.851509959337115,-0.0013156533241271
2025-04-30 01:00:09.754083000,11.2450830078125,0.0183569870164437,0.0019522232469171,0.0139233868568641,-0.0037380321882665,-0.0339846390731383,0.9885142746451748,-0.0660040903325913,left,0.0005365014076232,-0.2950347044880515,0.1722326627317816,-9.381343689757584,-0.1465971206268561,-0.0014071449404582,-0.0013053603470325,2.851509959337115,-0.0003241896629333
2025-04-30 01:00:09.794083300,11.285083251953123,0.0183569870164437,-0.0058846119791269,0.0139233868568641,-0.0014095057267695,-0.0339846390731383,0.9885142746451748,-0.0660040903325913,left,0.0006139874458312,-0.2950347044880515,0.1722326627317816,-9.381343689757584,-0.1465971206268561,-0.0012450305512174,-0.0023183207958936,2.851509959337115,-0.0022616982460021
2025-04-30 01:00:09.834083300,11.325083251953124,0.0183569870164437,-0.0093058925122022,0.0139233868568641,-0.0012078612344339,-0.0339846390731383,0.9885142746451748,-0.0660040903325913,left,0.0006710290908813,-0.2950347044880515,0.1722326627317816,-9.381343689757584,-0.1465971206268561,-0.0008622360182926,-0.0024882918223738,2.851509959337115,-0.002372533082962
2025-04-30 01:00:09.874083300,11.365083251953124,0.0183569870164437,-0.004528360441327,0.0139233868568641,0.0182770006358623,-0.0339846390731383,0.9885142746451748,-0.0660040903325913,left,-0.0042629241943359,-0.2950347044880515,0.1722326627317816,-9.381343689757584,-0.1465971206268561,0.0083783902227878,0.0010301619768142,2.851509959337115,-0.0031143426895141
2025-04-30 01:00:09.914083300,11.405083251953124,0.0186391946858792,-0.0032526389695703,0.014115337671802,0.0007525105029344,-0.0343584063504856,0.9884995409534724,-0.0667184323127632,left,0.0005634427070617,-0.2950416084957466,0.1748797797070816,-9.381275300696492,-0.146590710439421,-0.0007712161168456,-0.0004084799438714,2.851574549005925,-0.001507818698883
2025-04-30 01:00:09.954083300,11.445083251953124,0.0186391946858792,-0.0010121318046003,0.014115337671802,-0.0078231254592537,-0.0343584063504856,0.9884995409534724,-0.0667184323127632,left,0.0002710223197937,-0.2950416084957466,0.1748797797070816,-9.381275300696492,-0.146590710439421,-0.0062383441254496,0.0004084166139364,2.851574549005925,-0.0002715289592742
2025-04-30 01:00:09.994083000,11.4850830078125,0.0186391946858792,0.0039835898205637,0.014115337671802,0.0001417137682437,-0.0343584063504856,0.9884995409534724,-0.0667184323127632,left,-0.0009987950325012,-0.2950416084957466,0.1748797797070816,-9.381275300696492,-0.146590710439421,-0.0047480966895818,-0.0004536509513854,2.851574549005925,-0.0007740259170532
2025-04-30 01:00:10.034083300,11.525083251953124,0.0185420036742427,0.0021172852721065,0.0140738108557585,0.0039358595386147,-0.0343333647306546,0.9884572922410976,-0.0666796290483022,left,0.0001176595687866,-0.2956335325368247,0.1739366719043813,-9.379602983570098,-0.1468852305214377,-0.0049899131990969,0.0011213142424821,2.857128091479838,-0.0017525553703308
2025-04-30 01:00:10.074083300,11.565083251953125,0.0185420036742427,-0.007820501923561,0.0140738108557585,-0.0031699854880571,-0.0343333647306546,0.9884572922410976,-0.0666796290483022,left,0.0013517141342163,-0.2956335325368247,0.1739366719043813,-9.379602983570098,-0.1468852305214377,-0.000607977155596,0.00035928376019,2.857128091479838,-0.0014382600784301
2025-04-30 01:00:10.114083300,11.605083251953126,0.0185420036742427,-0.0061809476464986,0.0140738108557585,-0.0078906714916229,-0.0343333647306546,0.9884572922410976,-0.0666796290483022,left,0.0008227229118347,-0.2956335325368247,0.1739366719043813,-9.379602983570098,-0.1468852305214377,0.0036062668077647,-0.0004759132862091,2.857128091479838,-0.0005919635295867
2025-04-30 01:00:10.154083300,11.645083251953125,0.0185420036742427,0.0025349538773298,0.0140738108557585,-0.0021324940025806,-0.0343333647306546,0.9884572922410976,-0.0666796290483022,left,-1.54972076416e-05,-0.2956335325368247,0.1739366719043813,-9.379602983570098,-0.1468852305214377,-0.000358406919986,-0.0012779217213392,2.857128091479838,0.000169426202774
2025-04-30 01:00:10.194083300,11.685083251953126,0.0185420036742427,0.0084713343530893,0.0140738108557585,-0.0010326503543183,-0.0343333647306546,0.9884572922410976,-0.0666796290483022,left,0.0011187195777893,-0.2956335325368247,0.1739366719043813,-9.379602983570098,-0.1468852305214377,-0.0016664877766743,-0.0011059623211622,2.857128091479838,-0.0011111199855804
2025-04-30 01:00:10.234083000,11.7250830078125,0.0185420036742427,-0.0001101866364479,0.0140738108557585,-0.0008084480650722,-0.0343333647306546,0.9884572922410976,-0.0666796290483022,left,-0.0024763345718383,-0.2956335325368247,0.1739366719043813,-9.379602983570098,-0.1468852305214377,-0.001996420091018,0.0005066692829132,2.857128091479838,-0.0036633908748626
2025-04-30 01:00:10.274083000,11.7650830078125,0.0185420036742427,-0.0038404422812163,0.0140738108557585,-0.0063279955647885,-0.0343333647306546,0.9884572922410976,-0.0666796290483022,left,0.0047486424446105,-0.2956335325368247,0.1739366719043813,-9.379602983570098,-0.1468852305214377,0.0035544109996408,-0.0027634901925921,2.857128091479838,-0.005402535200119
2025-04-30 01:00:10.314083300,11.805083251953125,0.0185420036742427,0.0032165786251425,0.0140738108557585,0.0074066990055143,-0.0343333647306546,0.9884572922410976,-0.0666796290483022,left,-0.007390558719635,-0.2956335325368247,0.1739366719043813,-9.379602983570098,-0.1468852305214377,-0.0025629599113017,0.0009920094162225,2.857128091479838,0.0006861686706542
2025-04-30 01:00:10.354083300,11.845083251953126,0.0185420036742427,0.0069710849784314,0.0140738108557585,0.0057593965902924,-0.0343333647306546,0.9884572922410976,-0.0666796290483022,left,0.0034266710281372,-0.2956335325368247,0.1739366719043813,-9.379602983570098,-0.1468852305214377,-0.010506204329431,-0.0009891297668218,2.857128091479838,-0.0007276237010955
2025-04-30 01:00:10.394083300,11.885083251953125,0.0182054192178317,0.0099062379449605,0.0138816210504046,-0.0079211900010705,-0.034105354973661,0.9884457724700886,-0.0662671228760333,left,0.0039826035499572,-0.2959172076717877,0.1707648734678514,-9.378850119376182,-0.1470340846403423,-0.000872409902513,-0.0010528955608606,2.859789127382636,-0.0010456144809722
2025-04-30 01:00:10.434083300,11.925083251953126,0.0180689438441201,0.0155678167939186,0.0137656578279488,-0.0098954392597079,-0.0337663735810501,0.9884560167871386,-0.0656014296639661,left,0.0005125403404235,-0.2959447486044398,0.169483473621495,-9.378794589796662,-0.1470546084504946,-0.0036454822402447,-0.0009368304163217,2.8600474860578773,8.71121883392e-05
2025-04-30 01:00:10.474083000,11.9650830078125,0.0178208924198086,0.0079689994454383,0.0136029742309226,-0.0106864403933286,-0.0334552217240614,0.9884506482833182,-0.0650078285544319,left,-0.0010592341423034,-0.2961756003485699,0.1671452581985853,-9.378176165637374,-0.1471769406785321,-0.0062934840098023,-0.0003432389348745,2.8622128473982213,-0.0011392831802368
2025-04-30 01:00:10.514083000,12.0050830078125,0.0178208924198086,-0.0043962579220533,0.0136029742309226,-0.009703891351819,-0.0334552217240614,0.9884506482833182,-0.0650078285544319,left,-0.0002354383468627,-0.2961756003485699,0.1671452581985853,-9.378176165637374,-0.1471769406785321,-0.002716438146308,-0.0019610552117228,2.8622128473982213,-0.0018630921840667
2025-04-30 01:00:10.554083300,12.045083251953123,0.0170107176769065,-0.002328131115064,0.0132155964937039,-0.0086230020970106,-0.033461888163108,0.98843848939293,-0.0651411972033783,left,0.0001379251480102,-0.296383467978511,0.1595371212824247,-9.377713224300742,-0.1472923414518756,0.0096581876277923,-0.0032477295026183,2.864162520161271,-0.0011560022830963
2025-04-30 01:00:10.594083300,12.085083251953124,0.0170107176769065,0.0045902850106358,0.0132155964937039,0.0098569951951503,-0.033461888163108,0.98843848939293,-0.0651411972033783,left,-0.0043463110923767,-0.296383467978511,0.1595371212824247,-9.377713224300742,-0.1472923414518756,0.0149610936641693,-0.0021069459617137,2.864162520161271,-0.0019552707672119
2025-04-30 01:00:10.634083300,12.125083251953123,0.0170107176769065,0.0007840157486498,0.0132155964937039,0.0081976782530546,-0.033461888163108,0.98843848939293,-0.0651411972033783,left,-0.0006383061408996,-0.296383467978511,0.1595371212824247,-9.377713224300742,-0.1472923414518756,0.0047057280316948,-0.0024697156623005,2.864162520161271,-0.0032232701778411
2025-04-30 01:00:10.674083300,12.165083251953124,0.0173447081692242,0.0007636702503077,0.013378095490658,0.0044744238257408,-0.0335081185830505,0.988463674877882,-0.0651864233056044,left,0.0002686381340026,-0.2960025069001084,0.1626880961266346,-9.378749581611157,-0.1470981495747431,0.0006240024231374,-0.0014456817880272,2.8605893378496168,-0.0017323195934295
2025-04-30 01:00:10.714083000,12.2050830078125,0.0173447081692242,0.000743324693758,0.013378095490658,0.0007511691655963,-0.0335081185830505,0.988463674877882,-0.0651864233056044,left,0.0010699033737182,-0.2960025069001084,0.1626880961266346,-9.378749581611157,-0.1470981495747431,-0.0034577236510813,-0.0001003425568342,2.8605893378496168,-0.0006057024002075
2025-04-30 01:00:10.754083000,12.2450830078125,0.0173447081692242,-0.0009006151813082,0.013378095490658,0.0021492484956979,-0.0335081185830505,0.988463674877882,-0.0651864233056044,left,-0.0015580058097839,-0.2960025069001084,0.1626880961266346,-9.378749581611157,-0.1470981495747431,-0.0066474815830588,2.04518437385e-05,2.8605893378496168,-0.0019971132278442
2025-04-30 01:00:10.794083300,12.285083251953123,0.0173447081692242,-0.0071628768928349,0.013378095490658,0.0027052145451307,-0.0335081185830505,0.988463674877882,-0.0651864233056044,left,0.000947892665863,-0.2960025069001084,0.1626880961266346,-9.378749581611157,-0.1470981495747431,-0.0009125312790274,0.0007187351584434,2.8605893378496168,-0.0017600655555725
2025-04-30 01:00:10.834083300,12.325083251953124,0.0173447081692242,-0.0063694999553263,0.013378095490658,-0.0040477816946804,-0.0335081185830505,0.988463674877882,-0.0651864233056044,left,0.0016546249389648,-0.2960025069001084,0.1626880961266346,-9.378749581611157,-0.1470981495747431,0.0026351804845035,-0.0003781616687774,2.8605893378496168,0.000317633152008
2025-04-30 01:00:10.874083300,12.365083251953124,0.0174480326707317,0.0032527805306017,0.0134704349820047,-0.0057920012623071,-0.0338313768719858,0.9884795727434276,-0.0658265287886703,left,0.000599205493927,-0.2956310943542447,0.1636756823918782,-9.379794706749916,-0.1469085380715996,0.0048899287357926,-0.0014777323231101,2.85710529512614,0.0011252164840698
2025-04-30 01:00:10.914083300,12.405083251953124,0.0174480326707317,0.0066916700452566,0.0134704349820047,-0.0006845900788903,-0.0338313768719858,0.9884795727434276,-0.0658265287886703,left,-0.0006440877914428,-0.2956310943542447,0.1636756823918782,-9.379794706749916,-0.1469085380715996,0.0033778622746467,-0.0010611526668071,2.85710529512614,-0.0003237426280975
2025-04-30 01:00:10.954083300,12.445083251953124,0.0174480326707317,0.0008536973036825,0.0134704349820047,-0.0027541301678866,-0.0338313768719858,0.9884795727434276,-0.0658265287886703,left,-0.0018847584724426,-0.2956310943542447,0.1636756823918782,-9.379794706749916,-0.1469085380715996,0.0049197394400835,-0.0015802532434463,2.85710529512614,-0.0052538812160491
2025-04-30 01:00:10.994083000,12.4850830078125,0.0174480326707317,-0.0021711499430239,0.0134704349820047,-0.0015938683645799,-0.0338313768719858,0.9884795727434276,-0.0658265287886703,left,0.0028328895568847,-0.2956310943542447,0.1636756823918782,-9.379794706749916,-0.1469085380715996,0.0077515044249594,-0.0019163973629474,2.85710529512614,-0.0045490860939025
2025-04-30 01:00:11.034083300,12.525083251953124,0.0174480326707317,-0.0031305328011512,0.0134704349820047,0.0027342471294105,-0.0338313768719858,0.9884795727434276,-0.0658265287886703,left,-0.0045405030250549,-0.2956310943542447,0.1636756823918782,-9.379794706749916,-0.1469085380715996,-0.0005112695507705,-0.0024391049519181,2.85710529512614,-0.0020996928215026
2025-04-30 01:00:11.074083300,12.565083251953125,0.0174480326707317,0.0049295825883746,0.0134704349820047,0.0128502752631902,-0.0338313768719858,0.9884795727434276,-0.0658265287886703,left,-0.0006625056266784,-0.2956310943542447,0.1636756823918782,-9.379794706749916,-0.1469085380715996,-0.0122158247977495,-0.0017831893637776,2.85710529512614,-0.000832974910736
2025-04-30 01:00:11.114083300,12.605083251953126,0.0174480326707317,0.0032286681234836,0.0134704349820047,0.0013457480818033,-0.0338313768719858,0.9884795727434276,-0.0658265287886703,left,0.0033727288246154,-0.2956310943542447,0.1636756823918782,-9.379794706749916,-0.1469085380715996,-0.0098058441653847,-0.0001453422009944,2.85710529512614,-0.0022680163383483
2025-04-30 01:00:11.154083300,12.645083251953125,0.0174480326707317,0.0069045601412653,0.0134704349820047,0.0001046812394633,-0.0338313768719858,0.9884795727434276,-0.0658265287886703,left,0.0022305250167846,-0.2956310943542447,0.1636756823918782,-9.379794706749916,-0.1469085380715996,0.0021246001124382,-0.0005658194422721,2.85710529512614,-0.0004547834396362
2025-04-30 01:00:11.194083300,12.685083251953126,0.0181085984089477,0.0057247835211455,0.0137356745641167,-0.0018850154010578,-0.033471889446831,0.9884918865793212,-0.0650011729276796,left,0.0002950429916381,-0.2955911199150157,0.1698736785154789,-9.379798213881251,-0.1468832825427165,-0.0009869628120213,-0.0008486360311508,2.856730324333906,0.0001616775989532
2025-04-30 01:00:11.234083000,12.7250830078125,0.0181085984089477,0.000588059425354,0.0137356745641167,0.0027517424896359,-0.033471889446831,0.9884918865793212,-0.0650011729276796,left,-0.0007423162460327,-0.2955911199150157,0.1698736785154789,-9.379798213881251,-0.1468832825427165,-0.0024419412948191,0.0013191327452659,2.856730324333906,-0.0014101862907409
2025-04-30 01:00:11.274083000,12.7650830078125,0.0181085984089477,-0.0021857556421309,0.0137356745641167,-0.0005525697488337,-0.033471889446831,0.9884918865793212,-0.0650011729276796,left,0.0038643479347229,-0.2955911199150157,0.1698736785154789,-9.379798213881251,-0.1468832825427165,0.0063066189177334,5.71385025978e-05,2.856730324333906,-0.0018403828144073
2025-04-30 01:00:11.314083300,12.805083251953125,0.0181085984089477,0.0002391738817095,0.0137356745641167,-0.0046752216294407,-0.033471889446831,0.9884918865793212,-0.0650011729276796,left,0.0004961490631103,-0.2955911199150157,0.1698736785154789,-9.379798213881251,-0.1468832825427165,0.0113743990659713,-0.0014809947460889,2.856730324333906,-0.0026000142097473
2025-04-30 01:00:11.354083300,12.845083251953126,0.0183103039100994,0.0058069722726941,0.0138044820283383,0.0041671246290206,-0.0333502204139121,0.9885471386428472,-0.0647281013222017,left,-0.0007092952728271,-0.2948847245195249,0.1718025459525175,-9.3817791585654,-0.1465326113464436,0.0045886947773396,-0.0025592762976884,2.8501027228876947,-0.0026797950267791
2025-04-30 01:00:11.394083300,12.885083251953125,0.0183103039100994,0.0028174996841698,0.0138044820283383,-0.0023201727308332,-0.0333502204139121,0.9885471386428472,-0.0647281013222017,left,0.001487374305725,-0.2948847245195249,0.1718025459525175,-9.3817791585654,-0.1465326113464436,-0.0038027348928153,-0.0016840882599353,2.8501027228876947,-0.0031380653381347
2025-04-30 01:00:11.434083300,12.925083251953126,0.0183103039100994,0.0019933120347559,0.0138044820283383,0.0011293820571154,-0.0333502204139121,0.9885471386428472,-0.0647281013222017,left,0.0014438033103942,-0.2948847245195249,0.1718025459525175,-9.3817791585654,-0.1465326113464436,-0.0054944618605077,-0.0013114027678966,2.8501027228876947,-0.0024659931659698
2025-04-30 01:00:11.474083000,12.9650830078125,0.0183103039100994,-0.0001077321358025,0.0138044820283383,0.0012030382640659,-0.0333502204139121,0.9885471386428472,-0.0647281013222017,left,0.0013746619224548,-0.2948847245195249,0.1718025459525175,-9.3817791585654,-0.1465326113464436,-0.0040193288587033,-0.001535004004836,2.8501027228876947,-0.0008356273174285
2025-04-30 01:00:11.514083000,13.0050830078125,0.0183103039100994,-0.0040514422580599,0.0138044820283383,0.0004930294817313,-0.0333502204139121,0.9885471386428472,-0.0647281013222017,left,-0.0002088546752929,-0.2948847245195249,0.1718025459525175,-9.3817791585654,-0.1465326113464436,-0.0050429417751729,-0.0011719949543476,2.8501027228876947,0.000156819820404
2025-04-30 01:00:11.554083300,13.045083251953123,0.0181446978125929,-0.002152953762561,0.0137389444690018,-0.0026137987151741,-0.0333589263193146,0.988482793611322,-0.0647665178811763,left,0.0008007287979125,-0.2957646187550505,0.170203294062335,-9.379296694099905,-0.1469700448663885,-0.003351938445121,-0.0018655322492122,2.858357925535738,0.0005744397640228
2025-04-30 01:00:11.594083300,13.085083251953124,0.0181446978125929,0.0016541630029678,0.0137389444690018,-0.0013751620426774,-0.0333589263193146,0.988482793611322,-0.0647665178811763,left,-6.89029693603e-05,-0.2957646187550505,0.170203294062335,-9.379296694099905,-0.1469700448663885,0.0053565106354653,-0.0019120890647172,2.858357925535738,0.0006705224514007
2025-04-30 01:00:11.634083300,13.125083251953123,0.0181446978125929,0.0040991548448801,0.0137389444690018,0.0020468132570385,-0.0333589263193146,0.988482793611322,-0.0647665178811763,left,-0.0013816356658935,-0.2957646187550505,0.170203294062335,-9.379296694099905,-0.1469700448663885,0.0045461254194378,-0.0020499881356954,2.858357925535738,-0.0005740821361541
2025-04-30 01:00:11.674083300,13.165083251953124,0.0181446978125929,-0.0014773202128708,0.0137389444690018,0.0023906263522803,-0.0333589263193146,0.988482793611322,-0.0647665178811763,left,8.81552696228e-05,-0.2957646187550505,0.170203294062335,-9.379296694099905,-0.1469700448663885,0.0026655187830328,-0.0014396626502275,2.858357925535738,-0.0013079941272735
2025-04-30 01:00:11.714083000,13.2050830078125,0.0181446978125929,-0.0070537952706217,0.0137389444690018,0.0027344394475221,-0.0333589263193146,0.988482793611322,-0.0647665178811763,left,0.0015578866004943,-0.2957646187550505,0.170203294062335,-9.379296694099905,-0.1469700448663885,0.0007849121466279,-0.0008293371647596,2.858357925535738,-0.0020419061183929
2025-04-30 01:00:11.754083000,13.2450830078125,0.0184650474532026,-0.0068587218411266,0.0139325537676749,0.005494930781424,-0.033657544793057,0.9884985757655406,-0.0653247085048604,left,-0.0008855462074279,-0.2953937760034643,0.1732275007217191,-9.380300902706384,-0.1467775115239083,0.002728110179305,-0.0007306635379791,2.854878851248324,-0.0002319514751434
2025-04-30 01:00:11.794083300,13.285083251953123,0.0184650474532026,0.0039852666668593,0.0139325537676749,0.0024465369060635,-0.033657544793057,0.9884985757655406,-0.0653247085048604,left,-0.0010038018226623,-0.2953937760034643,0.1732275007217191,-9.380300902706384,-0.1467775115239083,8.18113330751e-05,-0.0016385521739721,2.854878851248324,-0.0002199113368988
2025-04-30 01:00:11.834083300,13.325083251953124,0.0190532971733863,0.0099180210381746,0.0142095906045418,0.0189491398632526,-0.0336124648036975,0.9885003529652948,-0.0651463404043578,left,-0.0050649642944335,-0.2953537971196361,0.1787475975837558,-9.380311424100398,-0.1467491165601732,-0.0069308932870626,0.0005770921707153,2.8545038804560896,0.0002304911613464
2025-04-30 01:00:11.874083300,13.365083251953124,0.0190532971733863,-0.003711562603712,0.0142095906045418,0.0025126505643129,-0.0336124648036975,0.9885003529652948,-0.0651463404043578,left,0.0028265714645385,-0.2953537971196361,0.1787475975837558,-9.380311424100398,-0.1467491165601732,-0.0108456164598464,-0.0007590409368276,2.8545038804560896,-0.0019902884960174
2025-04-30 01:00:11.914083300,13.405083251953124,0.0190532971733863,-0.0010287119075655,0.0142095906045418,0.0010118796490132,-0.0336124648036975,0.9885003529652948,-0.0651463404043578,left,0.0013306140899658,-0.2953537971196361,0.1787475975837558,-9.380311424100398,-0.1467491165601732,-0.0037314281798899,0.0003074053674936,2.8545038804560896,0.0007418096065521
2025-04-30 01:00:11.954083300,13.445083251953124,0.0195738480162465,0.0032503139227628,0.0144635365912492,0.0009264877298846,-0.0335670220210524,0.9884548216515022,-0.0649741224703869,left,0.0004523992538452,-0.2959599786532916,0.1835966085175052,-9.378485377717018,-0.1470412322231702,0.0004982631653547,-0.0020061656832695,2.8601904016599056,0.0014216005802154
2025-04-30 01:00:11.994083000,13.4850830078125,0.0195738480162465,-0.0001292980741709,0.0144635365912492,0.002755282446742,-0.0335670220210524,0.9884548216515022,-0.0649741224703869,left,9.64999198913e-05,-0.2959599786532916,0.1835966085175052,-9.378485377717018,-0.1470412322231702,0.0027406339067965,-0.0006683003157377,2.8601904016599056,-0.0007290840148925
2025-04-30 01:00:12.034083300,13.525083251953124,0.0195738480162465,-0.0043073510751128,0.0144635365912492,0.0024356951471418,-0.0335670220210524,0.9884548216515022,-0.0649741224703869,left,-0.0006480813026428,-0.2959599786532916,0.1835966085175052,-9.378485377717018,-0.1470412322231702,0.0019324792083352,-0.0010793972760438,2.8601904016599056,-0.001530647277832
2025-04-30 01:00:12.074083300,13.565083251953125,0.0195738480162465,-0.0005310866981744,0.0144635365912492,0.0006822400027886,-0.0335670220210524,0.9884548216515022,-0.0649741224703869,left,-0.0007321238517761,-0.2959599786532916,0.1835966085175052,-9.378485377717018,-0.1470412322231702,0.0102124642580747,-0.0008340235799551,2.8601904016599056,-0.0031138658523559
2025-04-30 01:00:12.114083300,13.605083251953126,0.0198562850249257,-0.001510458998382,0.0146124832449891,0.004760798998177,-0.0337100259449786,0.9884918940956936,-0.0652244365301731,left,-0.0018850564956665,-0.2953724788332285,0.1862787602735683,-9.380111517614123,-0.1467442706645036,0.0088937897235155,-0.0015063602477312,2.854678944762051,-0.0030810832977294
2025-04-30 01:00:12.154083300,13.645083251953125,0.0198562850249257,0.0003358415560796,0.0146124832449891,-8.59093852341e-05,-0.0337100259449786,0.9884918940956936,-0.0652244365301731,left,3.8743019104e-06,-0.2953724788332285,0.1862787602735683,-9.380111517614123,-0.1467442706645036,-0.0083255544304847,-0.00140524469316,2.854678944762051,-0.0019370019435882
2025-04-30 01:00:12.194083300,13.685083251953126,0.0198562850249257,0.0033575412817299,0.0146124832449891,0.0020987547468394,-0.0337100259449786,0.9884918940956936,-0.0652244365301731,left,0.0007755756378173,-0.2953724788332285,0.1862787602735683,-9.380111517614123,-0.1467442706645036,-0.0081910481676459,-2.24057585e-05,2.854678944762051,-0.0017760396003723
2025-04-30 01:00:12.234083000,13.7250830078125,0.0201324162134842,1.45628582686e-05,0.0147567216359883,0.0018906608456745,-0.0337165239708188,0.9884421551074491,-0.0651931853680751,left,0.0012321472167968,-0.2960264187324558,0.1888312760342843,-9.378191363206506,-0.1470630750728336,-0.0060844514518976,-0.00050850212574,2.8608137942552565,-0.0013601779937744
2025-04-30 01:00:12.274083300,13.765083251953126,0.0201324162134842,-0.0049675600603222,0.0147567216359883,-0.0004046583781018,-0.0337165239708188,0.9884421551074491,-0.0651931853680751,left,0.0009254813194274,-0.2960264187324558,0.1888312760342843,-9.378191363206506,-0.1470630750728336,-0.0056481854990124,-0.0007316619157791,2.8608137942552565,-0.0013979375362396
2025-04-30 01:00:12.314083300,13.805083251953125,0.0201324162134842,-0.0066496818326413,0.0147567216359883,-0.0029323049820959,-0.0337165239708188,0.9884421551074491,-0.0651931853680751,left,0.0002253055572509,-0.2960264187324558,0.1888312760342843,-9.378191363206506,-0.1470630750728336,-0.0028876571450382,-0.0010578092187643,2.8608137942552565,0.0003930926322937
2025-04-30 01:00:12.354083300,13.845083251953126,0.0197094949265166,0.0027286815457046,0.0145982435079522,-0.004510975908488,-0.0339718551768058,0.988396915364823,-0.0657701638330579,left,0.0013969540596008,-0.2965486943699546,0.184835539195314,-9.376775066667795,-0.1473241324428681,-0.0026533969212323,-0.0013909228146076,2.8657123799517747,0.0021643042564392
2025-04-30 01:00:12.394083300,13.885083251953125,0.0197094949265166,0.009765176102519,0.0145982435079522,-0.0060698688030242,-0.0339718551768058,0.988396915364823,-0.0657701638330579,left,0.0007506608963012,-0.2965486943699546,0.184835539195314,-9.376775066667795,-0.1473241324428681,0.0009921407327055,-0.0014537945389747,2.8657123799517747,0.0003491044044494
2025-04-30 01:00:12.434083300,13.925083251953126,0.0197094949265166,0.0071536358445882,0.0145982435079522,-0.0066332668066024,-0.0339718551768058,0.988396915364823,-0.0657701638330579,left,-0.0003647804260253,-0.2965486943699546,0.184835539195314,-9.376775066667795,-0.1473241324428681,0.0024651472922414,-0.0013446453958749,2.8657123799517747,-0.0024797618389129
2025-04-30 01:00:12.474083000,13.9650830078125,0.0197094949265166,2.2436492145e-05,0.0145982435079522,-0.0025690980255603,-0.0339718551768058,0.988396915364823,-0.0657701638330579,left,-0.00014328956604,-0.2965486943699546,0.184835539195314,-9.376775066667795,-0.1473241324428681,0.0037064016796648,-0.0015797037631273,2.8657123799517747,-0.0037614703178405
2025-04-30 01:00:12.514083000,14.0050830078125,0.0197094949265166,-0.0079096155241131,0.0145982435079522,-0.005980638321489,-0.0339718551768058,0.988396915364823,-0.0657701638330579,left,0.0015525221824645,-0.2965486943699546,0.184835539195314,-9.376775066667795,-0.1473241324428681,0.0036126605700701,-0.0010943990200757,2.8657123799517747,-0.0038600862026214
2025-04-30 01:00:12.554083300,14.045083251953123,0.0197094949265166,-7.16373324394e-05,0.0145982435079522,-0.0017370483838021,-0.0339718551768058,0.988396915364823,-0.0657701638330579,left,0.0007448196411132,-0.2965486943699546,0.184835539195314,-9.376775066667795,-0.1473241324428681,0.0052264397963881,-0.0010070689022541,2.8657123799517747,-0.0017946362495422
2025-04-30 01:00:12.594083300,14.085083251953124,0.0188320205189466,0.0097673377022147,0.0141416444146184,-0.0088220108300447,-0.0338163492431951,0.9884520620163184,-0.0655891002222874,left,-0.0026806592941284,-0.2959293343340785,0.1766409806933254,-9.37870691151321,-0.1470341795641468,0.0063381288200616,-0.0020734351128339,2.8599031091511247,-0.002591848373413
2025-04-30 01:00:12.634083300,14.125083251953123,0.0188320205189466,0.0174142345786094,0.0141416444146184,0.0069611370563507,-0.0338163492431951,0.9884520620163184,-0.0655891002222874,left,-0.0040774345397949,-0.2959293343340785,0.1766409806933254,-9.37870691151321,-0.1470341795641468,-0.0156288649886846,-0.0018574483692646,2.8599031091511247,0.0010685324668884
2025-04-30 01:00:12.674083300,14.165083251953124,0.0189242376574667,0.0086807897314429,0.0141287620945913,-0.0047902995720505,-0.0333407761373458,0.9884019965836705,-0.0646089988076436,left,0.0041209459304809,-0.2968194512575898,0.1774576125721447,-9.376141444939377,-0.1474795154253378,-0.0177683383226394,-0.0036061713472008,2.8682515430405733,-0.0042599141597747
2025-04-30 01:00:12.714083000,14.2050830078125,0.0189242376574667,0.0051749404519796,0.0141287620945913,-0.0039786999113857,-0.0333407761373458,0.9884019965836705,-0.0646089988076436,left,0.0007739663124084,-0.2968194512575898,0.1774576125721447,-9.376141444939377,-0.1474795154253378,-0.0056934878230094,-0.0034643169492483,2.8682515430405733,-0.0007968544960021
2025-04-30 01:00:12.754083000,14.2450830078125,0.0188025204632226,-0.0005144448950886,0.0140574433730022,0.0013924064114689,-0.0331908995870559,0.9883585391794948,-0.0643208530118823,left,-0.0004079937934875,-0.2974826602782052,0.1762805864157155,-9.374258699932694,-0.1478113439552327,-0.0050438307225704,-0.0043081864714622,2.874470271424949,0.0009724199771881
2025-04-30 01:00:12.794083300,14.285083251953123,0.0188025204632226,-0.0087934592738747,0.0140574433730022,0.0077380831353366,-0.0331908995870559,0.9883585391794948,-0.0643208530118823,left,-0.0016135573387145,-0.2974826602782052,0.1762805864157155,-9.374258699932694,-0.1478113439552327,-0.0067769344896078,-0.0049567064270377,2.874470271424949,-0.0002782344818115
2025-04-30 01:00:12.834083300,14.325083251953124,0.0190910822220792,-0.0069560813717544,0.0142432981441382,0.0110042598098516,-0.0334583673013083,0.9883161957414216,-0.0648169162939632,left,0.0012075304985046,-0.2979130920371157,0.1789619892531074,-9.372969829165935,-0.1480157623231668,-0.0025076572783291,-0.0046203732490539,2.878505810551345,-3.13818454742e-05
2025-04-30 01:00:12.874083300,14.365083251953124,0.0190910822220792,-0.0042972760275006,0.0142432981441382,0.0125062856823205,-0.0334583673013083,0.9883161957414216,-0.0648169162939632,left,5.79953193664e-05,-0.2979130920371157,0.1789619892531074,-9.372969829165935,-0.1480157623231668,0.0062849926762282,-0.0025770906358957,2.878505810551345,-0.0005445480346679
2025-04-30 01:00:12.914083300,14.405083251953124,0.0202168151661189,-0.0050516715273261,0.0148299141817612,0.0275377370417118,-0.0337640893276727,0.988315194281046,-0.0652680444675961,left,-0.0007832050323486,-0.2977145745901174,0.1895248843216337,-9.37333340178132,-0.1478954543532147,0.0040746517479419,0.0005847383290529,2.8766446928545832,-0.0016372501850128
2025-04-30 01:00:12.954083300,14.445083251953124,0.0208912209098978,-0.0197682566940784,0.0152067943509598,0.0117470938712358,-0.0341151084657761,0.9883069243124076,-0.0658780020498532,left,0.0036002397537231,-0.2976190720178745,0.195852004983928,-9.373478363209962,-0.1478322238469706,0.0058242008090019,0.0028232913464307,2.8757492053195834,-0.0045993328094482
2025-04-30 01:00:12.994083000,14.4850830078125,0.0210113859406687,-0.0156907085329294,0.0153253385077198,0.0083185909315943,-0.0345516594839979,0.9883144159888472,-0.0667451947773859,left,0.0017516016960144,-0.2973052845408511,0.1969973208278417,-9.37435631508827,-0.1476684647798608,0.0082347355782985,0.0028489548712968,2.8728073066487907,-0.001301109790802
2025-04-30 01:00:13.034083300,14.525083251953124,0.0211201722906198,6.29965215921e-05,0.0154042237922294,0.0043976162560284,-0.0347868992770419,0.9883479235984348,-0.067208147552868,left,0.0016949772834777,-0.2967334486019435,0.1980517800505273,-9.375975440722703,-0.1473804125532216,0.0147117068991065,0.0022522844374179,2.8674449028328057,0.0002567768096923
2025-04-30 01:00:13.074083300,14.565083251953125,0.0211201722906198,0.0093048624694347,0.0154042237922294,0.0022424964699894,-0.0347868992770419,0.9883479235984348,-0.067208147552868,left,0.0013366341590881,-0.2967334486019435,0.1980517800505273,-9.375975440722703,-0.1473804125532216,0.0165678616613149,0.0036583133041858,2.8674449028328057,-0.0031399726867675
2025-04-30 01:00:13.114083300,14.605083251953126,0.0212573778375957,0.0052906507626175,0.0154274038039418,-0.0090401675552129,-0.0346025922648394,0.988429002651738,-0.0668204860846926,left,0.0028451085090637,-0.2957129361136254,0.1994003085826523,-9.378869408598542,-0.1468766385205066,0.0066833365708589,0.0026874560862779,2.857873064628244,-0.0035644769668579
2025-04-30 01:00:13.154083300,14.645083251953125,0.0207046061172406,0.0035809036344289,0.0151353160707521,-0.0183311067521572,-0.0344608278826496,0.988455337009498,-0.066617141562201,left,0.0018498301506042,-0.2954604663595621,0.1942308335228823,-9.379698845160007,-0.1467629505235682,-0.0025099320337176,0.0008740946650505,2.855504581931233,-0.0020526349544525
2025-04-30 01:00:13.194083300,14.685083251953126,0.0199994997925719,0.0084890108555555,0.0147645824008039,-0.0198768284171819,-0.0342533567020579,0.9884618361382898,-0.0663017643342298,left,0.0008572936058044,-0.2955177012949899,0.1876138265359215,-9.379670203587413,-0.1468057062107517,-0.0038966522552073,-0.0010332558304071,2.85604146528691,-0.0017332732677459
2025-04-30 01:00:13.234083000,14.7250830078125,0.0193959967822509,0.0102825108915567,0.0144411897110316,-0.0144079150632023,-0.0340144944480554,0.9884546580246804,-0.0659069112849759,left,-0.0005257129669189,-0.2957656284025015,0.1819393976286984,-9.379073406738042,-0.1469414392663639,-0.005501854699105,-0.0017127953469753,2.858367277885973,-0.0004968345165252
2025-04-30 01:00:13.274083300,14.765083251953126,0.0188940042007224,0.0046355091035366,0.0141701750899675,-0.0113769359886646,-0.0337990836610114,0.9884467903876027,-0.0655446001687492,left,0.0006474256515502,-0.2960046278202075,0.177218250858318,-9.378480117020011,-0.1470706659451641,-0.0043180705979466,-0.0029336418956518,2.860609211593866,-0.0025519430637359
2025-04-30 01:00:13.314083300,14.805083251953125,0.0184010029171723,-0.0006161420606076,0.0139259437084355,-0.0034593716263771,-0.0337562935924374,0.9884485766084412,-0.0655312644957652,left,-0.0017077326774597,-0.2960305817553686,0.172593257938791,-9.378492391979696,-0.1470919118990786,0.000572073739022,-0.0030463449656963,2.8608526649609205,-0.0015087723731994
2025-04-30 01:00:13.354083300,14.845083251953126,0.0184010029171723,0.0038055512122809,0.0139259437084355,-0.005473983939737,-0.0337562935924374,0.9884485766084412,-0.0655312644957652,left,-0.0010625720024108,-0.2960305817553686,0.172593257938791,-9.378492391979696,-0.1470919118990786,0.0041449163109064,-0.0051050214096903,2.8608526649609205,-0.0013262927532196
2025-04-30 01:00:13.394083300,14.885083251953125,0.0184010029171723,0.011987792328,0.0139259437084355,0.0131344906985759,-0.0337562935924374,0.9884485766084412,-0.0655312644957652,left,-0.00535249710083,-0.2960305817553686,0.172593257938791,-9.378492391979696,-0.1470919118990786,-0.0036934232339262,-0.0028853025287389,2.8608526649609205,0.0015912950038909
2025-04-30 01:00:13.434083300,14.925083251953126,0.0184010029171723,0.0055246255360543,0.0139259437084355,0.0087052416056394,-0.0337562935924374,0.9884485766084412,-0.0655312644957652,left,0.0009670257568359,-0.2960305817553686,0.172593257938791,-9.378492391979696,-0.1470919118990786,-0.0104260612279176,-0.0028029177337884,2.8608526649609205,-0.0013000071048736
2025-04-30 01:00:13.474083000,14.9650830078125,0.0190181177971761,0.0022120191715657,0.0141926525524114,0.0037284772843122,-0.0335109614171998,0.9884296718997934,-0.064941490939018,left,0.0012595057487487,-0.2963620879627331,0.1783627812509425,-9.37743557640314,-0.1472495302955462,-0.0038872202858328,-0.0012049861252307,2.8639620291531083,-0.0012572109699249
2025-04-30 01:00:13.514083000,15.0050830078125,0.0190181177971761,0.0030587464570999,0.0141926525524114,0.0040442128665745,-0.0335109614171998,0.9884296718997934,-0.064941490939018,left,0.0008329153060913,-0.2963620879627331,0.1783627812509425,-9.37743557640314,-0.1472495302955462,0.0026784883812069,-0.0002062488347291,2.8639620291531083,-0.0008034408092498
2025-04-30 01:00:13.554083300,15.045083251953123,0.0190181177971761,-0.0012098466977477,0.0141926525524114,0.0048274029977619,-0.0335109614171998,0.9884296718997934,-0.064941490939018,left,-0.0009422898292541,-0.2963620879627331,0.1783627812509425,-9.37743557640314,-0.1472495302955462,0.0023005148395895,-0.0004273448139429,2.8639620291531083,-0.0011517107486724
2025-04-30 01:00:13.594083300,15.085083251953124,0.0190181177971761,-0.0037922570481896,0.0141926525524114,0.0029833130538463,-0.0335109614171998,0.9884296718997934,-0.064941490939018,left,-0.0008127689361572,-0.2963620879627331,0.1783627812509425,-9.37743557640314,-0.1472495302955462,-0.0013087755069136,0.0003363452851772,2.8639620291531083,-0.0010474622249603
2025-04-30 01:00:13.634083300,15.125083251953123,0.0190181177971761,-0.0010852653067559,0.0141926525524114,-9.7571639344e-05,-0.0335109614171998,0.9884296718997934,-0.064941490939018,left,0.0002228617668151,-0.2963620879627331,0.1783627812509425,-9.37743557640314,-0.1472495302955462,0.0055189109407365,7.543712854385376e-07,2.8639620291531083,-0.0019346177577972
2025-04-30 01:00:13.674083300,15.165083251953124,0.0196564837339438,0.0026492588222026,0.0144979673440323,0.0098388018086552,-0.0335502813863985,0.9884698824084148,-0.0649289648455743,left,-0.0027236938476562,-0.2957584116436487,0.184382936589606,-9.379046518731116,-0.1469405389715994,0.0103888260200619,0.0008428189903497,2.8582997656077147,-0.00400111079216
2025-04-30 01:00:13.714083000,15.2050830078125,0.0196564837339438,0.0006988256936892,0.0144979673440323,-0.0012329062446951,-0.0335502813863985,0.9884698824084148,-0.0649289648455743,left,0.0006841421127319,-0.2957584116436487,0.184382936589606,-9.379046518731116,-0.1469405389715994,0.0014774063602089,-0.0004730597138404,2.8582997656077147,-0.0037118196487426
2025-04-30 01:00:13.754083000,15.2450830078125,0.0196564837339438,0.0012702167732641,0.0144979673440323,-0.000359863799531,-0.0335502813863985,0.9884698824084148,-0.0649289648455743,left,-0.0003454685211181,-0.2957584116436487,0.184382936589606,-9.379046518731116,-0.1469405389715994,-0.0059169204905629,-6.4671039581e-06,2.8582997656077147,-0.0015996396541595
2025-04-30 01:00:13.794083300,15.285083251953123,0.0196564837339438,0.0036490601487457,0.0144979673440323,0.0014434109907597,-0.0335502813863985,0.9884698824084148,-0.0649289648455743,left,0.000946044921875,-0.2957584116436487,0.184382936589606,-9.379046518731116,-0.1469405389715994,-0.0062150727026164,-0.0005142018198966,2.8582997656077147,-0.0021734833717346
2025-04-30 01:00:13.834083300,15.325083251953124,0.0196564837339438,0.0017496026121079,0.0144979673440323,-7.32549233362e-05,-0.0335502813863985,0.9884698824084148,-0.0649289648455743,left,0.0009378790855407,-0.2957584116436487,0.184382936589606,-9.379046518731116,-0.1469405389715994,-0.0034815859980881,0.0006135832518339,2.8582997656077147,-0.0010468959808349
2025-04-30 01:00:13.874083300,15.365083251953124,0.0196564837339438,-0.0045059751719236,0.0144979673440323,-0.0031360113061964,-0.0335502813863985,0.9884698824084148,-0.0649289648455743,left,0.0018242001533508,-0.2957584116436487,0.184382936589606,-9.379046518731116,-0.1469405389715994,-0.0011337851174175,-0.0003311596810817,2.8582997656077147,-0.0013933479785919
2025-04-30 01:00:13.914083300,15.405083251953124,0.0196564837339438,-0.0012278023641556,0.0144979673440323,-0.0046694036573171,-0.0335502813863985,0.9884698824084148,-0.0649289648455743,left,0.0012213587760925,-0.2957584116436487,0.184382936589606,-9.379046518731116,-0.1469405389715994,-0.0015814453363418,-0.0019212532788515,2.8582997656077147,0.0015288889408111
2025-04-30 01:00:13.954083300,15.445083251953124,0.0196564837339438,0.0080466410145163,0.0144979673440323,-0.0074840108864009,-0.0335502813863985,0.9884698824084148,-0.0649289648455743,left,0.0005544424057006,-0.2957584116436487,0.184382936589606,-9.379046518731116,-0.1469405389715994,-0.0008957782411016,-0.0028968658298254,2.8582997656077147,0.0008566677570343
2025-04-30 01:00:13.994083000,15.4850830078125,0.0196564837339438,0.0053150714375078,0.0144979673440323,-0.0022623678669333,-0.0335502813863985,0.9884698824084148,-0.0649289648455743,left,-0.0008298158645629,-0.2957584116436487,0.184382936589606,-9.379046518731116,-0.1469405389715994,0.0067294486798346,-0.0018191952258348,2.8582997656077147,-0.0026134848594665
2025-04-30 01:00:14.034083300,15.525083251953124,0.0196564837339438,-0.0018141367472708,0.0144979673440323,0.0016542864032089,-0.0335502813863985,0.9884698824084148,-0.0649289648455743,left,-0.0017891526222229,-0.2957584116436487,0.184382936589606,-9.379046518731116,-0.1469405389715994,0.0077036069706082,-0.0015969015657901,2.8582997656077147,-0.0043444633483886
2025-04-30 01:00:14.074083300,15.565083251953125,0.0196564837339438,-0.0042197303846478,0.0144979673440323,0.0036126228515058,-0.0335502813863985,0.9884698824084148,-0.0649289648455743,left,-0.0001153349876403,-0.2957584116436487,0.184382936589606,-9.379046518731116,-0.1469405389715994,0.0053211692720651,-0.0011317152529954,2.8582997656077147,-0.0029617547988891
2025-04-30 01:00:14.114083300,15.605083251953126,0.0196564837339438,-0.0060995356179773,0.0144979673440323,-0.0001935104373842,-0.0335502813863985,0.9884698824084148,-0.0649289648455743,left,0.0003287196159362,-0.2957584116436487,0.184382936589606,-9.379046518731116,-0.1469405389715994,0.0019136220216751,-0.0016928017139434,2.8582997656077147,-0.004518836736679
2025-04-30 01:00:14.154083300,15.645083251953125,0.0196564837339438,0.0002771690487861,0.0144979673440323,0.0019366340711712,-0.0335502813863985,0.9884698824084148,-0.0649289648455743,left,0.0013132095336914,-0.2957584116436487,0.184382936589606,-9.379046518731116,-0.1469405389715994,0.0008605265757068,-0.0020266082137823,2.8582997656077147,-0.002830296754837
2025-04-30 01:00:14.194083300,15.685083251953126,0.0196564837339438,0.0062032705172896,0.0144979673440323,0.0022833859547972,-0.0335502813863985,0.9884698824084148,-0.0649289648455743,left,-0.0028573870658874,-0.2957584116436487,0.184382936589606,-9.379046518731116,-0.1469405389715994,0.0012833999935537,-0.0019955243915319,2.8582997656077147,-0.0040519833564758
2025-04-30 01:00:14.234083000,15.7250830078125,0.0196564837339438,0.008034368045628,0.0144979673440323,0.0135411787778139,-0.0335502813863985,0.9884698824084148,-0.0649289648455743,left,-0.0011366009712219,-0.2957584116436487,0.184382936589606,-9.379046518731116,-0.1469405389715994,-0.0069180661812424,-0.0019750390201807,2.8582997656077147,-0.002017319202423
2025-04-30 01:00:14.274083300,15.765083251953126,0.0196564837339438,0.0008288160897791,0.0144979673440323,0.0036926558241248,-0.0335502813863985,0.9884698824084148,-0.0649289648455743,left,0.0034600496292114,-0.2957584116436487,0.184382936589606,-9.379046518731116,-0.1469405389715994,-0.0047378139570355,-0.0025703329592943,2.8582997656077147,-0.0040329992771148
2025-04-30 01:00:14.314083300,15.805083251953125,0.0196564837339438,0.0021939775906503,0.0144979673440323,0.003020325442776,-0.0335502813863985,0.9884698824084148,-0.0649289648455743,left,0.0017117261886596,-0.2957584116436487,0.184382936589606,-9.379046518731116,-0.1469405389715994,-0.0010095885954797,-0.0019126553088426,2.8582997656077147,-0.00169038772583
2025-04-30 01:00:14.354083300,15.845083251953126,0.0203757650150914,-0.0022208024747669,0.014827154079256,0.0062649128958582,-0.0334360233108314,0.9884775866386932,-0.0645913960755187,left,-0.0003392100334167,-0.2956594329110262,0.191134822002612,-9.379194402769208,-0.1468820413693506,-0.0039768405258655,-0.002589801326394,2.857371252585948,-0.0003162026405334
2025-04-30 01:00:14.394083300,15.885083251953125,0.0203757650150914,-0.0019577397033572,0.014827154079256,0.011904614046216,-0.0334360233108314,0.9884775866386932,-0.0645913960755187,left,-0.0008981227874755,-0.2956594329110262,0.191134822002612,-9.379194402769208,-0.1468820413693506,-0.0064824833534657,0.0002580378204584,2.857371252585948,-0.0011188089847564
2025-04-30 01:00:14.434083300,15.925083251953126,0.0210606576500856,-0.0044538243673741,0.0151861258776601,0.0050744297914206,-0.0336057650344025,0.9884548253834176,-0.0648320217700056,left,0.0013161897659301,-0.2958430762350784,0.1975474655238911,-9.37853623112142,-0.1469595340290471,-0.0006260490044951,0.0003465842455625,2.8590938385948537,-0.0009326636791229
2025-04-30 01:00:14.474083000,15.9650830078125,0.0210606576500856,0.0005019148811697,0.0151861258776601,-0.0020329463295638,-0.0336057650344025,0.9884548253834176,-0.0648320217700056,left,0.0009191632270812,-0.2958430762350784,0.1975474655238911,-9.37853623112142,-0.1469595340290471,0.0102630173787474,0.0002205707132816,2.8590938385948537,-0.0020389556884765
2025-04-30 01:00:14.514083000,16.0050830078125,0.0210606576500856,0.0029893338214606,0.0151861258776601,0.0052541974000632,-0.0336057650344025,0.9884548253834176,-0.0648320217700056,left,-0.0017637610435485,-0.2958430762350784,0.1975474655238911,-9.37853623112142,-0.1469595340290471,0.0103560807183384,0.0005501173436641,2.8590938385948537,-0.0033994317054748
2025-04-30 01:00:14.554083300,16.045083251953123,0.0212717843987047,0.003102112095803,0.0152766054853908,-0.0017102425917983,-0.0335926307844476,0.9885019690065324,-0.0647778295059376,left,-2.22325325012e-05,-0.2951942311568739,0.1995669338538311,-9.38034707993567,-0.1466356829724998,-0.0029439460486173,-0.0003840383142232,2.853006627635658,-0.0023527443408966
2025-04-30 01:00:14.594083300,16.085083251953126,0.0212717843987047,0.0026912719476968,0.0152766054853908,-0.0028375904075801,-0.0335926307844476,0.9885019690065324,-0.0647778295059376,left,0.000527024269104,-0.2951942311568739,0.1995669338538311,-9.38034707993567,-0.1466356829724998,-0.0093609653413295,-0.0007521789520978,2.853006627635658,-0.0018812417984008
2025-04-30 01:00:14.634083300,16.125083251953125,0.0212717843987047,0.0010771144879981,0.0152766054853908,-0.0041266530752182,-0.0335926307844476,0.9885019690065324,-0.0647778295059376,left,0.001131534576416,-0.2951942311568739,0.1995669338538311,-9.38034707993567,-0.1466356829724998,-0.008309107273817,-0.0014883559197187,2.853006627635658,-0.0007985532283782
2025-04-30 01:00:14.674083300,16.165083251953124,0.0208829922428427,-0.0045334119349718,0.0150924825825542,-0.0060886349529027,-0.0335595474725406,0.9884618110005772,-0.0647652658494204,left,-0.0003784894943237,-0.2957820304542056,0.1958848660739138,-9.378745489957929,-0.1469328468500723,-0.0032185716554522,-0.0021212175488471,2.8585212994039058,-0.0012174546718597
2025-04-30 01:00:14.714083000,16.2050830078125,0.0208829922428427,-0.0049676727503538,0.0150924825825542,-0.0042553539387881,-0.0335595474725406,0.9884618110005772,-0.0647652658494204,left,-2.69412994384e-05,-0.2957820304542056,0.1958848660739138,-9.378745489957929,-0.1469328468500723,0.0003337280359119,-0.0037619769573211,2.8585212994039058,0.0002302825450897
2025-04-30 01:00:14.754083000,16.2450830078125,0.0208829922428427,-4.87240031361e-05,0.0150924825825542,-0.0048415549099445,-0.0335595474725406,0.9884618110005772,-0.0647652658494204,left,-7.47442245483e-05,-0.2957820304542056,0.1958848660739138,-9.378745489957929,-0.1469328468500723,0.001610655686818,-0.005100461654365,2.8585212994039058,0.0007509291172027
2025-04-30 01:00:14.794083300,16.285083251953125,0.0208829922428427,0.0028760924469679,0.0150924825825542,-0.0022007920779287,-0.0335595474725406,0.9884618110005772,-0.0647652658494204,left,-0.000853955745697,-0.2957820304542056,0.1958848660739138,-9.378745489957929,-0.1469328468500723,-0.0002809657016769,-0.004680979065597,2.8585212994039058,-0.0014904737472534
2025-04-30 01:00:14.834083300,16.325083251953124,0.0208829922428427,0.0020266729407012,0.0150924825825542,-0.001955023035407,-0.0335595474725406,0.9884618110005772,-0.0647652658494204,left,-0.0008776187896728,-0.2957820304542056,0.1958848660739138,-9.378745489957929,-0.1469328468500723,0.0007522421656176,-0.0029304381459951,2.8585212994039058,-0.001708835363388
2025-04-30 01:00:14.874083300,16.365083251953124,0.0208829922428427,0.0019992177840322,0.0150924825825542,-0.00046615768224,-0.0335595474725406,0.9884618110005772,-0.0647652658494204,left,-0.0003139972686767,-0.2957820304542056,0.1958848660739138,-9.378745489957929,-0.1469328468500723,0.0029611010104417,-0.0025878231972455,2.8585212994039058,-0.0043294131755828
2025-04-30 01:00:14.914083300,16.405083251953126,0.0208829922428427,-0.0013253076467663,0.0150924825825542,0.0016108583658933,-0.0335595474725406,0.9884618110005772,-0.0647652658494204,left,-0.0001876354217529,-0.2957820304542056,0.1958848660739138,-9.378745489957929,-0.1469328468500723,0.0017866196576505,-0.002091147005558,2.8585212994039058,-0.0043194890022277
2025-04-30 01:00:14.954083300,16.445083251953125,0.0204142785841499,-0.0090212924405932,0.0148579686134478,-0.0008726820815354,-0.0335394615218333,0.9884895650219996,-0.0647961070612146,left,0.0008978247642517,-0.2954462304465847,0.1915084776205942,-9.379795875793697,-0.1467744977514136,0.0015479031717404,-0.0019971821457147,2.85537101867944,-0.0049191415309906
2025-04-30 01:00:14.994083000,16.4850830078125,0.0204142785841499,-0.0050368621014058,0.0148579686134478,0.0023412567097693,-0.0335394615218333,0.9884895650219996,-0.0647961070612146,left,0.0007123947143554,-0.2954462304465847,0.1915084776205942,-9.379795875793697,-0.1467744977514136,-0.0011992080835625,-0.0009593777358531,2.85537101867944,-0.0020011067390441
2025-04-30 01:00:15.034083300,16.525083251953124,0.0204142785841499,0.0023177727125585,0.0148579686134478,0.0008904868736863,-0.0335394615218333,0.9884895650219996,-0.0647961070612146,left,-0.0018302202224731,-0.2954462304465847,0.1915084776205942,-9.379795875793697,-0.1467744977514136,-0.00094553490635,-0.0015100315213203,2.85537101867944,-0.0023640990257263
2025-04-30 01:00:15.074083300,16.565083251953126,0.0204142785841499,0.0066771139390766,0.0148579686134478,0.0104106208309531,-0.0335394615218333,0.9884895650219996,-0.0647961070612146,left,-0.0031991600990295,-0.2954462304465847,0.1915084776205942,-9.379795875793697,-0.1467744977514136,-0.0154381031170487,-0.0018790382891893,2.85537101867944,0.0004777908325195
2025-04-30 01:00:15.114083300,16.605083251953126,0.0206813574222609,0.0010023158974945,0.0149953039905413,0.0061054280959069,-0.0335103493271035,0.9884267279255716,-0.0646928700293415,left,0.0027366876602172,-0.2962937667320623,0.1939634878235869,-9.377321010112762,-0.1471897113178285,-0.0166048277169466,-0.0030123069882392,2.863321393162012,-0.0031165480613708
2025-04-30 01:00:15.154083300,16.645083251953125,0.0206813574222609,-0.001598808215931,0.0149953039905413,0.0035771827679127,-0.0335103493271035,0.9884267279255716,-0.0646928700293415,left,0.0019131302833557,-0.2962937667320623,0.1939634878235869,-9.377321010112762,-0.1471897113178285,-0.0041090855374932,-0.0013032834976911,2.863321393162012,-0.0013652741909027
2025-04-30 01:00:15.194083300,16.685083251953124,0.0206813574222609,-0.0012189120752736,0.0149953039905413,-0.0003034323453903,-0.0335103493271035,0.9884267279255716,-0.0646928700293415,left,0.0011600852012634,-0.2962937667320623,0.1939634878235869,-9.377321010112762,-0.1471897113178285,-0.00012768805027,-0.0005899388343095,2.863321393162012,-0.0005010068416595
2025-04-30 01:00:15.234083000,16.7250830078125,0.0206813574222609,-0.0011040464742109,0.0149953039905413,-0.0014767778338864,-0.0335103493271035,0.9884267279255716,-0.0646928700293415,left,-0.0009833574295043,-0.2962937667320623,0.1939634878235869,-9.377321010112762,-0.1471897113178285,0.0010761297307908,-0.0004824716597795,2.863321393162012,-0.0012921690940856
2025-04-30 01:00:15.274083300,16.765083251953126,0.0206813574222609,0.0011292401468381,0.0149953039905413,0.0023154485970735,-0.0335103493271035,0.9884267279255716,-0.0646928700293415,left,-0.0007950663566589,-0.2962937667320623,0.1939634878235869,-9.377321010112762,-0.1471897113178285,-0.0018988572992384,-0.0009169280529022,2.863321393162012,-0.0003707706928253
2025-04-30 01:00:15.314083300,16.805083251953125,0.0206813574222609,-0.0025771730579435,0.0149953039905413,-0.0011768697295337,-0.0335103493271035,0.9884267279255716,-0.0646928700293415,left,-0.0001893639564514,-0.2962937667320623,0.1939634878235869,-9.377321010112762,-0.1471897113178285,0.0050809024833142,-0.001889931038022,2.863321393162012,-0.0044595003128051
2025-04-30 01:00:15.354083300,16.845083251953124,0.0206813574222609,-0.0019426958169788,0.0149953039905413,0.0063745267689228,-0.0335103493271035,0.9884267279255716,-0.0646928700293415,left,-0.0020698308944702,-0.2962937667320623,0.1939634878235869,-9.377321010112762,-0.1471897113178285,0.0025559775531291,-0.0015617944300174,2.863321393162012,-0.0030989348888397
2025-04-30 01:00:15.394083300,16.885083251953127,0.0206813574222609,0.0002081869170069,0.0149953039905413,0.0005395510233938,-0.0335103493271035,0.9884267279255716,-0.0646928700293415,left,0.0001300573348999,-0.2962937667320623,0.1939634878235869,-9.377321010112762,-0.1471897113178285,-0.0070469733327627,-0.002500245347619,2.863321393162012,-0.0021646618843078
2025-04-30 01:00:15.434083300,16.925083251953126,0.0206813574222609,0.0052908356301486,0.0149953039905413,0.0012929043732583,-0.0335103493271035,0.9884267279255716,-0.0646928700293415,left,0.0006302595138549,-0.2962937667320623,0.1939634878235869,-9.377321010112762,-0.1471897113178285,-0.0055719120427966,-0.0013508293777704,2.863321393162012,-0.0016050040721893
2025-04-30 01:00:15.474083000,16.9650830078125,0.0206813574222609,0.0019349176436662,0.0149953039905413,0.0026166427414864,-0.0335103493271035,0.9884267279255716,-0.0646928700293415,left,0.0003685355186462,-0.2962937667320623,0.1939634878235869,-9.377321010112762,-0.1471897113178285,-0.005355920176953,-0.0009448938071727,2.863321393162012,-0.0017355680465698
2025-04-30 01:00:15.514083000,17.0050830078125,0.0207178482891379,-0.0038070995360612,0.0150504644519808,8.07121396064e-05,-0.0336878385913196,0.988365496195109,-0.0650424804787716,left,0.0002205967903137,-0.2970380280931112,0.1942614843894727,-9.37518107547462,-0.1475543210004566,-0.005471518728882,3.5973265767e-05,2.8703011690467592,-0.0016527473926544
2025-04-30 01:00:15.554083300,17.045083251953123,0.0207178482891379,-0.0045172986574471,0.0150504644519808,-0.0046122907660901,-0.0336878385913196,0.988365496195109,-0.0650424804787716,left,0.0014414191246032,-0.2970380280931112,0.1942614843894727,-9.37518107547462,-0.1475543210004566,0.0001888452097773,-0.0011241044849157,2.8703011690467592,-0.0004406571388244
2025-04-30 01:00:15.594083300,17.085083251953126,0.0207178482891379,0.0015269564464688,0.0150504644519808,-0.0052476162090897,-0.0336878385913196,0.988365496195109,-0.0650424804787716,left,0.0005216002464294,-0.2970380280931112,0.1942614843894727,-9.37518107547462,-0.1475543210004566,0.0054541234858334,-0.0034227985888719,2.8703011690467592,0.0003964304924011
2025-04-30 01:00:15.634083300,17.125083251953125,0.0207178482891379,0.0086039211601018,0.0150504644519808,-0.0025306390598416,-0.0336878385913196,0.988365496195109,-0.0650424804787716,left,-0.0005335211753845,-0.2970380280931112,0.1942614843894727,-9.37518107547462,-0.1475543210004566,0.0043274625204503,-0.0030363462865352,2.8703011690467592,-0.000852346420288
2025-04-30 01:00:15.674083300,17.165083251953124,0.0207178482891379,0.0068768328055739,0.0150504644519808,0.0021436316892504,-0.0336878385913196,0.988365496195109,-0.0650424804787716,left,-0.0011757612228393,-0.2970380280931112,0.1942614843894727,-9.37518107547462,-0.1475543210004566,0.0044927280396223,-0.0019765123724937,2.8703011690467592,-0.0032186210155487
2025-04-30 01:00:15.714083000,17.2050830078125,0.0207178482891379,-0.0024870783090591,0.0150504644519808,0.0049264375120401,-0.0336878385913196,0.988365496195109,-0.0650424804787716,left,-0.0007329583168029,-0.2970380280931112,0.1942614843894727,-9.37518107547462,-0.1475543210004566,0.0036300001665949,-0.0004425104707479,2.8703011690467592,-0.004928171634674
2025-04-30 01:00:15.754083000,17.2450830078125,0.0207178482891379,-0.008243010379374,0.0150504644519808,-0.0006016916595399,-0.0336878385913196,0.988365496195109,-0.0650424804787716,left,0.0012586712837219,-0.2970380280931112,0.1942614843894727,-9.37518107547462,-0.1475543210004566,0.0016967464471235,0.0003485977649688,2.8703011690467592,-0.0036284029483795
2025-04-30 01:00:15.794083300,17.285083251953125,0.0204981135852424,-0.0056180986575782,0.0149774607643163,0.0027681640349328,-0.0339539550383517,0.9883896770903216,-0.065616110565318,left,-6.58631324768e-05,-0.2966023620345631,0.1922270376861095,-9.376472868850827,-0.1473384123391228,0.0006141521735116,3.30973416566e-05,2.866215653298795,-0.00162273645401
2025-04-30 01:00:15.834083300,17.325083251953124,0.0204981135852424,0.0031940802000463,0.0149774607643163,-0.0049998853355646,-0.0339539550383517,0.9883896770903216,-0.065616110565318,left,0.0008177161216735,-0.2966023620345631,0.1922270376861095,-9.376472868850827,-0.1473384123391228,0.0059114843606948,-0.0008979272097349,2.866215653298795,-0.0025323927402496
2025-04-30 01:00:15.874083300,17.365083251953124,0.0204981135852424,0.0150195900350809,0.0149774607643163,0.0025869728997349,-0.0339539550383517,0.9883896770903216,-0.065616110565318,left,-0.0041373372077941,-0.2966023620345631,0.1922270376861095,-9.376472868850827,-0.1473384123391228,-0.0047733290120959,0.000374985858798,2.866215653298795,0.0010294020175933
2025-04-30 01:00:15.914083300,17.405083251953126,0.0206375017710474,0.0129317138344049,0.0149790387730957,-0.0045718937180936,-0.0335229770970956,0.9884112599941782,-0.0647238185092424,left,0.0038710832595825,-0.2964990916646655,0.1935401113123633,-9.376741748920082,-0.1472917118885872,-0.0061316359788179,-0.0010802298784255,2.8652471005275846,-0.002739280462265
2025-04-30 01:00:15.954083300,17.445083251953125,0.0203839984462975,0.0098300883546471,0.0148172340653146,-0.0095333261415362,-0.0332596468066388,0.9884217931088272,-0.064228791203866,left,0.0030909776687622,-0.2964950155194653,0.1911632991784252,-9.37680195467472,-0.14729760554517,0.0014482783153653,-0.0015210006386041,2.8652088143438097,-0.0034552216529846
2025-04-30 01:00:15.994083000,17.4850830078125,0.0199365252175598,0.0084078041836619,0.0145702241071324,-0.0138495434075593,-0.033064699623749,0.9884391583607955,-0.0639016251070823,left,0.0009281635284423,-0.296377677887387,0.1869741221265867,-9.377222810435294,-0.1472494368114861,0.0002180015435442,-0.0044000605121254,2.864108451886475,-0.0022758841514587
2025-04-30 01:00:16.034083300,17.525083251953124,0.0194844816487283,0.0083232019096612,0.0143216698210052,-0.0104817217215895,-0.0328474133875075,0.9884371292305432,-0.0635285425986056,left,-0.002996802330017,-0.2965328571479653,0.1827265294183976,-9.376862160429358,-0.147336274990261,-0.0085336547344923,-0.0046831592917442,2.8655636191308496,-0.001613974571228
2025-04-30 01:00:16.074083300,17.565083251953126,0.0194844816487283,0.0013575344346463,0.0143216698210052,-0.0017335964366793,-0.0328474133875075,0.9884371292305432,-0.0635285425986056,left,-0.0021169781684875,-0.2965328571479653,0.1827265294183976,-9.376862160429358,-0.147336274990261,-0.0048018181696534,-0.0048778010532259,2.8655636191308496,-0.0040473937988281
2025-04-30 01:00:16.114083300,17.605083251953126,0.0194844816487283,-0.0040291352197527,0.0143216698210052,-0.0028990884311497,-0.0328474133875075,0.9884371292305432,-0.0635285425986056,left,-0.0015134215354919,-0.2965328571479653,0.1827265294183976,-9.376862160429358,-0.147336274990261,0.0054580625146627,-0.0053407186642289,2.8655636191308496,-0.003395140171051
2025-04-30 01:00:16.154083300,17.645083251953125,0.0194844816487283,-0.000376722542569,0.0143216698210052,0.0123448185622692,-0.0328474133875075,0.9884371292305432,-0.0635285425986056,left,-0.0042980909347534,-0.2965328571479653,0.1827265294183976,-9.376862160429358,-0.147336274990261,0.0060566067695617,-0.0028868913650512,2.8655636191308496,-0.0037875175476074
2025-04-30 01:00:16.194083300,17.685083251953124,0.0194844816487283,-0.0055432375520467,0.0143216698210052,0.0098599456250667,-0.0328474133875075,0.9884371292305432,-0.0635285425986056,left,0.0004034042358398,-0.2965328571479653,0.1827265294183976,-9.376862160429358,-0.147336274990261,-0.0007682833820581,-0.0016214083880186,2.8655636191308496,-0.003001719713211
2025-04-30 01:00:16.234083000,17.7250830078125,0.0194844816487283,-0.006524259224534,0.0143216698210052,0.0086240787059068,-0.0328474133875075,0.9884371292305432,-0.0635285425986056,left,0.0008338093757629,-0.2965328571479653,0.1827265294183976,-9.376862160429358,-0.147336274990261,-0.0046604936942458,0.000759532675147,2.8655636191308496,-0.0017163455486297
2025-04-30 01:00:16.274083300,17.765083251953126,0.0200916625729704,-0.0073367799632251,0.0146730697250636,0.0117509216070175,-0.0332119734534983,0.9884037138254812,-0.0641743935691023,left,0.001750886440277,-0.296780535764146,0.1884056892996654,-9.37603915360868,-0.1474439854426305,-0.0018725071568042,0.0005060397088527,2.867886509120464,-0.0011404156684875
2025-04-30 01:00:16.314083300,17.805083251953125,0.0205853617272873,-0.0053608804009854,0.0149487542436786,0.0102939205244183,-0.0334556314781454,0.9883891842068188,-0.0645934981734267,left,0.0003296136856079,-0.2968333621374192,0.1930314859367907,-9.375793654415013,-0.1474587591475195,0.0006282743997871,0.0016094110906124,2.8683818914219734,-0.0003688931465148
2025-04-30 01:00:16.354083300,17.845083251953124,0.0205853617272873,-0.0007305298931896,0.0149487542436786,0.0013597179204225,-0.0334556314781454,0.9883891842068188,-0.0645934981734267,left,0.002344787120819,-0.2968333621374192,0.1930314859367907,-9.375793654415013,-0.1474587591475195,0.0063291736878454,0.0002860724925994,2.8683818914219734,-0.0006116926670074
2025-04-30 01:00:16.394083300,17.885083251953127,0.0205729146273052,0.0041507016867399,0.0149484943010758,-0.0070568956434726,-0.0335407559564195,0.9884209273769972,-0.0647701519311523,left,0.0012325644493103,-0.2963656601518926,0.1929423646149225,-9.37713630119562,-0.1472264849406928,0.0099986214190721,-0.0001211911439895,2.8639956391617654,-0.000618040561676
2025-04-30 01:00:16.434083300,17.925083251953126,0.0205729146273052,0.0093979686498641,0.0149484943010758,-0.0166586451232433,-0.0335407559564195,0.9884209273769972,-0.0647701519311523,left,0.0008649826049804,-0.2963656601518926,0.1929423646149225,-9.37713630119562,-0.1472264849406928,0.0083203939720988,-0.002935292199254,2.8639956391617654,-0.0017370879650115
2025-04-30 01:00:16.474083000,17.9650830078125,0.0198240452003021,0.0064759720116853,0.0145302850714525,-0.0110048297792673,-0.0332208473328786,0.988478637712345,-0.0642373964188431,left,-0.0021955966949462,-0.29577895804531,0.1859533277114853,-9.378956502360104,-0.1469529247875847,0.0045557832345366,-0.0028686542063951,2.858492365570366,-0.0033421516418457
2025-04-30 01:00:16.514083000,18.0050830078125,0.0198240452003021,0.0034901187755167,0.0145302850714525,-0.0018289014697074,-0.0332208473328786,0.988478637712345,-0.0642373964188431,left,-0.0021834969520568,-0.29577895804531,0.1859533277114853,-9.378956502360104,-0.1469529247875847,0.0046915188431739,-0.0023527294397354,2.858492365570366,-0.005362719297409
2025-04-30 01:00:16.554083300,18.045083251953123,0.0198240452003021,-0.0022448753006756,0.0145302850714525,0.0022847102954983,-0.0332208473328786,0.988478637712345,-0.0642373964188431,left,-0.0010709166526794,-0.29577895804531,0.1859533277114853,-9.378956502360104,-0.1469529247875847,0.0045073004439473,-0.0030560195446014,2.858492365570366,-0.0044154524803161
2025-04-30 01:00:16.594083300,18.08508325195313,0.0198240452003021,-0.0030580281745642,0.0145302850714525,-0.0010484310332685,-0.0332208473328786,0.988478637712345,-0.0642373964188431,left,-0.0019972920417785,-0.29577895804531,0.1859533277114853,-9.378956502360104,-0.1469529247875847,0.0040701190009713,-0.0027378275990486,2.858492365570366,-0.004939466714859
2025-04-30 01:00:16.634083300,18.125083251953125,0.0195394539154221,0.000774254091084,0.0143818259762161,-0.0020001933444291,-0.0332138149748535,0.988529324087836,-0.0642688030116308,left,0.0021763443946838,-0.2951125342117224,0.1833213352400809,-9.380911728081106,-0.1466280076773984,0.0005151936784386,-0.0042411861941218,2.852240027177334,-0.0039399564266204
2025-04-30 01:00:16.674083300,18.165083251953124,0.0195394539154221,0.0048599522560834,0.0143818259762161,0.006414127536118,-0.0332138149748535,0.988529324087836,-0.0642688030116308,left,-0.0031453371047973,-0.2951125342117224,0.1833213352400809,-9.380911728081106,-0.1466280076773984,-0.0037644198164343,-0.0030149202793836,2.852240027177334,-0.003907024860382
2025-04-30 01:00:16.714083000,18.2050830078125,0.0200408334674108,0.0034075789153575,0.0146030244370789,0.0111827291548252,-0.0330528803374106,0.9885187574790238,-0.0638678598393065,left,-0.0002686381340026,-0.2952971122300462,0.1880141509651206,-9.380292134878038,-0.1467138426417966,-0.0109777748584747,-0.0020536351948976,2.853971965536475,-0.0019435584545135
2025-04-30 01:00:16.754083000,18.2450830078125,0.0200408334674108,-0.0014620027504861,0.0146030244370789,0.0070522874593734,-0.0330528803374106,0.9885187574790238,-0.0638678598393065,left,0.0013931393623352,-0.2952971122300462,0.1880141509651206,-9.380292134878038,-0.1467138426417966,-0.0077066430822014,-0.0010389685630798,2.853971965536475,-0.0014640986919403
2025-04-30 01:00:16.794083300,18.285083251953125,0.0200408334674108,0.0022022176999598,0.0146030244370789,0.0051283524371683,-0.0330528803374106,0.9885187574790238,-0.0638678598393065,left,0.0009680390357971,-0.2952971122300462,0.1880141509651206,-9.380292134878038,-0.1467138426417966,-0.0021751699969172,-0.000472817569971,2.853971965536475,0.0006084442138671
2025-04-30 01:00:16.834083300,18.325083251953124,0.0200408334674108,0.0007522312225773,0.0146030244370789,0.001751737203449,-0.0330528803374106,0.9885187574790238,-0.0638678598393065,left,0.0004524588584899,-0.2952971122300462,0.1880141509651206,-9.380292134878038,-0.1467138426417966,-0.0007429922698065,0.0003177598118782,2.853971965536475,0.000575453042984
2025-04-30 01:00:16.874083300,18.365083251953124,0.0200408334674108,-0.000640041893348,0.0146030244370789,-0.0003062004689127,-0.0330528803374106,0.9885187574790238,-0.0638678598393065,left,-0.0005257725715637,-0.2952971122300462,0.1880141509651206,-9.380292134878038,-0.1467138426417966,-0.0004041667561978,0.0010205078870058,2.853971965536475,-0.0005643665790557
2025-04-30 01:00:16.914083300,18.40508325195313,0.0200408334674108,-0.0029833409935235,0.0146030244370789,-0.0018873277585953,-0.0330528803374106,0.9885187574790238,-0.0638678598393065,left,0.0021479129791259,-0.2952971122300462,0.1880141509651206,-9.380292134878038,-0.1467138426417966,0.0052149947732687,-0.000258320942521,2.853971965536475,-0.0019572377204895
2025-04-30 01:00:16.954083300,18.445083251953125,0.0200408334674108,-0.0027615698054432,0.0146030244370789,-0.0009948769584298,-0.0330528803374106,0.9885187574790238,-0.0638678598393065,left,-8.02278518676e-05,-0.2952971122300462,0.1880141509651206,-9.380292134878038,-0.1467138426417966,0.01428500469774,6.10705465078e-05,2.853971965536475,-0.0035931169986724
2025-04-30 01:00:16.994083000,18.4850830078125,0.0205489319594692,0.0003510694950819,0.0148404896952724,0.0014754268340766,-0.0330496752600477,0.988554918665372,-0.0637888679510343,left,0.000659167766571,-0.2947728436190678,0.1928109567875973,-9.38168972671628,-0.1464468724576017,0.0080468822270631,-0.001886224374175,2.849052629312873,-0.0025116503238677
2025-04-30 01:00:17.034083300,18.525083251953124,0.0205489319594692,0.0027930394280701,0.0148404896952724,-0.0019266104791313,-0.0330496752600477,0.988554918665372,-0.0637888679510343,left,0.0006320476531982,-0.2947728436190678,0.1928109567875973,-9.38168972671628,-0.1464468724576017,0.0015158904716372,-0.0014224760234355,2.849052629312873,-0.0031179189682006
2025-04-30 01:00:17.074083300,18.565083251953126,0.0205489319594692,0.0036368032451719,0.0148404896952724,-0.0031021027825772,-0.0330496752600477,0.988554918665372,-0.0637888679510343,left,0.0001001358032226,-0.2947728436190678,0.1928109567875973,-9.38168972671628,-0.1464468724576017,-0.0007407364901155,-0.0019995477050542,2.849052629312873,-0.0034915208816528
2025-04-30 01:00:17.114083300,18.60508325195313,0.0205489319594692,0.0037260497920215,0.0148404896952724,-0.0031110448762774,-0.0330496752600477,0.988554918665372,-0.0637888679510343,left,0.0003860592842102,-0.2947728436190678,0.1928109567875973,-9.38168972671628,-0.1464468724576017,-0.0027153994888067,-0.0021907780319452,2.849052629312873,-0.0030850768089294
2025-04-30 01:00:17.154083300,18.645083251953125,0.0205489319594692,-0.0026615606620907,0.0148404896952724,-0.0021729883737862,-0.0330496752600477,0.988554918665372,-0.0637888679510343,left,0.0001879930496215,-0.2947728436190678,0.1928109567875973,-9.38168972671628,-0.1464468724576017,-0.0033532548695802,-0.0015138946473598,2.849052629312873,-0.0025868415832519
2025-04-30 01:00:17.194083300,18.685083251953124,0.0205489319594692,-0.0044826054945588,0.0148404896952724,-0.0043453564867377,-0.0330496752600477,0.988554918665372,-0.0637888679510343,left,0.0003883242607116,-0.2947728436190678,0.1928109567875973,-9.38168972671628,-0.1464468724576017,-0.0017642971361055,-0.0023044738918542,2.849052629312873,-0.0006152987480163
2025-04-30 01:00:17.234083000,18.7250830078125,0.0205489319594692,0.0027816295623779,0.0148404896952724,-0.002932253293693,-0.0330496752600477,0.988554918665372,-0.0637888679510343,left,0.0003286600112915,-0.2947728436190678,0.1928109567875973,-9.38168972671628,-0.1464468724576017,0.0035907975398004,-0.0033002886921167,2.849052629312873,0.0001855194568634
2025-04-30 01:00:17.274083300,18.76508325195313,0.0199678592424397,0.002466166159138,0.014533505166465,-0.0030240563210099,-0.032869370304906,0.988560584660106,-0.0635099401691604,left,0.000352919101715,-0.294816467982041,0.1873570022306405,-9.381676282712816,-0.1464800597796977,0.0044016046449542,-0.0031224563717842,2.8494620868965983,-0.0016416907310485
2025-04-30 01:00:17.314083300,18.805083251953125,0.0199678592424397,-0.0004930095747113,0.014533505166465,-0.0002461110707372,-0.032869370304906,0.988560584660106,-0.0635099401691604,left,-0.0010123252868652,-0.294816467982041,0.1873570022306405,-9.381676282712816,-0.1464800597796977,0.0047573647461831,-0.0035043312236666,2.8494620868965983,-0.0037617683410644
2025-04-30 01:00:17.354083300,18.845083251953124,0.0199678592424397,-0.0061427131295204,0.014533505166465,0.003449005074799,-0.032869370304906,0.988560584660106,-0.0635099401691604,left,-0.000882089138031,-0.294816467982041,0.1873570022306405,-9.381676282712816,-0.1464800597796977,0.0052246768027544,-0.0020418968051671,2.8494620868965983,-0.0037243366241455
2025-04-30 01:00:17.394083300,18.885083251953127,0.0199678592424397,-0.0111852567642927,0.014533505166465,0.0011753358412533,-0.032869370304906,0.988560584660106,-0.0635099401691604,left,0.0013659596443176,-0.294816467982041,0.1873570022306405,-9.381676282712816,-0.1464800597796977,0.0020191252697259,-0.0017279349267482,2.8494620868965983,-0.0031817853450775
2025-04-30 01:00:17.434083300,18.92508325195313,0.0199678592424397,-0.0112090753391385,0.014533505166465,-0.001231244765222,-0.032869370304906,0.988560584660106,-0.0635099401691604,left,-0.0009159445762634,-0.294816467982041,0.1873570022306405,-9.381676282712816,-0.1464800597796977,5.23193739354e-05,-0.0011934265494346,2.8494620868965983,-0.0026981532573699
2025-04-30 01:00:17.474083000,18.9650830078125,0.0194626315855201,-0.0033164853230118,0.0143372353880573,-0.0076000783592462,-0.0332051276588512,0.9885606045006782,-0.0642646880529388,left,0.0024464130401611,-0.2946961839342533,0.1826237631636671,-9.382112336042525,-0.1464234990078509,-0.0038303842302411,-0.0033689457923173,2.848333375127613,-0.0023266077041625
2025-04-30 01:00:17.514083000,19.0050830078125,0.0194626315855201,0.009436510503292,0.0143372353880573,0.0070227868854999,-0.0332051276588512,0.9885606045006782,-0.0642646880529388,left,-0.0041345953941345,-0.2946961839342533,0.1826237631636671,-9.382112336042525,-0.1464234990078509,-0.0052938843145966,-0.0020922180265188,2.848333375127613,-0.0018641352653503
2025-04-30 01:00:17.554083300,19.045083251953123,0.0194626315855201,0.004602369852364,0.0143372353880573,0.0079132905229926,-0.0332051276588512,0.9885606045006782,-0.0642646880529388,left,0.0005185008049011,-0.2946961839342533,0.1826237631636671,-9.382112336042525,-0.1464234990078509,-0.0096818394958972,-0.0033725006505846,2.848333375127613,-0.0025896728038787
2025-04-30 01:00:17.594083300,19.08508325195313,0.0200387315671396,-0.0028506889939308,0.014611462196525,0.0063003497198224,-0.0331168948061219,0.988516859408962,-0.0639977046208953,left,0.0009588599205017,-0.295293904853503,0.1879946242807433,-9.380301487228271,-0.1467113439098921,-0.0082382317632436,-0.0024899579584598,2.853941862659156,-0.0023697018623352
2025-04-30 01:00:17.634083300,19.125083251953125,0.0200387315671396,-0.0020863451063632,0.014611462196525,0.0101686362177133,-0.0331168948061219,0.988516859408962,-0.0639977046208953,left,-0.0007525086402893,-0.295293904853503,0.1879946242807433,-9.380301487228271,-0.1467113439098921,-0.0014725308865308,-0.002457657828927,2.853941862659156,-0.0009127855300903
2025-04-30 01:00:17.674083300,19.165083251953124,0.0207838462412616,-0.0005419239168986,0.0149847685555661,0.0099775437265634,-0.0331946235737551,0.9885025137268524,-0.0640437701243741,left,0.0006014108657836,-0.2954033483661894,0.1949774689054116,-9.379846729198098,-0.1467527494932187,0.0028803022578358,-0.0012978538870811,2.8549685753583907,-0.0011236667633056
2025-04-30 01:00:17.714083000,19.2050830078125,0.0207838462412616,-0.0045578242279589,0.0149847685555661,0.0042114988900721,-0.0331946235737551,0.9885025137268524,-0.0640437701243741,left,0.0012714862823486,-0.2954033483661894,0.1949774689054116,-9.379846729198098,-0.1467527494932187,0.0019862989429384,0.000653700903058,2.8549685753583907,-0.0016674399375915
2025-04-30 01:00:17.754083000,19.2450830078125,0.0207838462412616,-0.0051351394504308,0.0149847685555661,-0.0020053097978234,-0.0331946235737551,0.9885025137268524,-0.0640437701243741,left,0.0022871494293212,-0.2954033483661894,0.1949774689054116,-9.379846729198098,-0.1467527494932187,0.0001340891467407,-7.61449337e-06,2.8549685753583907,-0.003277450799942
2025-04-30 01:00:17.794083300,19.285083251953125,0.0207838462412616,-0.0025967529509216,0.0149847685555661,0.0022583128884434,-0.0331946235737551,0.9885025137268524,-0.0640437701243741,left,-0.0013539195060729,-0.2954033483661894,0.1949774689054116,-9.379846729198098,-0.1467527494932187,0.0078294035047292,0.0029778014868497,2.8549685753583907,-0.0041862428188323
2025-04-30 01:00:17.834083300,19.325083251953124,0.0211309663718472,-0.0044186855666339,0.0151864380076014,0.0006447227206081,-0.0334733270474914,0.9885286525174996,-0.064559055693379,left,0.0003779530525207,-0.2948960457753947,0.1982639797627925,-9.381225031813978,-0.1464923161196493,0.0033703888766467,0.0006666425615549,2.850208813610673,-0.0023086965084075
2025-04-30 01:00:17.874083300,19.365083251953124,0.0211309663718472,0.000125499907881,0.0151864380076014,-0.0046857437118887,-0.0334733270474914,0.9885286525174996,-0.064559055693379,left,0.0005162358283996,-0.2948960457753947,0.1982639797627925,-9.381225031813978,-0.1464923161196493,-0.0007129828445613,-0.0003221556544303,2.850208813610673,-0.0022386610507965
2025-04-30 01:00:17.914083300,19.40508325195313,0.0211309663718472,0.0054404865950345,0.0151864380076014,-0.0068341884762048,-0.0334733270474914,0.9885286525174996,-0.064559055693379,left,0.0010068416595458,-0.2948960457753947,0.1982639797627925,-9.381225031813978,-0.1464923161196493,-0.0015630281995981,-0.0007356218993663,2.850208813610673,-0.0017455518245697
2025-04-30 01:00:17.954083300,19.445083251953125,0.0211309663718472,0.0067743845283985,0.0151864380076014,-0.0097806090489029,-0.0334733270474914,0.9885286525174996,-0.064559055693379,left,0.0008184313774108,-0.2948960457753947,0.1982639797627925,-9.381225031813978,-0.1464923161196493,-0.0064683798700571,-0.0014079064130783,2.850208813610673,-0.0026005804538726
2025-04-30 01:00:17.994083000,19.4850830078125,0.0204687890715766,-0.0007982347160577,0.0148392526606952,-0.0124473012983798,-0.0332684004605738,0.98852250176911,-0.0642413638039401,left,0.0002947449684143,-0.2951193028449786,0.1920388581702485,-9.38071825133562,-0.1466161065393527,-0.0034453589469194,-0.0016237311065196,2.8523037400633093,-0.0042755603790283
2025-04-30 01:00:18.034083300,19.525083251953124,0.0196978548713619,-0.0031680027022957,0.0144627657084163,-0.0141945527866482,-0.0332399141300003,0.9885252566116716,-0.0642979439057165,left,0.0002436637878417,-0.2951463116578048,0.184805381519068,-9.380786055874824,-0.146641855733717,-2.37999483942e-05,-0.0025381185114383,2.852557130302489,-0.001379370689392
2025-04-30 01:00:18.074083300,19.565083251953126,0.0192699257136024,0.0017532324418425,0.0142405028723165,-0.010034923441708,-0.0331385783876465,0.9885325090877216,-0.0641565237233412,left,-0.0009450316429138,-0.2951209502990725,0.18079243781697,-9.380936862522365,-0.1466374402436878,-0.0010899194749072,-0.0034582717344164,2.852319229893386,-0.0010545253753662
2025-04-30 01:00:18.114083300,19.60508325195313,0.0192699257136024,0.0066744680516421,0.0142405028723165,-0.0058752936311066,-0.0331385783876465,0.9885325090877216,-0.0641565237233412,left,-0.0021491050720214,-0.2951209502990725,0.18079243781697,-9.380936862522365,-0.1466374402436878,-0.0021560390014201,-0.0047876322641968,2.852319229893386,-0.0007539689540863
2025-04-30 01:00:18.154083300,19.645083251953125,0.0189217139314313,0.0026639630086719,0.0140449972175281,0.0024110884405672,-0.032963112049122,0.9885457528573705,-0.0638535457796797,left,-0.0013248920440673,-0.2950427101128841,0.1775300932864658,-9.381222109204533,-0.146606659587641,0.0020152663346379,-0.0032420121133327,2.85158507039994,-0.0030015408992767
2025-04-30 01:00:18.194083300,19.685083251953124,0.0189217139314313,-0.0054940045811235,0.0140449972175281,0.004734368994832,-0.032963112049122,0.9885457528573705,-0.0638535457796797,left,0.000311255455017,-0.2950427101128841,0.1775300932864658,-9.381222109204533,-0.146606659587641,0.0057604126632213,-0.0024469252675771,2.85158507039994,-0.0045485496520996
2025-04-30 01:00:18.234083000,19.7250830078125,0.0188023967451386,-0.0116715766489505,0.0140130592770482,0.0041415933519601,-0.0331670132268619,0.9885617202979592,-0.0642851702331351,left,-0.0016042590141296,-0.2947399888351784,0.1764269726164639,-9.382105906301735,-0.1464559634814755,0.0032568294554948,-0.0011927168816328,2.848744586277008,-0.003419816493988
2025-04-30 01:00:18.274083300,19.76508325195313,0.0188023967451386,-0.0075694657862186,0.0140130592770482,-0.0023143365979194,-0.0331670132268619,0.9885617202979592,-0.0642851702331351,left,0.0025919675827026,-0.2947399888351784,0.1764269726164639,-9.382105906301735,-0.1464559634814755,0.0017859103390946,-0.0032222364097833,2.848744586277008,-0.0041502118110656
2025-04-30 01:00:18.314083300,19.805083251953125,0.0188023967451386,0.0026753293350338,0.0140130592770482,0.0071036666631698,-0.0331670132268619,0.9885617202979592,-0.0642851702331351,left,-0.0044023394584655,-0.2947399888351784,0.1764269726164639,-9.382105906301735,-0.1464559634814755,-0.0067831580527126,-0.0006690416485071,2.848744586277008,0.0009333789348602
2025-04-30 01:00:18.354083300,19.845083251953124,0.0188023967451386,0.007595810573548,0.0140130592770482,0.0052599408663809,-0.0331670132268619,0.9885617202979592,-0.0642851702331351,left,0.0006197094917297,-0.2947399888351784,0.1764269726164639,-9.382105906301735,-0.1464559634814755,-0.0158640556037426,-0.0006098467856645,2.848744586277008,-0.000397115945816
2025-04-30 01:00:18.394083300,19.885083251953127,0.0191808326882977,0.0025753416121006,0.0142005466724478,0.0051477439701557,-0.0331564607477211,0.9885300848079174,-0.0642057729532306,left,0.0006434917449951,-0.2951518987227577,0.1799549640795215,-9.380864381808042,-0.1466538593572185,-0.0087621444836258,-0.0004995055496692,2.852609445011616,-0.0004833936691284
2025-04-30 01:00:18.434083300,19.92508325195313,0.0191808326882977,-0.0024451273493468,0.0142005466724478,0.0050355475395917,-0.0331564607477211,0.9885300848079174,-0.0642057729532306,left,0.0007938146591186,-0.2951518987227577,0.1799549640795215,-9.380864381808042,-0.1466538593572185,-0.0016602328978478,-2.94130295515e-05,2.852609445011616,-0.0001755356788635
2025-04-30 01:00:18.474083000,19.9650830078125,0.0191808326882977,-0.002353781601414,0.0142005466724478,0.0021715071052312,-0.0331564607477211,0.9885300848079174,-0.0642057729532306,left,0.0004435181617736,-0.2951518987227577,0.1799549640795215,-9.380864381808042,-0.1466538593572185,-0.0041944338008761,0.0003505162894725,2.852609445011616,0.0003900527954101
2025-04-30 01:00:18.514083000,20.0050830078125,0.0195639396018945,-0.0025844441261142,0.0144141770657861,0.0023667418863624,-0.0332940587559981,0.9884838505351566,-0.0644246309900987,left,-0.0006854534149169,-0.2956928854112181,0.1835186113778501,-9.379250516870618,-0.1469133367491142,-0.0007688184268772,-1.05127692222e-05,2.857684848579764,-0.0007137954235076
2025-04-30 01:00:18.554083300,20.045083251953123,0.0195639396018945,0.0041215950623154,0.0144141770657861,0.0037987236864864,-0.0332940587559981,0.9884838505351566,-0.0644246309900987,left,-0.0017095208168029,-0.2956928854112181,0.1835186113778501,-9.379250516870618,-0.1469133367491142,0.0025366896297782,3.99369746446e-05,2.857684848579764,-0.0025067031383514
2025-04-30 01:00:18.594083300,20.08508325195313,0.0195639396018945,0.0108276344835758,0.0144141770657861,0.0052307057194411,-0.0332940587559981,0.9884838505351566,-0.0644246309900987,left,-0.0027335882186889,-0.2956928854112181,0.1835186113778501,-9.379250516870618,-0.1469133367491142,0.0058421976864337,9.03867185115e-05,2.857684848579764,-0.0042996108531951
2025-04-30 01:00:18.634083300,20.125083251953125,0.0195639396018945,0.0066337180323898,0.0144141770657861,-0.0003404910676181,-0.0332940587559981,0.9884838505351566,-0.0644246309900987,left,0.000995397567749,-0.2956928854112181,0.1835186113778501,-9.379250516870618,-0.1469133367491142,0.0010022930800914,-0.0012324005365371,2.857684848579764,-0.005488783121109
2025-04-30 01:00:18.674083300,20.165083251953124,0.0195639396018945,0.0027785322163254,0.0144141770657861,0.0002372398157604,-0.0332940587559981,0.9884838505351566,-0.0644246309900987,left,-0.0009351968765258,-0.2956928854112181,0.1835186113778501,-9.379250516870618,-0.1469133367491142,-0.0034303981810808,-0.0007475987076759,2.857684848579764,-0.0043182671070098
2025-04-30 01:00:18.714083000,20.2050830078125,0.0195639396018945,-0.0012122278567403,0.0144141770657861,0.0043935407884418,-0.0332940587559981,0.9884838505351566,-0.0644246309900987,left,-0.0004466772079467,-0.2956928854112181,0.1835186113778501,-9.379250516870618,-0.1469133367491142,-0.0033619145397096,-0.0012893043458461,2.857684848579764,-0.0038860142230987
2025-04-30 01:00:18.754083000,20.2450830078125,0.0195639396018945,-0.002534070983529,0.0144141770657861,0.0039671552367508,-0.0332940587559981,0.9884838505351566,-0.0644246309900987,left,-0.0001133680343627,-0.2956928854112181,0.1835186113778501,-9.379250516870618,-0.1469133367491142,-0.0027443643193691,-2.9448419809e-06,2.857684848579764,-0.0013248324394226
2025-04-30 01:00:18.794083300,20.285083251953125,0.0195639396018945,-0.0022703499998897,0.0144141770657861,-0.0009487145580351,-0.0332940587559981,0.9884838505351566,-0.0644246309900987,left,0.0012650489807128,-0.2956928854112181,0.1835186113778501,-9.379250516870618,-0.1469133367491142,0.0009354793000966,-0.0001627076417207,2.857684848579764,-0.0015408992767333
2025-04-30 01:00:18.834083300,20.325083251953124,0.0195639396018945,0.0005447785370051,0.0144141770657861,-0.0071200495585799,-0.0332940587559981,0.9884838505351566,-0.0644246309900987,left,0.0007161498069763,-0.2956928854112181,0.1835186113778501,-9.379250516870618,-0.1469133367491142,0.0017282698536291,-0.0012182407081127,2.857684848579764,-0.0005914866924285
2025-04-30 01:00:18.874083300,20.365083251953124,0.0195639396018945,0.0071218032389879,0.0144141770657861,-0.0108527429401874,-0.0332940587559981,0.9884838505351566,-0.0644246309900987,left,-2.33650207519e-05,-0.2956928854112181,0.1835186113778501,-9.379250516870618,-0.1469133367491142,-0.0019407147774472,-0.0025407224893569,2.857684848579764,-0.0004898309707641
2025-04-30 01:00:18.914083300,20.40508325195313,0.0192548400318833,0.0058253123424947,0.0142124220532388,-0.0075887432321906,-0.0329501366595807,0.988502974550799,-0.0637751253335708,left,-0.0013694763183593,-0.2956082803793046,0.1806241320453584,-9.379548623034358,-0.146881296894592,0.0014426725683733,-0.0022875871509313,2.8568913601145147,-0.0028891563415527
2025-04-30 01:00:18.954083300,20.445083251953125,0.0192548400318833,0.0004835575819015,0.0142124220532388,-0.0069654290564358,-0.0329501366595807,0.988502974550799,-0.0637751253335708,left,0.0002557039260864,-0.2956082803793046,0.1806241320453584,-9.379548623034358,-0.146881296894592,0.0046381973661482,-0.0022923778742551,2.8568913601145147,-0.0044560134410858
2025-04-30 01:00:18.994083000,20.4850830078125,0.0189224646191729,0.0010257232934236,0.0140280700555691,-0.0018346104770898,-0.0328202064815169,0.9885309659565686,-0.0635630548405575,left,-0.0002864599227905,-0.2953088151364197,0.1775227867628447,-9.380463399791717,-0.1467402200432512,0.0019259648397564,-0.0036696419119834,2.854081855651736,-0.0025762021541595
2025-04-30 01:00:19.034083300,20.525083251953124,0.0189224646191729,0.0024572554975748,0.0140280700555691,0.0018442752771079,-0.0328202064815169,0.9885309659565686,-0.0635630548405575,left,-0.0031778812408447,-0.2953088151364197,0.1775227867628447,-9.380463399791717,-0.1467402200432512,0.0038062226958572,-0.0051018139347434,2.854081855651736,-0.003628134727478
2025-04-30 01:00:19.074083300,20.565083251953126,0.0189224646191729,0.0047205667942762,0.0140280700555691,0.0171795208007097,-0.0328202064815169,0.9885309659565686,-0.0635630548405575,left,-0.0050926208496093,-0.2953088151364197,0.1775227867628447,-9.380463399791717,-0.1467402200432512,-0.007747562136501,-0.0042725764214992,2.854081855651736,-0.0015851259231567
2025-04-30 01:00:19.114083300,20.60508325195313,0.0197353138913986,-0.0015521482564508,0.0144215102365139,0.0147532653063535,-0.0327988358231458,0.9885091364988692,-0.0633978500387161,left,0.0010429620742797,-0.295562851626081,0.1851333165654912,-9.379590708610417,-0.1468536371947684,-0.0112227704375982,-0.0024806465953588,2.856464951395988,-0.0034646093845367
2025-04-30 01:00:19.154083300,20.645083251953125,0.0197353138913986,-0.0025327985640615,0.0144215102365139,0.0052812090143561,-0.0327988358231458,0.9885091364988692,-0.0633978500387161,left,0.0034655928611755,-0.295562851626081,0.1851333165654912,-9.379590708610417,-0.1468536371947684,-0.0003457302227616,-0.0005464479327201,2.856464951395988,-0.0016644895076751
2025-04-30 01:00:19.194083300,20.685083251953124,0.0197353138913986,0.0017021431121975,0.0144215102365139,-0.0005973326042294,-0.0327988358231458,0.9885091364988692,-0.0633978500387161,left,0.0009379982948303,-0.295562851626081,0.1851333165654912,-9.379590708610417,-0.1468536371947684,-0.0002017652295762,0.0003649592399597,2.856464951395988,-0.0002707839012145
2025-04-30 01:00:19.234083000,20.7250830078125,0.0197353138913986,0.0014942791312932,0.0144215102365139,-0.0009909374639391,-0.0327988358231458,0.9885091364988692,-0.0633978500387161,left,-0.0006682276725769,-0.295562851626081,0.1851333165654912,-9.379590708610417,-0.1468536371947684,-0.0004731754306703,0.0014360956847667,2.856464951395988,-0.0016788244247436
2025-04-30 01:00:19.274083300,20.76508325195313,0.0197353138913986,8.54540849104e-05,0.0144215102365139,-0.0035670804791152,-0.0327988358231458,0.9885091364988692,-0.0633978500387161,left,7.6293945312e-06,-0.295562851626081,0.1851333165654912,-9.379590708610417,-0.1468536371947684,0.0036007168237119,0.0002729464322328,2.856464951395988,-0.0020106434822082
2025-04-30 01:00:19.314083300,20.805083251953125,0.0197353138913986,-0.0013233710778877,0.0144215102365139,-0.0061432234942913,-0.0327988358231458,0.9885091364988692,-0.0633978500387161,left,0.0006834864616394,-0.295562851626081,0.1851333165654912,-9.379590708610417,-0.1468536371947684,0.007674609310925,-0.000890202820301,2.856464951395988,-0.0023424625396728
2025-04-30 01:00:19.354083300,20.845083251953124,0.0197353138913986,0.0033752280287444,0.0144215102365139,0.0030192164704203,-0.0327988358231458,0.9885091364988692,-0.0633978500387161,left,-0.0002923011779785,-0.295562851626081,0.1851333165654912,-9.379590708610417,-0.1468536371947684,0.0079611632972955,-0.0006298311054706,2.856464951395988,-0.0034208893775939
2025-04-30 01:00:19.394083300,20.885083251953127,0.0199853401875771,0.0021433096844702,0.0145406497333464,-0.0059364270418882,-0.0328486444597641,0.9885522926686812,-0.0634647794747925,left,0.0014451742172241,-0.2949375987998171,0.1875141107548028,-9.381327907666565,-0.1465399781264274,0.0006082402542233,-0.0015880707651376,2.8505986897110938,-0.0026664733886718
2025-04-30 01:00:19.434083300,20.92508325195313,0.0199853401875771,0.0041431784629821,0.0145406497333464,-0.0085286954417824,-0.0328486444597641,0.9885522926686812,-0.0634647794747925,left,0.0002364516258239,-0.2949375987998171,0.1875141107548028,-9.381327907666565,-0.1465399781264274,-0.0023902209941297,-0.0032026097178459,2.8505986897110938,-0.0030191540718078
2025-04-30 01:00:19.474083000,20.9650830078125,0.0199853401875771,0.0045535960234701,0.0145406497333464,-0.00721903052181,-0.0328486444597641,0.9885522926686812,-0.0634647794747925,left,-0.0005007982254028,-0.2949375987998171,0.1875141107548028,-9.381327907666565,-0.1465399781264274,-0.0052549922838807,-0.0056449063122272,2.8505986897110938,-0.0025259256362915
2025-04-30 01:00:19.514083000,21.0050830078125,0.0199853401875771,-0.0006088814698159,0.0145406497333464,-0.0030395234934985,-0.0328486444597641,0.9885522926686812,-0.0634647794747925,left,-0.0017794370651245,-0.2949375987998171,0.1875141107548028,-9.381327907666565,-0.1465399781264274,-0.0067779901437461,-0.0058157751336693,2.8505986897110938,-0.0037396550178527
2025-04-30 01:00:19.554083300,21.045083251953123,0.0199853401875771,-0.0077670654281973,0.0145406497333464,0.0066509586758911,-0.0328486444597641,0.9885522926686812,-0.0634647794747925,left,-0.0019497275352478,-0.2949375987998171,0.1875141107548028,-9.381327907666565,-0.1465399781264274,-0.0050826626829802,-0.0038725491613149,2.8505986897110938,-0.0038196444511413
2025-04-30 01:00:19.594083300,21.08508325195313,0.0199853401875771,-0.0063658603467047,0.0145406497333464,0.0056350310333073,-0.0328486444597641,0.9885522926686812,-0.0634647794747925,left,0.0012850761413574,-0.2949375987998171,0.1875141107548028,-9.381327907666565,-0.1465399781264274,-0.0004524262621998,-0.0027126017957925,2.8505986897110938,-0.0013017654418945
2025-04-30 01:00:19.634083300,21.125083251953125,0.0199853401875771,0.0006942343898117,0.0145406497333464,0.0032570483162999,-0.0328486444597641,0.9885522926686812,-0.0634647794747925,left,0.0005700588226318,-0.2949375987998171,0.1875141107548028,-9.381327907666565,-0.1465399781264274,0.0046444702893495,-0.0012372471392154,2.8505986897110938,-0.0003088414669036
2025-04-30 01:00:19.674083300,21.165083251953124,0.0199853401875771,0.0053955130279064,0.0145406497333464,0.0043296478688716,-0.0328486444597641,0.9885522926686812,-0.0634647794747925,left,-0.0001620054244995,-0.2949375987998171,0.1875141107548028,-9.381327907666565,-0.1465399781264274,0.0032449017744511,-0.0005745086818933,2.8505986897110938,-0.0004629790782928
2025-04-30 01:00:19.714083000,21.2050830078125,0.0199853401875771,-0.0019467626698315,0.0145406497333464,0.0054613081738352,-0.0328486444597641,0.9885522926686812,-0.0634647794747925,left,-0.0001960396766662,-0.2949375987998171,0.1875141107548028,-9.381327907666565,-0.1465399781264274,0.0032370707485824,-0.0001476742327213,2.8505986897110938,-0.0058687925338745
2025-04-30 01:00:19.754083000,21.2450830078125,0.0199853401875771,-0.0068808048963546,0.0145406497333464,0.0065636551007628,-0.0328486444597641,0.9885522926686812,-0.0634647794747925,left,0.0023665428161621,-0.2949375987998171,0.1875141107548028,-9.381327907666565,-0.1465399781264274,0.0012874325038865,-0.0010348781943321,2.8505986897110938,-0.0046265423297882
2025-04-30 01:00:19.794083300,21.285083251953125,0.0199853401875771,-0.0039375573396682,0.0145406497333464,0.0072478353977203,-0.0328486444597641,0.9885522926686812,-0.0634647794747925,left,-0.0019358992576599,-0.2949375987998171,0.1875141107548028,-9.381327907666565,-0.1465399781264274,-0.0002435613423585,6.28605484962e-05,2.8505986897110938,-0.0024541020393371
2025-04-30 01:00:19.834083300,21.325083251953124,0.0205822413762471,0.0071183871477842,0.0148554025259061,0.0087298108264803,-0.0330114355336148,0.9885334974789892,-0.0637048642390142,left,4.36305999755e-05,-0.2950796360125073,0.1931054644884541,-9.380809436750411,-0.14659859758043,-0.0071357078850269,0.0001616738736629,2.851931399619579,-0.0001562237739562
2025-04-30 01:00:19.874083300,21.365083251953124,0.0205822413762471,0.0069325836375355,0.0148554025259061,-0.0002180747687816,-0.0330114355336148,0.9885334974789892,-0.0637048642390142,left,0.0032670497894287,-0.2950796360125073,0.1931054644884541,-9.380809436750411,-0.14659859758043,-0.0047976877540349,0.0006664637476205,2.851931399619579,-0.0028561651706695
2025-04-30 01:00:19.914083300,21.40508325195313,0.0205822413762471,0.0092319771647453,0.0148554025259061,-0.0067497417330741,-0.0330114355336148,0.9885334974789892,-0.0637048642390142,left,0.0014193058013916,-0.2950796360125073,0.1931054644884541,-9.380809436750411,-0.14659859758043,-0.0002580671571195,0.0004364624619483,2.851931399619579,-0.0008089840412139
2025-04-30 01:00:19.954083300,21.445083251953125,0.020511897778397,0.0049210786819458,0.014791462661766,-0.0050368579104542,-0.0327765860560088,0.9885166913107806,-0.0632382665509948,left,0.0008869767189025,-0.2954175256076568,0.192425793394912,-9.37985900415778,-0.146770251538949,-0.0026240302249789,-0.0002165511250495,2.8551015540882942,-0.0019755065441131
2025-04-30 01:00:19.994083000,21.4850830078125,0.0204416925237479,0.0006101797334849,0.0147275181203959,-0.003323973622173,-0.0325417829747237,0.9884999225604132,-0.0627717576290083,left,0.0003544688224792,-0.295755525270887,0.191747547073476,-9.378906817999482,-0.1469419112970077,-0.0049899937584996,-0.0008696932345628,2.858272585339844,-0.0031420886516571
2025-04-30 01:00:20.034083300,21.525083251953124,0.0202777618767336,-0.0013831821270287,0.0146442545399328,-0.0045473268255591,-0.0324922806136255,0.98848534547003,-0.0626947084322963,left,0.0009548068046569,-0.2959875146036328,0.1901966095707379,-9.378274949836731,-0.1470597997089216,-0.0028080414049327,-0.0007365737110376,2.860448760335147,-0.002009630203247
2025-04-30 01:00:20.074083300,21.565083251953126,0.0202777618767336,-7.95142259448e-05,0.0146442545399328,-0.0083249108865857,-0.0324922806136255,0.98848534547003,-0.0626947084322963,left,-0.0004408955574035,-0.2959875146036328,0.1901966095707379,-9.378274949836731,-0.1470597997089216,0.0053097601048648,-0.0012720357626676,2.860448760335147,-0.0032131373882293
2025-04-30 01:00:20.114083300,21.60508325195313,0.0202777618767336,0.0041364040225744,0.0146442545399328,-0.0050279917195439,-0.0324922806136255,0.98848534547003,-0.0626947084322963,left,-0.000458538532257,-0.2959875146036328,0.1901966095707379,-9.378274949836731,-0.1470597997089216,0.0070923510938882,-0.0024269334971904,2.860448760335147,-0.0027812123298645
2025-04-30 01:00:20.154083300,21.645083251953125,0.0197497050907534,0.0034734271466732,0.0143583996657163,-0.0101050045341253,-0.0323195079089837,0.9885189860231782,-0.0624255035857949,left,-0.0001903176307678,-0.2956427327508875,0.1852637928110547,-9.37935982246399,-0.1468998822402338,0.0011214739643037,-0.0020238105207681,2.8572143084585666,-0.0042418837547302
2025-04-30 01:00:20.194083300,21.685083251953124,0.0197497050907534,0.0062638605013489,0.0143583996657163,-0.0054225344210863,-0.0323195079089837,0.9885189860231782,-0.0624255035857949,left,-0.0006970167160034,-0.2956427327508875,0.1852637928110547,-9.37935982246399,-0.1468998822402338,-0.0008075970690697,-0.0030911993235349,2.8572143084585666,-0.0041700899600982
2025-04-30 01:00:20.234083000,21.7250830078125,0.0193430351644832,0.0046037696301937,0.0141320143328507,-0.0036938418634235,-0.0321148519990797,0.988524462974714,-0.062071661121782,left,2.40802764892e-05,-0.2956840655454908,0.1814471753986552,-9.379315983322265,-0.1469293948756428,-0.0036456836387515,-0.0027697682380676,2.8576021387323736,-0.0042150318622589
2025-04-30 01:00:20.274083300,21.76508325195313,0.0193430351644832,0.0011419730726629,0.0141320143328507,-6.20612408965e-05,-0.0321148519990797,0.988524462974714,-0.062071661121782,left,0.000467836856842,-0.2956840655454908,0.1814471753986552,-9.379315983322265,-0.1469293948756428,-0.0058179451152682,-0.0022410061210393,2.8576021387323736,-0.0042139291763305
2025-04-30 01:00:20.314083300,21.805083251953125,0.0193430351644832,-0.0005305890226736,0.0141320143328507,-0.0051261940971016,-0.0321148519990797,0.988524462974714,-0.062071661121782,left,0.0009203553199768,-0.2956840655454908,0.1814471753986552,-9.379315983322265,-0.1469293948756428,-0.0051445211283862,-0.0026766452938318,2.8576021387323736,-0.0017229616641998
2025-04-30 01:00:20.354083300,21.845083251953124,0.0187588719222625,0.0062149353325366,0.0138339953828116,-0.0079668890684843,-0.031962180872582,0.9884956744611324,-0.0618472490792224,left,0.0008135437965393,-0.2961770745263957,0.1759416550512425,-9.378010745942593,-0.1471840262299804,-0.0051601668819785,-0.0036376630887389,2.862226875923574,-0.0007179677486419
2025-04-30 01:00:20.394083300,21.885083251953127,0.0184445462883646,0.0109516400843858,0.0136482466984376,-0.0082234535366296,-0.0317095627030156,0.9884855191938292,-0.0613816999860933,left,-0.0006581544876098,-0.2964439836169159,0.1729797913046553,-9.377301136368512,-0.1473241578294027,-0.002740554511547,-0.0034784087911248,2.8647300909161566,-0.0030652284622192
2025-04-30 01:00:20.434083300,21.92508325195313,0.0183883227142549,0.001910051330924,0.0135913339632197,-0.0008239829912781,-0.0315009167537867,0.988485404480056,-0.060967487150367,left,-0.0006778240203857,-0.2965405487335643,0.1724474745262414,-9.377034594386815,-0.1473755831822356,-0.0010611466132104,-0.0027835946530103,2.865635807584226,-0.0055243372917175
2025-04-30 01:00:20.474083000,21.9650830078125,0.0183558140377782,-0.0004924503155052,0.0136017157560753,0.0046664765104651,-0.0316594123422938,0.9884676628690122,-0.061292221207253,left,0.0002931356430053,-0.2967147466856127,0.1721334766736254,-9.37654125791192,-0.1474599835067922,-0.0032813055440783,-0.0039243465289473,2.8672695462659,-0.0038340091705322
2025-04-30 01:00:20.514083000,22.0050830078125,0.0183558140377782,-0.0028949521947652,0.0136017157560753,0.0101569360122084,-0.0316594123422938,0.9884676628690122,-0.061292221207253,left,0.0013144612312316,-0.2967147466856127,0.1721334766736254,-9.37654125791192,-0.1474599835067922,-0.0055014644749462,-0.0050971237942576,2.8672695462659,-0.0019770860671997
2025-04-30 01:00:20.554083300,22.045083251953123,0.0183558140377782,-0.0019137870986014,0.0136017157560753,0.0148571021854877,-0.0316594123422938,0.9884676628690122,-0.061292221207253,left,-0.0032676458358764,-0.2967147466856127,0.1721334766736254,-9.37654125791192,-0.1474599835067922,-0.0034878230653703,-0.0041606584563851,2.8672695462659,-0.0036994814872741
2025-04-30 01:00:20.594083300,22.08508325195313,0.0190821613427166,-0.0021045270841568,0.0139971587304951,0.0180987399071455,-0.031901116472319,0.9884127348713224,-0.0616699992453953,left,-0.0018075108528137,-0.2973066575928904,0.1789116473053582,-9.37471521152854,-0.1477384038785057,-0.0167971793562173,-0.0044022025540471,2.872820166130364,-0.0006351470947265
2025-04-30 01:00:20.634083300,22.125083251953125,0.0197589241920468,-0.0060672620311379,0.0143629642623409,0.0143419224768877,-0.0320781330187395,0.9883391764903008,-0.0619224703980755,left,0.0008455514907836,-0.2981778783616842,0.1852065461984835,-9.37208603206873,-0.1481563771646349,-0.0172280967235565,-0.0028371326625347,2.880987982755899,-0.0024855136871337
2025-04-30 01:00:20.674083300,22.165083251953124,0.0204257703253729,-0.0101546272635459,0.0147314645204831,0.0219294503331184,-0.0323268341952008,0.9882803198445238,-0.0623222546775998,left,0.0004991292953491,-0.298816500604624,0.1914186256463639,-9.370118531388044,-0.1484583425828674,-0.0090572731569409,0.0022214595228433,2.8869737791672345,-0.0017395913600921
2025-04-30 01:00:20.714083000,22.2050830078125,0.0209278190880418,-0.0129918251186609,0.0150227949019145,0.0033197235316038,-0.0326179224181143,0.988241634737106,-0.0628338766855671,left,0.0057514309883117,-0.2991740562699059,0.1961012487709522,-9.36898865057528,-0.1486230779627162,-0.0042068404145538,0.0026486627757549,2.890324550899863,-3.01003456115e-05
2025-04-30 01:00:20.754083000,22.2450830078125,0.0209278190880418,-0.007621974684298,0.0150227949019145,-0.0044457605108618,-0.0326179224181143,0.988241634737106,-0.0628338766855671,left,0.0002420544624328,-0.2991740562699059,0.1961012487709522,-9.36898865057528,-0.1486230779627162,-0.0021029978524893,0.0030439998954534,2.890324550899863,0.001985341310501
2025-04-30 01:00:20.794083300,22.285083251953125,0.0209278190880418,0.0038403021171689,0.0150227949019145,-0.0021327473223209,-0.0326179224181143,0.988241634737106,-0.0628338766855671,left,0.001310110092163,-0.2991740562699059,0.1961012487709522,-9.36898865057528,-0.1486230779627162,0.0075630629435181,0.0008830856531858,2.890324550899863,0.0013444423675537
2025-04-30 01:00:20.834083300,22.325083251953124,0.0205521677420157,0.0068910894915461,0.0148423757573947,-0.0026460792869329,-0.032671480360395,0.9882782430088226,-0.0630014730513948,left,2.00867652893e-05,-0.2986839543051529,0.192610849371925,-9.370476843306422,-0.1483857617691825,0.021106082946062,0.0008158460259437,2.885731377890706,-0.0038258135318756
2025-04-30 01:00:20.874083300,22.365083251953124,0.0204996100197581,0.0051212864927947,0.0147926959792102,-0.0061942348256707,-0.0325866998162902,0.9883411153613856,-0.0628422411454353,left,0.0019874572753906,-0.2978786319938858,0.1921659186160191,-9.372807332080605,-0.1479898124922759,0.0164561364799737,-0.0008527413010597,2.8781825699463486,-0.0041687786579132
2025-04-30 01:00:20.914083300,22.40508325195313,0.0199698885795821,0.0050469599664211,0.0145142596631046,-0.0165058970451354,-0.0324776645710048,0.9883793728801612,-0.0627032043216824,left,0.0011318325996398,-0.2974468235730207,0.1872257222674787,-9.374149978861212,-0.1477860288290899,0.0053746197372674,-0.0020951125770807,2.8741341713383792,-0.0049768388271331
2025-04-30 01:00:20.954083300,22.445083251953125,0.0195692176016489,0.0054654902778565,0.0142904508230394,-0.0122729009017348,-0.032267351272838,0.988381895281258,-0.0623371124316369,left,0.0005416870117187,-0.2975321549527197,0.1834649632281623,-9.373978713947531,-0.1478373178102957,0.000866683665663,-0.0029759164899587,2.8749343818053603,-0.004736989736557
2025-04-30 01:00:20.994083000,22.4850830078125,0.0191685845339408,0.005884020589292,0.0140666408606646,-0.0080399056896567,-0.0320569825998703,0.988384296450352,-0.0619709367017752,left,-4.86373901367e-05,-0.2976176251704213,0.1797047156454995,-9.373805695468189,-0.1478885963147321,-0.0036412524059414,-0.0038567846640944,2.8757357613161205,-0.0044972896575927
2025-04-30 01:00:21.034083300,22.525083251953124,0.0191685845339408,0.0032584469299763,0.0140666408606646,-0.0040933000855147,-0.0320569825998703,0.988384296450352,-0.0619709367017752,left,0.0002235770225524,-0.2976176251704213,0.1797047156454995,-9.373805695468189,-0.1478885963147321,-0.0019025115761905,-0.0041655963286757,2.8757357613161205,-0.0048079490661621
2025-04-30 01:00:21.223272400,22.7142724609375,0.0185501441877761,-0.0040884613990783,0.0136999040770618,0.0011061665136367,-0.0315566972217503,0.988366677037418,-0.0610488447047655,left,-0.0008453775080852,-0.2981092425090474,0.1738812884553335,-9.372500458088515,-0.1481478125635839,0.0010650636395439,-0.0027764549013227,2.8803444241553544,-0.0056241396814584
2025-04-30 01:00:21.263272200,22.75427221679688,0.0185501441877761,-0.0040777632966637,0.0136999040770618,0.0089524844661355,-0.0315566972217503,0.988366677037418,-0.0610488447047655,left,0.0020473003387451,-0.2981092425090474,0.1738812884553335,-9.372500458088515,-0.1481478125635839,0.0036825146526098,-0.0052518043667078,2.8803444241553544,-0.0027375221252441
2025-04-30 01:00:21.303272200,22.79427221679688,0.0188945421488229,-0.0105474097654223,0.0139180951417017,0.0171569772064685,-0.0319443515414685,0.9883854258011888,-0.0617837865756976,left,-0.0083036422729492,-0.2976670736515207,0.1771331846570596,-9.373712171965837,-0.1479187461410342,0.0096005368977785,-0.0009851120412349,2.876199287174642,-0.0040282309055328
2025-04-30 01:00:21.343272200,22.83427221679688,0.0201240998177449,-0.0034271134063601,0.014539399271726,0.0328320935368537,-0.0321149777563722,0.9883649859120937,-0.0619443859003299,left,-4.51803207397e-05,-0.2977901380516674,0.1886514442216605,-9.373133495295049,-0.1479587319665595,-0.0112636014819145,-5.3476542234e-06,2.8773531333848834,-2.19345092773e-05
2025-04-30 01:00:21.383272200,22.874272216796875,0.0206680625951778,-0.0084586683660745,0.0148317105141557,-0.0021625161170959,-0.0322745468353795,0.9883275884457068,-0.0621836009704708,left,0.0106086134910583,-0.2981871681510866,0.1937264276647008,-9.371886710104343,-0.1481444449975321,-0.0015179673209786,-0.0003537032753229,2.881075076517462,-0.0049553513526916
2025-04-30 01:00:21.423272200,22.91427221679688,0.0204455540071586,0.0029308656230568,0.0147351556738524,-0.0030863711144775,-0.0323535743867494,0.9883309065841652,-0.0623772332654058,left,9.74535942077e-05,-0.2981229427094869,0.1916448904165998,-9.372114673641324,-0.1481148641220315,0.0005176672711968,0.0004298947751522,2.880473018971085,0.001253604888916
2025-04-30 01:00:21.463272400,22.9542724609375,0.0204455540071586,0.0070882132276892,0.0147351556738524,0.0035866054240614,-0.0323535743867494,0.9883309065841652,-0.0623772332654058,left,-0.0010434985160827,-0.2981229427094869,0.1916448904165998,-9.372114673641324,-0.1481148641220315,0.0020762793719768,0.0016087349504232,2.880473018971085,-0.0019613802433013
2025-04-30 01:00:21.503272200,22.99427221679688,0.0204455540071586,-0.0049883490428328,0.0147351556738524,-0.0008261555340141,-0.0323535743867494,0.9883309065841652,-0.0623772332654058,left,-0.0010886788368225,-0.2981229427094869,0.1916448904165998,-9.372114673641324,-0.1481148641220315,0.0026588886976242,0.0009075123816728,2.880473018971085,-0.0046887695789337
2025-04-30 01:00:21.543272200,23.034272216796875,0.0204455540071586,-0.006611252669245,0.0147351556738524,-0.0111703984439373,-0.0323535743867494,0.9883309065841652,-0.0623772332654058,left,0.0064574480056762,-0.2981229427094869,0.1916448904165998,-9.372114673641324,-0.1481148641220315,0.0077050630934536,-0.0032687112689018,2.880473018971085,-0.0035861134529113
2025-04-30 01:00:21.583272200,23.074272216796874,0.0199840143190366,0.0013064160011708,0.0144902069848199,-0.0069422386586666,-0.032281871815798,0.9883939887189545,-0.0623054981879182,left,-0.0034087896347045,-0.2973345014744099,0.1873645827488973,-9.374469712334871,-0.1477331778522527,0.0160953514277935,-0.0019424725323915,2.8730811551541087,-0.004436045885086
2025-04-30 01:00:21.623272200,23.11427221679688,0.0199840143190366,0.0046571409329771,0.0144902069848199,0.0027369437739253,-0.032281871815798,0.9883939887189545,-0.0623054981879182,left,-0.0012139081954956,-0.2973345014744099,0.1873645827488973,-9.374469712334871,-0.1477331778522527,0.0045510968193411,-0.0026069544255733,2.8730811551541087,-0.0033088624477386
2025-04-30 01:00:21.663272200,23.15427221679688,0.0199708777106141,-0.0032025529071688,0.0144592272431135,-0.0065885325893759,-0.0321705929122142,0.9884393958288736,-0.0620853003726165,left,-0.0001834630966186,-0.296771770847998,0.187273689595051,-9.376087084403634,-0.1474568417861005,-0.0056568291038274,-0.0026615168899297,2.8678043837949634,-0.0049031674861907
2025-04-30 01:00:21.703272400,23.1942724609375,0.0199708777106141,-0.0012512468965724,0.0144592272431135,-0.0007536560297012,-0.0321705929122142,0.9884393958288736,-0.0620853003726165,left,-0.0002456903457641,-0.296771770847998,0.187273689595051,-9.376087084403634,-0.1474568417861005,-0.0041246181353926,-0.0024446751922369,2.8678043837949634,-0.0028214454650878
2025-04-30 01:00:21.743272200,23.234272216796874,0.0199708777106141,0.0007000589976087,0.0144592272431135,0.0050812209956347,-0.0321705929122142,0.9884393958288736,-0.0620853003726165,left,-0.0003079175949096,-0.296771770847998,0.187273689595051,-9.376087084403634,-0.1474568417861005,-0.0025924071669578,-0.002227833494544,2.8678043837949634,-0.0007397234439849
2025-04-30 01:00:21.783272200,23.27427221679688,0.0199708777106141,-0.0008896955987438,0.0144592272431135,0.0044674593955278,-0.0321705929122142,0.9884393958288736,-0.0620853003726165,left,3.36170196533e-05,-0.296771770847998,0.187273689595051,-9.376087084403634,-0.1474568417861005,-0.0045625614002346,-0.0011028926819562,2.8678043837949634,-0.0037139356136322
2025-04-30 01:00:21.823272200,23.31427221679688,0.0199708777106141,-0.0070741334930062,0.0144592272431135,0.0004894137382507,-0.0321705929122142,0.9884393958288736,-0.0620853003726165,left,0.0006957054138183,-0.296771770847998,0.187273689595051,-9.376087084403634,-0.1474568417861005,0.0072929933667182,-0.0009196903556585,2.8678043837949634,-0.0031554698944091
2025-04-30 01:00:21.863272200,23.354272216796875,0.0199708777106141,-0.0015268647111952,0.0144592272431135,-0.0013251875061541,-0.0321705929122142,0.9884393958288736,-0.0620853003726165,left,-0.0011153817176818,-0.296771770847998,0.187273689595051,-9.376087084403634,-0.1474568417861005,-1.47242099046e-05,-0.0026714634150266,2.8678043837949634,6.31213188171e-05
2025-04-30 01:00:21.903272200,23.394272216796875,0.020133376305744,0.0039267768152058,0.014572812151091,0.0039702765643596,-0.0324247093449502,0.9884449398582064,-0.0625763055969385,left,-0.0015103220939636,-0.2965730439697271,0.1888087719415314,-9.376626013585923,-0.1473524378986561,0.0006621188367716,-0.0016119927167892,2.865940635749697,-0.002309501171112
2025-04-30 01:00:21.943272400,23.4342724609375,0.020133376305744,-0.0011868947185575,0.014572812151091,0.0064027737826108,-0.0324247093449502,0.9884449398582064,-0.0625763055969385,left,-0.0007604360580444,-0.2965730439697271,0.1888087719415314,-9.376626013585923,-0.1473524378986561,0.0023395388852804,-0.0011996235698461,2.865940635749697,-0.0047133862972259
2025-04-30 01:00:21.983272200,23.47427221679688,0.020133376305744,-0.0099399089813232,0.014572812151091,0.0035842410288751,-0.0324247093449502,0.9884449398582064,-0.0625763055969385,left,-0.0032771229743957,-0.2965730439697271,0.1888087719415314,-9.376626013585923,-0.1473524378986561,0.0069046271964907,0.000168839469552,2.865940635749697,-0.005430519580841
2025-04-30 01:00:22.023272200,23.51427221679688,0.0205213195339078,-0.0047345380298793,0.0147964378750133,-0.0043999445624649,-0.0327336454876556,0.9884834387926418,-0.0631473764617587,left,0.0059682130813598,-0.2958879881132123,0.1924865836714394,-9.378512850245832,-0.1470033134620673,0.005506832152605,-0.0053158598020672,2.8595152788773177,-0.0040410757064819
2025-04-30 01:00:22.063272200,23.554272216796875,0.0205213195339078,0.0089735779911279,0.0147964378750133,0.0090736243873834,-0.0327336454876556,0.9884834387926418,-0.0631473764617587,left,-0.0058634281158447,-0.2958879881132123,0.1924865836714394,-9.378512850245832,-0.1470033134620673,0.0017534210346639,-0.0007264297455549,2.8595152788773177,-0.0022861659526824
2025-04-30 01:00:22.103272200,23.59427221679688,0.0214535923889453,0.0097548235207796,0.0152134883247212,0.011919979006052,-0.032504956009737,0.9884837756975988,-0.0625458269516648,left,0.0009049177169799,-0.2959217374006167,0.2012277797381393,-9.378232864260672,-0.147009301730556,-0.0136455055326223,-0.00152531825006,2.859831797480583,-0.0009943544864654
2025-04-30 01:00:22.143272200,23.63427221679688,0.0214535923889453,-0.0024736663326621,0.0152134883247212,-0.0015212651342153,-0.032504956009737,0.9884837756975988,-0.0625458269516648,left,0.0042328238487243,-0.2959217374006167,0.2012277797381393,-9.378232864260672,-0.147009301730556,-0.0027886200696229,-0.0009061805903911,2.859831797480583,-0.003447026014328
2025-04-30 01:00:22.183272400,23.6742724609375,0.0214535923889453,0.0072767734527587,0.0152134883247212,-0.0027426779270172,-0.032504956009737,0.9884837756975988,-0.0625458269516648,left,0.0016276836395263,-0.2959217374006167,0.2012277797381393,-9.378232864260672,-0.147009301730556,0.0036893058568239,-0.0005593746900558,2.859831797480583,-0.000914067029953
2025-04-30 01:00:22.223272400,23.7142724609375,0.0214535923889453,0.0029417662881314,0.0152134883247212,-0.0024966381024569,-0.032504956009737,0.9884837756975988,-0.0625458269516648,left,-0.0006001591682434,-0.2959217374006167,0.2012277797381393,-9.378232864260672,-0.147009301730556,-0.0010536829940974,-0.0009897053241729,2.859831797480583,-1.80602073669e-05
2025-04-30 01:00:22.263272200,23.75427221679688,0.0215841357607231,-0.0056274146772921,0.0152542316275659,0.0007777020800858,-0.0322979212080634,0.988445678311216,-0.0621038322867886,left,-0.0026261806488037,-0.2965201591230014,0.2024150715602561,-9.376493911638857,-0.1473063475229188,-0.0027325963601469,-0.0008972343057394,2.8654446689262985,-0.0038647353649139
2025-04-30 01:00:22.303272200,23.79427221679688,0.0214708106086728,-0.0030024303123354,0.0152105634558712,0.0005065298173576,-0.0324031387972762,0.9884667490490396,-0.062335586429263,left,-0.0022708773612976,-0.2961966499434761,0.2013723575742915,-9.377443175187706,-0.1471465070507313,0.0067654065787792,-0.0006073210388422,2.8624104157969352,-0.004413217306137
2025-04-30 01:00:22.343272200,23.83427221679688,0.0214708106086728,-0.0003774459473788,0.0152105634558712,0.0002353574964217,-0.0324031387972762,0.9884667490490396,-0.062335586429263,left,-0.0020123720169067,-0.2961966499434761,0.2013723575742915,-9.377443175187706,-0.1471465070507313,0.016263410449028,-0.0004237294197082,2.8624104157969352,-0.0052711367607116
2025-04-30 01:00:22.383272200,23.874272216796875,0.0214708106086728,0.0057240864261984,0.0152105634558712,0.0015919283032417,-0.0324031387972762,0.9884667490490396,-0.062335586429263,left,-6.9141387939e-06,-0.2961966499434761,0.2013723575742915,-9.377443175187706,-0.1471465070507313,0.0043869037181138,-0.0027280896902084,2.8624104157969352,-0.0035808980464935
2025-04-30 01:00:22.423272200,23.91427221679688,0.021379800678239,0.0028836990240961,0.0151575821549809,-0.0096663925796747,-0.0324207834906478,0.9885269996680298,-0.0623897835364524,left,-0.0007943511009216,-0.2953775394083192,0.2005689687695354,-9.37980230553448,-0.1467426881755154,-0.0034431330859661,-0.0019493103027343,2.85472658329606,-0.0030367672443389
2025-04-30 01:00:22.463272400,23.9542724609375,0.021379800678239,0.0040178876370191,0.0151575821549809,-0.0016076145693659,-0.0324207834906478,0.9885269996680298,-0.0623897835364524,left,0.0012933015823364,-0.2953775394083192,0.2005689687695354,-9.37980230553448,-0.1467426881755154,-0.0012043684255331,-0.0016841553151607,2.85472658329606,-0.0036025941371917
2025-04-30 01:00:22.503272200,23.99427221679688,0.021379800678239,0.0002424388658255,0.0151575821549809,-9.70032997429e-05,-0.0324207834906478,0.9885269996680298,-0.0623897835364524,left,0.0014219284057617,-0.2953775394083192,0.2005689687695354,-9.37980230553448,-0.1467426881755154,-7.26714497432e-05,-0.0011965334415435,2.85472658329606,-0.0023929774761199
2025-04-30 01:00:22.543272200,24.034272216796875,0.021379800678239,-0.0025425227358937,0.0151575821549809,-0.0001335340639343,-0.0324207834906478,0.9885269996680298,-0.0623897835364524,left,0.0006203055381774,-0.2953775394083192,0.2005689687695354,-9.37980230553448,-0.1467426881755154,0.0003881868033204,-0.0018361043184995,2.85472658329606,-0.0015249550342559
2025-04-30 01:00:22.583272200,24.074272216796874,0.0210588547615725,0.0029346691444516,0.0149840410712073,-0.002993318485096,-0.0323028106142624,0.9885372212384872,-0.0621991212455129,left,0.0001686215400695,-0.2953147356101978,0.19756233429946,-9.380045466640592,-0.1467182600263191,0.0005164473550394,-0.0022548735141754,2.8541373852312564,-0.0017590820789337
2025-04-30 01:00:22.623272200,24.11427221679688,0.0210588547615725,0.0084118610247969,0.0149840410712073,-0.0058531025424599,-0.0323028106142624,0.9885372212384872,-0.0621991212455129,left,-0.0003078579902648,-0.2953147356101978,0.19756233429946,-9.380045466640592,-0.1467182600263191,0.0006447079358622,-0.0029802396893501,2.8541373852312564,-0.0020533204078674
2025-04-30 01:00:22.663272200,24.15427221679688,0.0210588547615725,0.0069160014390945,0.0149840410712073,-0.0061865490861237,-0.0323028106142624,0.9885372212384872,-0.0621991212455129,left,-0.0008249282836914,-0.2953147356101978,0.19756233429946,-9.380045466640592,-0.1467182600263191,-0.0029711769893765,-0.0027863178402185,2.8541373852312564,-0.0041914880275726
2025-04-30 01:00:22.703272400,24.1942724609375,0.0210588547615725,-0.0045973369851708,0.0149840410712073,0.0017597307451069,-0.0323028106142624,0.9885372212384872,-0.0621991212455129,left,-0.0024497509002685,-0.2953147356101978,0.19756233429946,-9.380045466640592,-0.1467182600263191,0.0013885316438972,-0.0013642944395542,2.8541373852312564,-0.0067420005798339
2025-04-30 01:00:22.743272200,24.234272216796874,0.0210588547615725,-0.0127030313014984,0.0149840410712073,0.001360259600915,-0.0323028106142624,0.9885372212384872,-0.0621991212455129,left,0.0023468732833862,-0.2953147356101978,0.19756233429946,-9.380045466640592,-0.1467182600263191,0.0045556453987956,-0.0020859707146883,2.8541373852312564,-0.0040066540241241
2025-04-30 01:00:22.783272200,24.27427221679688,0.0210588547615725,-0.0054007046855986,0.0149840410712073,-0.001286543556489,-0.0323028106142624,0.9885372212384872,-0.0621991212455129,left,-4.2974948883e-05,-0.2953147356101978,0.19756233429946,-9.380045466640592,-0.1467182600263191,0.004499637056142,-0.001564310863614,2.8541373852312564,-0.0001930594444274
2025-04-30 01:00:22.823272200,24.31427221679688,0.0210588547615725,0.0083178430795669,0.0149840410712073,-0.0092574944719672,-0.0323028106142624,0.9885372212384872,-0.0621991212455129,left,0.0043311715126037,-0.2953147356101978,0.19756233429946,-9.380045466640592,-0.1467182600263191,0.0035161697305738,-0.0061851609498262,2.8541373852312564,-0.0026651322841644
2025-04-30 01:00:22.863272200,24.354272216796875,0.0206256203272626,0.0154805751517415,0.0147236062714527,0.0127255888655781,-0.0320062293977079,0.9885855658039868,-0.0616662325913248,left,-0.0066052079200744,-0.2948172877887118,0.1935278180863708,-9.381548272418977,-0.1464832896690741,0.0002933924552053,-1.02464109659e-05,2.849469685681164,-0.0023637413978576
2025-04-30 01:00:22.903272200,24.394272216796875,0.0206256203272626,0.0049971425905823,0.0147236062714527,0.0073727238923311,-0.0320062293977079,0.9885855658039868,-0.0616662325913248,left,-0.0036688446998596,-0.2948172877887118,0.1935278180863708,-9.381548272418977,-0.1464832896690741,-0.0020761939231306,-4.37535345554e-05,2.849469685681164,-0.0018823444843292
2025-04-30 01:00:22.943272400,24.4342724609375,0.0206256203272626,-0.0054862909018993,0.0147236062714527,0.002019858919084,-0.0320062293977079,0.9885855658039868,-0.0616662325913248,left,-0.0007324814796447,-0.2948172877887118,0.1935278180863708,-9.381548272418977,-0.1464832896690741,-0.0044457800686359,-7.72606581449e-05,2.849469685681164,-0.0014009475708007
2025-04-30 01:00:22.983272200,24.47427221679688,0.0212188191509181,-0.0012951516546308,0.0150116680423002,0.0066636903211474,-0.0319420035348334,0.9885277194642982,-0.0614437291215925,left,0.0007632374763488,-0.2955905254561791,0.1990460883175022,-9.37922655147314,-0.1468576976622005,-0.0037958533503115,-0.003122080117464,2.856724771375954,-0.0004131495952606
2025-04-30 01:00:23.023272200,24.51427221679688,0.0212188191509181,-0.0001068481942638,0.0150116680423002,0.0005497452802956,-0.0319420035348334,0.9885277194642982,-0.0614437291215925,left,-0.0001973509788513,-0.2955905254561791,0.1990460883175022,-9.37922655147314,-0.1468576976622005,-0.0003131525591015,-0.0021771788597106,2.856724771375954,-0.000598669052124
2025-04-30 01:00:23.063272200,24.554272216796875,0.0215565148086859,0.0011374503374099,0.0151695746331878,0.0002085054002236,-0.031924933658558,0.9885412895238802,-0.0613602702953114,left,-0.0015551447868347,-0.295390559228521,0.2022257230006158,-9.37972982482016,-0.1467540828055006,0.0074924677610397,-0.002066534012556,2.8548487483710048,-0.0007537305355072
2025-04-30 01:00:23.103272200,24.59427221679688,0.0215565148086859,0.0048759235069155,0.0151695746331878,-0.0043340385891497,-0.031924933658558,0.9885412895238802,-0.0613602702953114,left,0.0039964318275451,-0.295390559228521,0.2022257230006158,-9.37972982482016,-0.1467540828055006,0.013651130720973,-0.0037741549313068,2.8548487483710048,-0.0064887404441833
2025-04-30 01:00:23.143272200,24.63427221679688,0.0217935071988263,0.0052074999548494,0.015234544849859,0.0096692238003015,-0.0316831602095159,0.9886208947553388,-0.0608422794170801,left,-0.0025021433830261,-0.2943963690137833,0.2045103816053829,-9.382514487102627,-0.1462627819486949,0.0189628526568412,-0.0003684405237436,2.845519779011607,-0.0078585445880889
2025-04-30 01:00:23.183272400,24.6742724609375,0.0217935071988263,-0.0037408941425383,0.015234544849859,0.0064529785886406,-0.0316831602095159,0.9886208947553388,-0.0608422794170801,left,-0.0010698437690734,-0.2943963690137833,0.2045103816053829,-9.382514487102627,-0.1462627819486949,-0.0071962792426347,-0.0014469288289546,2.845519779011607,-0.0037255883216857
2025-04-30 01:00:23.223272400,24.7142724609375,0.0217935071988263,-0.0041289762593805,0.015234544849859,0.0043230997398495,-0.0316831602095159,0.9886208947553388,-0.0608422794170801,left,-0.0006702542304992,-0.2943963690137833,0.2045103816053829,-9.382514487102627,-0.1462627819486949,-0.0158500745892524,-0.0006273407489061,2.845519779011607,-0.0032110810279846
2025-04-30 01:00:23.263272200,24.75427221679688,0.0223371344380385,-0.0037027022335678,0.0155326809389758,0.0019317588303238,-0.031878609269585,0.9885777462348808,-0.0611541871887359,left,0.0024167895317077,-0.2948583223241243,0.2095815656561404,-9.381086500126123,-0.1464801176600712,-0.0060369465500116,-0.0016307327896356,2.8498548856064674,-0.0037419497966766
2025-04-30 01:00:23.303272200,24.79427221679688,0.0223371344380385,-0.0036644651554524,0.0155326809389758,0.0017172542866319,-0.031878609269585,0.9885777462348808,-0.0611541871887359,left,0.0015442967414855,-0.2948583223241243,0.2095815656561404,-9.381086500126123,-0.1464801176600712,-0.0051567046903073,-0.0006111897528171,2.8498548856064674,-0.0011960864067077
2025-04-30 01:00:23.343272200,24.83427221679688,0.0223371344380385,-0.001578947994858,0.0155326809389758,-0.0010903200600296,-0.031878609269585,0.9885777462348808,-0.0611541871887359,left,0.0008557438850402,-0.2948583223241243,0.2095815656561404,-9.381086500126123,-0.1464801176600712,-0.0006859051063656,-0.0007558409124612,2.8498548856064674,-0.0015453994274139
2025-04-30 01:00:23.383272200,24.874272216796875,0.0222360008671398,0.0001294037792831,0.0155126683696307,-0.003028463339433,-0.0320553284453694,0.9885583915502292,-0.0615254308060696,left,0.0010319352149963,-0.2950520015150396,0.2086205386042594,-9.380555754250288,-0.1465745878084942,0.000799826811999,-0.002312833443284,2.851672164161504,-0.0007179677486419
2025-04-30 01:00:23.423272200,24.91427221679688,0.0222360008671398,0.0042677847668528,0.0155126683696307,-0.0047631589695811,-0.0320553284453694,0.9885583915502292,-0.0615254308060696,left,0.0016178488731384,-0.2950520015150396,0.2086205386042594,-9.380555754250288,-0.1465745878084942,0.0016305180033668,-0.0033568274229764,2.851672164161504,-0.0025168657302856
2025-04-30 01:00:23.463272400,24.9542724609375,0.0222360008671398,0.0028739399276673,0.0155126683696307,-0.0027065628673881,-0.0320553284453694,0.9885583915502292,-0.0615254308060696,left,-0.0006477832794189,-0.2950520015150396,0.2086205386042594,-9.380555754250288,-0.1465745878084942,-0.0010075665777549,-0.0019125044345855,2.851672164161504,-0.0019113421440124
2025-04-30 01:00:23.503272200,24.99427221679688,0.0222360008671398,-0.0041507361456751,0.0155126683696307,-0.002624103333801,-0.0320553284453694,0.9885583915502292,-0.0615254308060696,left,-0.0003862380981445,-0.2950520015150396,0.2086205386042594,-9.380555754250288,-0.1465745878084942,0.0010207629529759,-0.0018014889210462,2.851672164161504,-0.0029951035976409
2025-04-30 01:00:23.543272200,25.034272216796875,0.0222360008671398,-0.011175412684679,0.0155126683696307,-0.0025416438002139,-0.0320553284453694,0.9885583915502292,-0.0615254308060696,left,-0.0001246929168701,-0.2950520015150396,0.2086205386042594,-9.380555754250288,-0.1465745878084942,0.0030490923672914,-0.001690475270152,2.851672164161504,-0.0040788650512695
2025-04-30 01:00:23.583272200,25.074272216796874,0.0215622726304263,-0.0097121335566043,0.0152270383978861,-0.001863103127107,-0.0323576316920077,0.988576915686922,-0.0622390117731245,left,-0.0018513202667236,-0.2947151039970743,0.2023212557969614,-9.381654070881009,-0.1464134063967642,0.0012347364099696,-0.0004792939871549,2.848511069782078,-0.0022726356983184
2025-04-30 01:00:23.623272200,25.11427221679688,0.0215622726304263,0.0002076355740427,0.0152270383978861,-0.0060037802904844,-0.0323576316920077,0.988576915686922,-0.0622390117731245,left,0.0067384243011474,-0.2947151039970743,0.2023212557969614,-9.381654070881009,-0.1464134063967642,-0.0020184083841741,-0.0052909534424543,2.848511069782078,-0.0036661326885223
2025-04-30 01:00:23.663272200,25.15427221679688,0.0215622726304263,0.0067914626561105,0.0152270383978861,0.0055156843736767,-0.0323576316920077,0.988576915686922,-0.0622390117731245,left,-0.0064043998718261,-0.2947151039970743,0.2023212557969614,-9.381654070881009,-0.1464134063967642,-0.0030451668426394,-0.0026233289390802,2.848511069782078,-0.00159752368927
2025-04-30 01:00:23.703272400,25.1942724609375,0.0215622726304263,0.0018805107101798,0.0152270383978861,0.0091904085129499,-0.0323576316920077,0.988576915686922,-0.0622390117731245,left,0.001735508441925,-0.2947151039970743,0.2023212557969614,-9.381654070881009,-0.1464134063967642,-0.0144195891916751,-0.0017940588295459,2.848511069782078,-0.0017395317554473
2025-04-30 01:00:23.743272200,25.234272216796874,0.0215622726304263,-0.0061557339504361,0.0152270383978861,6.68056309223e-05,-0.0323576316920077,0.988576915686922,-0.0622390117731245,left,0.003445565700531,-0.2947151039970743,0.2023212557969614,-9.381654070881009,-0.1464134063967642,-0.0026467246934771,-0.0010780971497297,2.848511069782078,-0.0022679567337036
2025-04-30 01:00:23.783272200,25.27427221679688,0.0215622726304263,-0.0040347622707486,0.0152270383978861,0.0027815683279186,-0.0323576316920077,0.988576915686922,-0.0622390117731245,left,-0.0004562139511108,-0.2947151039970743,0.2023212557969614,-9.381654070881009,-0.1464134063967642,0.0030648638494312,-0.0021020229905843,2.848511069782078,0.0005362927913665
2025-04-30 01:00:23.823272200,25.31427221679688,0.0215622726304263,-0.0025923254434019,0.0152270383978861,0.0019745805766433,-0.0323576316920077,0.988576915686922,-0.0622390117731245,left,-0.0006516575813293,-0.2947151039970743,0.2023212557969614,-9.381654070881009,-0.1464134063967642,0.0031153860036283,-0.0012294184416532,2.848511069782078,-0.002176284790039
2025-04-30 01:00:23.863272200,25.354272216796875,0.0215622726304263,-0.0057841893285512,0.0152270383978861,0.0023248703218996,-0.0323576316920077,0.988576915686922,-0.0622390117731245,left,-0.0011823773384094,-0.2947151039970743,0.2023212557969614,-9.381654070881009,-0.1464134063967642,0.0056891366839408,-0.0004432089626789,2.848511069782078,-0.0034940838813781
2025-04-30 01:00:23.903272200,25.394272216796875,0.0215622726304263,-0.0046704527921974,0.0152270383978861,-0.0062407930381596,-0.0323576316920077,0.988576915686922,-0.0622390117731245,left,0.0029196739196777,-0.2947151039970743,0.2023212557969614,-9.381654070881009,-0.1464134063967642,0.0047030695714056,-0.0016421023756265,2.848511069782078,-0.0053769350051879
2025-04-30 01:00:23.943272400,25.4342724609375,0.0215622726304263,0.0012278067879378,0.0152270383978861,0.0063698976300656,-0.0323576316920077,0.988576915686922,-0.0622390117731245,left,-0.0044140219688415,-0.2947151039970743,0.2023212557969614,-9.381654070881009,-0.1464134063967642,0.0062992414459586,0.0007409770041704,2.848511069782078,-0.0048476457595825
2025-04-30 01:00:23.983272200,25.47427221679688,0.0223902154413441,-0.0004060025094076,0.0156504795975883,0.0018235892057418,-0.0325416795284939,0.9885875919948512,-0.0624906340271014,left,0.0005435943603515,-0.2944266355545857,0.2101070508349686,-9.382304643744227,-0.1462554368437519,-0.0024927305057644,-0.002449182793498,2.8458038566499946,-0.0048648416996002
2025-04-30 01:00:24.023272200,25.51427221679688,0.0223902154413441,-0.0011456275824457,0.0156504795975883,0.0023688725195825,-0.0325416795284939,0.9885875919948512,-0.0624906340271014,left,-0.0012173652648925,-0.2944266355545857,0.2101070508349686,-9.382304643744227,-0.1462554368437519,-0.0067442888393998,-0.002034768462181,2.8458038566499946,-0.0036300420761108
2025-04-30 01:00:24.063272200,25.554272216796875,0.0223902154413441,0.0014437099453061,0.0156504795975883,0.0043216221965849,-0.0325416795284939,0.9885875919948512,-0.0624906340271014,left,0.0005744695663452,-0.2944266355545857,0.2101070508349686,-9.382304643744227,-0.1462554368437519,-0.0052369069308042,-0.0006738379597663,2.8458038566499946,-0.0017478764057159
2025-04-30 01:00:24.103272200,25.59427221679688,0.0223902154413441,-0.0005045348079875,0.0156504795975883,0.0010181157849729,-0.0325416795284939,0.9885875919948512,-0.0624906340271014,left,0.001342236995697,-0.2944266355545857,0.2101070508349686,-9.382304643744227,-0.1462554368437519,-0.0030051562935113,-0.0006149653345346,2.8458038566499946,-0.0015443861484527
2025-04-30 01:00:24.143272200,25.63427221679688,0.0223902154413441,-0.0024527797941118,0.0156504795975883,-0.0022853903938084,-0.0325416795284939,0.9885875919948512,-0.0624906340271014,left,0.0021100044250488,-0.2944266355545857,0.2101070508349686,-9.382304643744227,-0.1462554368437519,-0.0007734056562185,-0.000556094571948,2.8458038566499946,-0.0013408958911895
2025-04-30 01:00:24.183272400,25.6742724609375,0.0223902154413441,-0.0021576650906354,0.0156504795975883,-0.0083424402400851,-0.0325416795284939,0.9885875919948512,-0.0624906340271014,left,0.0014595985412597,-0.2944266355545857,0.2101070508349686,-9.382304643744227,-0.1462554368437519,0.0011731304693967,-0.0012822430580854,2.8458038566499946,-0.0005397200584411
2025-04-30 01:00:24.223272400,25.7142724609375,0.0223902154413441,0.0043734684586524,0.0156504795975883,-0.0064462223090231,-0.0325416795284939,0.9885875919948512,-0.0624906340271014,left,2.55107879638e-05,-0.2944266355545857,0.2101070508349686,-9.382304643744227,-0.1462554368437519,0.0048396987840533,-0.002745971083641,2.8458038566499946,-0.0014307498931884
2025-04-30 01:00:24.263272200,25.75427221679688,0.0223902154413441,0.0094131436198949,0.0156504795975883,-0.0049043628387153,-0.0325416795284939,0.9885875919948512,-0.0624906340271014,left,-0.0021164417266845,-0.2944266355545857,0.2101070508349686,-9.382304643744227,-0.1462554368437519,0.0013929244596511,-0.0037119127810001,2.8458038566499946,-0.0020709931850433
2025-04-30 01:00:24.303272200,25.79427221679688,0.0220589574138809,0.0029583401046693,0.0154405075013867,-0.0005046096630394,-0.0321910182050909,0.988590101256007,-0.0618292838701396,left,-0.0017401576042175,-0.2945740433258328,0.2069898138635791,-9.381954515132309,-0.1463387989714093,0.0035597579553723,-0.0037926193326711,2.847187127701938,-0.0054932832717895
2025-04-30 01:00:24.343272200,25.83427221679688,0.0220589574138809,-0.00916906632483,0.0154405075013867,0.0029675138648599,-0.0321910182050909,0.988590101256007,-0.0618292838701396,left,-0.0021114945411682,-0.2945740433258328,0.2069898138635791,-9.381954515132309,-0.1463387989714093,0.010350439697504,-0.0022801216691732,2.847187127701938,-0.0073939561843872
2025-04-30 01:00:24.383272200,25.874272216796875,0.0222295295477488,-0.0068079074844717,0.015549150357908,0.0057497192174196,-0.0324170026164774,0.9886195137780864,-0.0622645660629997,left,-0.0045134425163269,-0.2940581676831139,0.2086227305613458,-9.38338600924015,-0.1460776650709618,0.0072603174485266,-0.0028201341629028,2.8423458251506086,-0.0061281025409698
2025-04-30 01:00:24.423272200,25.91427221679688,0.022400316289833,-0.0044467486441135,0.0156578001362795,0.0085319243371486,-0.032643033424185,0.9886489637180074,-0.0626999859233212,left,-0.0069156885147094,-0.2935424878137029,0.2102580949445255,-9.384814580738544,-0.1458165463245143,0.0041701951995491,-0.0033603943884372,2.837505399382114,-0.0048623085021972
2025-04-30 01:00:24.463272400,25.9542724609375,0.023307283738443,0.0112217888236045,0.016100298620719,0.0234856456518173,-0.0326429845138762,0.9886235785573172,-0.0625641683915577,left,-0.0016684532165527,-0.2938205623219893,0.2187513258658349,-9.3838308303982,-0.1459402963522454,-0.0174026079475879,-0.0013469513505697,2.840115581880509,-0.0009956955909729
2025-04-30 01:00:24.503272200,25.99427221679688,0.0238421190818761,-0.0027912426739931,0.0163600832018423,-0.003257866948843,-0.0325864020575492,0.9885725856527864,-0.0623657899674823,left,0.0066283345222473,-0.2945000864236263,0.2237240362444892,-9.38178091213107,-0.146269109184336,-0.0092278812080621,-0.0005089007318019,2.84649330021888,-0.0056858360767364
2025-04-30 01:00:24.543272200,26.034272216796875,0.0238421190818761,-0.0030067188199609,0.0163600832018423,-0.0023008207790553,-0.0325864020575492,0.9885725856527864,-0.0623657899674823,left,0.0011376142501831,-0.2945000864236263,0.2237240362444892,-9.38178091213107,-0.146269109184336,-0.0032533425837755,0.0005268342792987,2.84649330021888,-0.0007821917533874
2025-04-30 01:00:24.583272200,26.074272216796874,0.0238421190818761,0.0019153000321239,0.0163600832018423,-0.0024583737831562,-0.0325864020575492,0.9885725856527864,-0.0623657899674823,left,-0.0003302693367004,-0.2945000864236263,0.2237240362444892,-9.38178091213107,-0.146269109184336,-0.0015692084562033,-0.0002964753657579,2.84649330021888,-0.0003658235073089
2025-04-30 01:00:24.623272200,26.11427221679688,0.0238421190818761,0.000539758359082,0.0163600832018423,-0.0008737671887502,-0.0325864020575492,0.9885725856527864,-0.0623657899674823,left,-0.0004001855850219,-0.2945000864236263,0.2237240362444892,-9.38178091213107,-0.146269109184336,0.0013448786921799,-9.81483608484e-05,2.84649330021888,-0.0016694366931915
2025-04-30 01:00:24.663272200,26.15427221679688,0.0238421190818761,-0.003531398717314,0.0163600832018423,-0.0069354772567749,-0.0325864020575492,0.9885725856527864,-0.0623657899674823,left,0.0064215660095214,-0.2945000864236263,0.2237240362444892,-9.38178091213107,-0.146269109184336,0.0056768283247947,-0.0023355670273303,2.84649330021888,-0.002484381198883
2025-04-30 01:00:24.703272400,26.1942724609375,0.0234677675174551,0.0001217373646795,0.0161704336698348,-0.0033264195080846,-0.0325443645414214,0.9885889151118804,-0.0623373736363638,left,0.0030776262283325,-0.294326002065212,0.2202235538428649,-9.382359004279971,-0.1461893735971553,0.0038173282518982,-0.0021361485123634,2.844859561537206,-0.002723604440689
2025-04-30 01:00:24.743272200,26.234272216796874,0.0234677675174551,0.0037748736795037,0.0161704336698348,0.0002826387062668,-0.0325443645414214,0.9885889151118804,-0.0623373736363638,left,-0.000325322151184,-0.294326002065212,0.2202235538428649,-9.382359004279971,-0.1461893735971553,0.0019578281790018,-0.0022936780005693,2.844859561537206,-0.0031294226646423
2025-04-30 01:00:24.783272200,26.27427221679688,0.0228467475098586,0.0014389751013368,0.0158532896383082,-0.0116552077233791,-0.0324292174649505,0.9885954429330877,-0.0621961915999245,left,-0.0001853108406066,-0.2943358782768609,0.2143962359288707,-9.382465971785782,-0.146205475393593,-0.0055408217012882,-0.0022356510162353,2.8449522082567213,-0.003551572561264
2025-04-30 01:00:24.823272200,26.31427221679688,0.0228467475098586,0.0051115173846483,0.0158532896383082,-0.0064882533624768,-0.0324292174649505,0.9885954429330877,-0.0621961915999245,left,-0.0002718567848205,-0.2943358782768609,0.2143962359288707,-9.382465971785782,-0.146205475393593,-0.0014724750071763,-0.0033650286495685,2.8449522082567213,-0.0032449066638946
2025-04-30 01:00:24.863272200,26.354272216796875,0.0223451756037333,0.0021923149470239,0.0155846733872448,-0.0025528925471007,-0.0322557342725097,0.9886062276974766,-0.0619196175955383,left,0.0002696514129638,-0.2943033950942895,0.2096922960216179,-9.382664709228276,-0.1461997043431994,0.0007815114222466,-0.0030774008482694,2.8446473800912497,-0.0027234852313995
2025-04-30 01:00:24.903272200,26.394272216796875,0.0223451756037333,-0.0022371334489434,0.0155846733872448,0.0022331895306706,-0.0322557342725097,0.9886062276974766,-0.0619196175955383,left,-0.0006768107414245,-0.2943033950942895,0.2096922960216179,-9.382664709228276,-0.1461997043431994,-0.0003351690247654,-0.0025243461132049,2.8446473800912497,-0.0040760934352874
2025-04-30 01:00:24.943272400,26.4342724609375,0.0223451756037333,-0.0026544502470642,0.0155846733872448,-0.0019878791645169,-0.0322557342725097,0.9886062276974766,-0.0619196175955383,left,0.0013743042945861,-0.2943033950942895,0.2096922960216179,-9.382664709228276,-0.1461997043431994,-0.0004368709633126,-0.0032997522503137,2.8446473800912497,-0.0027320384979248
2025-04-30 01:00:24.983272200,26.47427221679688,0.0223451756037333,-0.0001926675904542,0.0155846733872448,-0.0010162873659282,-0.0322557342725097,0.9886062276974766,-0.0619196175955383,left,0.0003020763397216,-0.2943033950942895,0.2096922960216179,-9.382664709228276,-0.1461997043431994,-0.000428552069934,-0.0030675567686557,2.8446473800912497,-0.0020642876625061
2025-04-30 01:00:25.023272200,26.51427221679688,0.0223451756037333,0.0022691150661557,0.0155846733872448,-4.46954509243e-05,-0.0322557342725097,0.9886062276974766,-0.0619196175955383,left,-0.0007701516151428,-0.2943033950942895,0.2096922960216179,-9.382664709228276,-0.1461997043431994,-0.0004202332056593,-0.0028353612869977,2.8446473800912497,-0.0013965666294097
2025-04-30 01:00:25.063272200,26.554272216796875,0.0223451756037333,0.0003619170747697,0.0155846733872448,0.0021986793726682,-0.0322557342725097,0.9886062276974766,-0.0619196175955383,left,-0.0023955106735229,-0.2943033950942895,0.2096922960216179,-9.382664709228276,-0.1461997043431994,0.0006693460745736,-0.0014918148517608,2.8446473800912497,-0.0035357475280761
2025-04-30 01:00:25.103272200,26.59427221679688,0.0223451756037333,-0.0042580338194966,0.0155846733872448,0.0040133632719516,-0.0322557342725097,0.9886062276974766,-0.0619196175955383,left,-0.0009647607803344,-0.2943033950942895,0.2096922960216179,-9.382664709228276,-0.1461997043431994,0.0038168230094015,-0.0015750974416732,2.8446473800912497,-0.0044504106044769
2025-04-30 01:00:25.143272200,26.63427221679688,0.0223451756037333,-0.0095788929611444,0.0155846733872448,-0.0025209956802427,-0.0322557342725097,0.9886062276974766,-0.0619196175955383,left,-0.0017708539962768,-0.2943033950942895,0.2096922960216179,-9.382664709228276,-0.1461997043431994,0.0028207171708345,-0.0007658973336219,2.8446473800912497,-0.0049687027931213
2025-04-30 01:00:25.183272400,26.6742724609375,0.0223451756037333,-0.000151528045535,0.0155846733872448,-0.0019610279705375,-0.0322557342725097,0.9886062276974766,-0.0619196175955383,left,0.0027134418487548,-0.2943033950942895,0.2096922960216179,-9.382664709228276,-0.1461997043431994,0.0014481877442449,-0.0039826463907957,2.8446473800912497,-0.0021473765373229
2025-04-30 01:00:25.223272400,26.7142724609375,0.0223451756037333,0.0102410428225994,0.0155846733872448,0.0012869734782725,-0.0322557342725097,0.9886062276974766,-0.0619196175955383,left,-0.0031607747077941,-0.2943033950942895,0.2096922960216179,-9.382664709228276,-0.1461997043431994,-0.0009736472275108,-0.0020320825278759,2.8446473800912497,-0.0025926828384399
2025-04-30 01:00:25.263272200,26.75427221679688,0.0223451756037333,0.0103809107095003,0.0155846733872448,0.0070645352825522,-0.0322557342725097,0.9886062276974766,-0.0619196175955383,left,-0.0006278157234191,-0.2943033950942895,0.2096922960216179,-9.382664709228276,-0.1461997043431994,-0.0098032588139176,-0.0016946177929639,2.8446473800912497,-0.0022838711738586
2025-04-30 01:00:25.303272200,26.79427221679688,0.0223451756037333,0.0065665496513247,0.0155846733872448,0.002736406866461,-0.0322557342725097,0.9886062276974766,-0.0619196175955383,left,0.0004386901855468,-0.2943033950942895,0.2096922960216179,-9.382664709228276,-0.1461997043431994,-0.0039819404482841,-0.0025279838591814,2.8446473800912497,-0.0014667510986328
2025-04-30 01:00:25.343272200,26.83427221679688,0.0223451756037333,0.0027521876618266,0.0155846733872448,-0.0015917215496301,-0.0322557342725097,0.9886062276974766,-0.0619196175955383,left,0.0015051364898681,-0.2943033950942895,0.2096922960216179,-9.382664709228276,-0.1461997043431994,0.0018393779173493,-0.0033613499253988,2.8446473800912497,-0.0006496310234069
2025-04-30 01:00:25.383272200,26.874272216796875,0.0223451756037333,0.0027281469665467,0.0155846733872448,-0.0023334410507231,-0.0322557342725097,0.9886062276974766,-0.0619196175955383,left,-0.0001681447029113,-0.2943033950942895,0.2096922960216179,-9.382664709228276,-0.1461997043431994,-0.0007635632064193,-0.003901470452547,2.8446473800912497,0.000128835439682
2025-04-30 01:00:25.423272200,26.91427221679688,0.0224182248682404,0.0013390876119956,0.0155816107531154,0.0012524889316409,-0.0319608500622573,0.9885877141769812,-0.0613097376263811,left,-0.0041236281394958,-0.2946808610592136,0.2103536094745621,-9.381575160425902,-0.1463898829107195,-0.0014585827011615,-0.0024469885975122,2.8481895827427506,-0.0048135221004486
2025-04-30 01:00:25.463272400,26.9542724609375,0.0224182248682404,-0.0045365807600319,0.0155816107531154,0.0070067383348941,-0.0319608500622573,0.9885877141769812,-0.0613097376263811,left,-0.0001091361045837,-0.2946808610592136,0.2103536094745621,-9.381575160425902,-0.1463898829107195,0.0011003380641341,-0.0012252554297447,2.8481895827427506,-0.0034007728099823
2025-04-30 01:00:25.503272200,26.99427221679688,0.0224182248682404,-0.0073802480474114,0.0155816107531154,0.0058781881816685,-0.0319608500622573,0.9885877141769812,-0.0613097376263811,left,0.0024493932723999,-0.2946808610592136,0.2103536094745621,-9.381575160425902,-0.1463898829107195,0.0114949913695454,-0.0005112029612064,2.8481895827427506,-0.006545066833496
2025-04-30 01:00:25.543272200,27.034272216796875,0.0230008050327202,-0.0010295812971889,0.0159039770441166,0.0005206232890486,-0.0322885787141803,0.9886148746331462,-0.0618903666362831,left,0.001551330089569,-0.2941209097561423,0.2158557322884909,-9.383044063934683,-0.1460991515727598,0.0035140076652169,-0.0006227679550647,2.842934730954468,-0.0021665394306182
2025-04-30 01:00:25.583272200,27.074272216796874,0.0230008050327202,0.0082853958010673,0.0159039770441166,-0.0070932628586888,-0.0322885787141803,0.9886148746331462,-0.0618903666362831,left,-0.0002833008766174,-0.2941209097561423,0.2158557322884909,-9.383044063934683,-0.1460991515727598,-0.0066605992615222,-0.0002672914415597,2.842934730954468,-0.0009211897850036
2025-04-30 01:00:25.623272200,27.11427221679688,0.0230704695154146,0.0099338553845882,0.0159106306880543,0.002353454940021,-0.0320759953188167,0.9885981841320276,-0.0614477985211127,left,-5.45978546142e-05,-0.2944379086441518,0.21648860509824,-9.382127533611657,-0.1462582574093632,-0.0048483237624168,-0.0011263489723205,2.845909655112028,-0.0033977031707763
2025-04-30 01:00:25.663272200,27.15427221679688,0.0230704695154146,0.0010040840134024,0.0159106306880543,0.0019246778683736,-0.0320759953188167,0.9885981841320276,-0.0614477985211127,left,0.0007278323173522,-0.2944379086441518,0.21648860509824,-9.382127533611657,-0.1462582574093632,-0.005372985266149,-3.0742958188e-05,2.845909655112028,-0.0022761523723602
2025-04-30 01:00:25.703272400,27.1942724609375,0.0229194671544607,-0.004305375739932,0.0158399650833734,-0.0084754154086112,-0.0320668150442043,0.9885797538600676,-0.0614497257816446,left,0.0018062591552734,-0.2947051111707159,0.2150544441092759,-9.381399219337103,-0.1463927475913803,-0.0031464323401451,-0.0008009281009435,2.848417254018784,-0.0019374191761016
2025-04-30 01:00:25.743272200,27.234272216796874,0.0229194671544607,0.0030706138350069,0.0158399650833734,-0.0098779406398534,-0.0320668150442043,0.9885797538600676,-0.0614497257816446,left,-4.66108322143e-05,-0.2947051111707159,0.2150544441092759,-9.381399219337103,-0.1463927475913803,-0.0005934326909482,-0.0029478650540113,2.848417254018784,0.0004702806472778
2025-04-30 01:00:25.783272200,27.27427221679688,0.0221099525596872,0.008261414244771,0.0154323765692237,-0.0077491756528615,-0.0319603381545369,0.9885900579649016,-0.061354410243672,left,-0.0010786056518554,-0.2946720653797631,0.2074620710178278,-9.381664592275024,-0.1463901116896292,0.0034175761975347,-0.004336318001151,2.848107165156305,-0.0016218423843383
2025-04-30 01:00:25.823272200,27.31427221679688,0.021800868025116,0.0069855758920311,0.0152497137525551,-0.003194379620254,-0.0317639075222002,0.9886200865846904,-0.061004701807126,left,-0.0011407732963562,-0.2943720941182648,0.2045809626235626,-9.38258229164183,-0.1462494208266265,0.0059165437705814,-0.0041992384940385,2.845292107735574,-0.0033214390277862
2025-04-30 01:00:25.863272200,27.354272216796875,0.021800868025116,0.0017988430336117,0.0152497137525551,-0.0015858823899179,-0.0317639075222002,0.9886200865846904,-0.061004701807126,left,-0.0015287995338439,-0.2943720941182648,0.2045809626235626,-9.38258229164183,-0.1462494208266265,0.0040754452347755,-0.0028779245913028,2.845292107735574,-0.0049285292625427
2025-04-30 01:00:25.903272200,27.394272216796875,0.0219941268947924,-0.0147776501253247,0.0153826821003604,0.0111541887745261,-0.0320435813488097,0.9886196713258278,-0.0615427486489067,left,-0.0011273026466369,-0.2942398171513054,0.2064024972286075,-9.3829183917284,-0.1461768350063955,0.0014682235196232,-0.004402969032526,2.84405058324188,-0.0056953728199005
2025-04-30 01:00:25.943272400,27.4342724609375,0.0219941268947924,-0.0313541442155838,0.0153826821003604,0.0238942597061395,-0.0320435813488097,0.9886196713258278,-0.0615427486489067,left,-0.0007600784301757,-0.2942398171513054,0.2064024972286075,-9.3829183917284,-0.1461768350063955,-0.0011389984283596,-0.0057422649115324,2.84405058324188,-0.0065888464450836
2025-04-30 01:00:25.983272200,27.47427221679688,0.0227181330519721,-0.0361559204757213,0.0158855437673978,0.0315551050007343,-0.033090861650425,0.9885915805884072,-0.0635553551010267,left,-0.0006512403488159,-0.2940987267450333,0.213204834187217,-9.383167398053407,-0.1460795666205144,0.0038069083821028,-0.0047604199498891,2.842726348900795,-0.0023788213729858
2025-04-30 01:00:26.023272200,27.51427221679688,0.0234097376932317,-0.0217993818223476,0.0163296278145364,0.0254598334431648,-0.0338653569331216,0.988585081743122,-0.0650222756625045,left,-0.000501811504364,-0.2937765614816743,0.2197156591196544,-9.383933121728896,-0.1458969147970114,0.0131389386951923,-0.0031267944723367,2.8397026171654463,0.0002896189689636
2025-04-30 01:00:26.063272200,27.554272216796875,0.0243972818635758,0.0007100030779838,0.0168592895105872,0.0298455506563186,-0.034251520823782,0.9885899173578592,-0.0656601888708838,left,-0.002250850200653,-0.2934506403766259,0.2290051732514984,-9.384636301562187,-0.1457136844495244,-0.0017857355996966,-0.0027722027152776,2.8366432295948267,0.0025495290756225
2025-04-30 01:00:26.103272200,27.59427221679688,0.0253630614225447,0.0040429551154375,0.0173313218947289,0.0111860148608684,-0.0342648701026287,0.9885685225960644,-0.0655432291895016,left,0.0064164996147155,-0.2936586014703579,0.2380535903701558,-9.383820893526076,-0.1458009325476282,-0.0025619161315262,-0.0014829020947217,2.838595240445435,-0.003903329372406
2025-04-30 01:00:26.143272200,27.63427221679688,0.0253630614225447,0.0006871717050671,0.0173313218947289,-0.0009101750329136,-0.0342648701026287,0.9885685225960644,-0.0655432291895016,left,0.0040765404701232,-0.2936586014703579,0.2380535903701558,-9.383820893526076,-0.1458009325476282,0.0052167354151606,-0.0006749164313077,2.838595240445435,-0.0036441385746002
2025-04-30 01:00:26.183272400,27.6742724609375,0.0253630614225447,0.0023229289799928,0.0173313218947289,-0.0042856847867369,-0.0342648701026287,0.9885685225960644,-0.0655432291895016,left,-0.0010693669319152,-0.2936586014703579,0.2380535903701558,-9.383820893526076,-0.1458009325476282,-0.0007255123928189,-0.0010880623012781,2.838595240445435,-0.0024377405643463
2025-04-30 01:00:26.223272400,27.7142724609375,0.0253630614225447,0.0005500551778823,0.0173313218947289,0.000122285913676,-0.0342648701026287,0.9885685225960644,-0.0655432291895016,left,-0.0013515353202819,-0.2936586014703579,0.2380535903701558,-9.383820893526076,-0.1458009325476282,-0.0065404037013649,-0.0008056201040744,2.838595240445435,-0.0027763545513153
2025-04-30 01:00:26.263272200,27.75427221679688,0.0253630614225447,-0.0042597539722919,0.0173313218947289,0.0040093776769936,-0.0342648701026287,0.9885685225960644,-0.0655432291895016,left,-0.0013953447341918,-0.2936586014703579,0.2380535903701558,-9.383820893526076,-0.1458009325476282,0.0007794257253408,-0.0013942625373601,2.838595240445435,-0.0049016177654266
2025-04-30 01:00:26.303272200,27.79427221679688,0.0253630614225447,-0.0049551632255315,0.0173313218947289,0.0084851756691932,-0.0342648701026287,0.9885685225960644,-0.0655432291895016,left,-0.0025172233581542,-0.2936586014703579,0.2380535903701558,-9.383820893526076,-0.1458009325476282,0.0050904424861073,-0.001667097210884,2.838595240445435,-0.0064932107925415
2025-04-30 01:00:26.343272200,27.83427221679688,0.0260597149581638,-0.0081559987738728,0.0177027987965368,0.0268436707556247,-0.0345344336357693,0.9885801688773675,-0.0659886809475913,left,-0.0043278336524963,-0.293311097373947,0.2446164925497025,-9.38463805512786,-0.1456132680952346,-0.0010411096736788,-0.0016701929271221,2.835333316040039,-0.0072529315948486
2025-04-30 01:00:26.383272200,27.874272216796875,0.0269211562272315,-0.0176765024662017,0.0181763142110557,0.0189786441624164,-0.0348952191460815,0.9885431733465184,-0.0665895206770425,left,0.0012983679771423,-0.2935678411785573,0.2526811045290902,-9.383695805841684,-0.1457198504986912,-0.012934205122292,-0.0020666774362325,2.837743299791217,-0.0055377483367919
2025-04-30 01:00:26.423272200,27.91427221679688,0.0274967133118876,-0.0166731271892786,0.0185280275404007,0.0181317050009965,-0.0353315664706476,0.9884795174205208,-0.0673821920104209,left,-0.0002818703651428,-0.2941737172213676,0.2580345943862572,-9.381828258404136,-0.1460019698286263,-0.010592883452773,-0.0008585806936025,2.8434301132559776,-0.0027172565460205
2025-04-30 01:00:26.463272400,27.9542724609375,0.0278926745927202,-0.0038041807711124,0.0187609542664073,0.007714170962572,-0.0355610949890074,0.988431616095905,-0.0677836214167856,left,0.0019887685775756,-0.2946771614405536,0.2617094652404077,-9.380293303921816,-0.1462400723992068,-0.0107147330418229,-0.0012362860143184,2.848154803690314,-0.0002036690711975
2025-04-30 01:00:26.503272200,27.99427221679688,0.0278012649163619,0.0010265759192407,0.0187052751229333,0.0001249900087714,-0.0354487995929295,0.988411345946268,-0.0675669087783268,left,0.0015729069709777,-0.2950180982882729,0.2608250105560757,-9.379346378460523,-0.1464122243465349,-0.0069820834323763,-0.0019776970148086,2.851354184253513,-0.0009725689888
2025-04-30 01:00:26.543272200,28.034272216796875,0.0278012649163619,0.0058573316782712,0.0187052751229333,-0.0074641904793679,-0.0354487995929295,0.988411345946268,-0.0675669087783268,left,0.0012536644935607,-0.2950180982882729,0.2608250105560757,-9.379346378460523,-0.1464122243465349,-0.0032494340557605,-0.0028092917054891,2.851354184253513,-0.0014152824878692
2025-04-30 01:00:26.583272200,28.074272216796874,0.0278012649163619,0.0022963294759392,0.0187052751229333,-0.0025357468985021,-0.0354487995929295,0.988411345946268,-0.0675669087783268,left,-0.0004193782806396,-0.2950180982882729,0.2608250105560757,-9.379346378460523,-0.1464122243465349,-0.0011875776108354,-0.0028219372034072,2.851354184253513,-0.0010051727294921
2025-04-30 01:00:26.623272200,28.11427221679688,0.0278012649163619,-0.0005937276873737,0.0187052751229333,0.0025241281837224,-0.0354487995929295,0.988411345946268,-0.0675669087783268,left,-0.0013191103935241,-0.2950180982882729,0.2608250105560757,-9.379346378460523,-0.1464122243465349,0.0009540512692183,-0.0028491895645856,2.851354184253513,-0.0015123188495635
2025-04-30 01:00:26.663272200,28.15427221679688,0.0278012649163619,0.0009587266249582,0.0187052751229333,0.0057570883072912,-0.0354487995929295,0.988411345946268,-0.0675669087783268,left,-0.0013980269432067,-0.2950180982882729,0.2608250105560757,-9.379346378460523,-0.1464122243465349,0.001760866609402,-0.0017105117440223,2.851354184253513,-0.0008822083473205
2025-04-30 01:00:26.703272400,28.1942724609375,0.0278012649163619,0.0007021145429462,0.0187052751229333,0.0064527653157711,-0.0354487995929295,0.988411345946268,-0.0675669087783268,left,0.0002764463424682,-0.2950180982882729,0.2608250105560757,-9.379346378460523,-0.1464122243465349,0.0053238300606608,-0.0016518589109182,2.851354184253513,-0.0036441683769226
2025-04-30 01:00:26.743272200,28.234272216796874,0.0278012649163619,-0.0060366662219166,0.0187052751229333,0.0067592952400445,-0.0354487995929295,0.988411345946268,-0.0675669087783268,left,-0.0009392499923706,-0.2950180982882729,0.2608250105560757,-9.379346378460523,-0.1464122243465349,0.0056256209500133,-0.0003457758575677,2.851354184253513,-0.0043191909790039
2025-04-30 01:00:26.783272200,28.27427221679688,0.0278012649163619,-0.0056700804270803,0.0187052751229333,0.0002899183891713,-0.0354487995929295,0.988411345946268,-0.0675669087783268,left,0.0061126947402954,-0.2950180982882729,0.2608250105560757,-9.379346378460523,-0.1464122243465349,0.0081201735883951,-0.0028462763875722,2.851354184253513,-0.0071607232093811
2025-04-30 01:00:26.823272200,28.31427221679688,0.0278012649163619,0.0044718920253217,0.0187052751229333,0.0059321764856576,-0.0354487995929295,0.988411345946268,-0.0675669087783268,left,-0.0046812891960144,-0.2950180982882729,0.2608250105560757,-9.379346378460523,-0.1464122243465349,-0.0021716887131333,-0.0019672997295856,2.851354184253513,-0.0003823041915893
2025-04-30 01:00:26.863272200,28.354272216796875,0.0286308718829433,0.0108552183955907,0.0190830827065022,0.0035577993839979,-0.0352893210620141,0.9884092281151602,-0.0671210555885886,left,0.0012881755828857,-0.2950469174513615,0.2686037365324795,-9.379044180643556,-0.1464160158685396,-0.021004743874073,-0.0038415659219026,2.8516245256274937,-0.0017983615398406
2025-04-30 01:00:26.903272200,28.394272216796875,0.0289655752706214,0.0037687732838094,0.0192292607310624,0.0043635321781039,-0.0351227190958857,0.9883675200116284,-0.0667285032019417,left,0.0018727779388427,-0.2956628262869294,0.2716920031377114,-9.37719650695026,-0.1467183037198181,-0.0085090203210711,-0.0029623452574014,2.8574028167679906,-0.0059486627578735
2025-04-30 01:00:26.943272400,28.4342724609375,0.0289655752706214,-0.0041500502265989,0.0192292607310624,0.0124063687399029,-0.0351227190958857,0.9883675200116284,-0.0667285032019417,left,-0.0016620159149169,-0.2956628262869294,0.2716920031377114,-9.37719650695026,-0.1467183037198181,-0.0020808572880923,-0.0006349291652441,2.8574028167679906,-0.0032916665077209
2025-04-30 01:00:26.983272200,28.47427221679688,0.0296603750651314,-0.0085014766082167,0.019598290433143,0.0088804271072149,-0.0353086596921708,0.9883278061878438,-0.0669978689050486,left,0.0001624226570129,-0.2960451366495273,0.2781747892857529,-9.375912896880507,-0.1468924073495565,-0.0052469251677393,-0.0010734964162111,2.8609891508221623,-0.0032523274421691
2025-04-30 01:00:27.023272200,28.51427221679688,0.0296603750651314,-0.0087307216599583,0.019598290433143,0.0066792136058211,-0.0353086596921708,0.9883278061878438,-0.0669978689050486,left,0.0001076459884643,-0.2960451366495273,0.2781747892857529,-9.375912896880507,-0.1468924073495565,-0.0016702332068234,-0.0003431402146816,2.8609891508221623,-0.001523345708847
2025-04-30 01:00:27.063272200,28.554272216796875,0.0296603750651314,0.0054708831012248,0.019598290433143,-0.0032369215041399,-0.0353086596921708,0.9883278061878438,-0.0669978689050486,left,0.0001071095466613,-0.2960451366495273,0.2781747892857529,-9.375912896880507,-0.1468924073495565,-0.0032099490053951,0.000242430716753,2.8609891508221623,-9.7632408142e-05
2025-04-30 01:00:27.103272200,28.59427221679688,0.0299480167496345,0.0047266418114304,0.0197155116706935,-0.0054722921922802,-0.0351488624494154,0.9883215260869672,-0.066630405103983,left,0.0012487769126892,-0.2961797385814536,0.2808601559122093,-9.375447617456317,-0.1469574731792847,-0.004216999746859,-0.0006187502294778,2.8622517181038853,-0.0017119348049163
2025-04-30 01:00:27.143272200,28.63427221679688,0.0299480167496345,0.003982400521636,0.0197155116706935,-0.0077076633460819,-0.0351488624494154,0.9883215260869672,-0.066630405103983,left,0.0024378299713134,-0.2961797385814536,0.2808601559122093,-9.375447617456317,-0.1469574731792847,-0.0052240500226616,-0.0012060925364494,2.8622517181038853,-0.0031974911689758
2025-04-30 01:00:27.183272400,28.6742724609375,0.0299480167496345,-0.0025131995789706,0.0197155116706935,-0.0064973612315952,-0.0351488624494154,0.9883215260869672,-0.066630405103983,left,-0.0003982186317443,-0.2961797385814536,0.2808601559122093,-9.375447617456317,-0.1469574731792847,-0.0038015679456293,-0.0008336268365383,2.8622517181038853,-0.002443104982376
2025-04-30 01:00:27.223272400,28.7142724609375,0.0299480167496345,-0.0026810460258275,0.0197155116706935,-0.003606307785958,-0.0351488624494154,0.9883215260869672,-0.066630405103983,left,0.0010769963264465,-0.2961797385814536,0.2808601559122093,-9.375447617456317,-0.1469574731792847,-0.0012157801538705,-0.001463234424591,2.8622517181038853,-0.0031437277793884
2025-04-30 01:00:27.263272200,28.75427221679688,0.0299480167496345,-0.0006206552498042,0.0197155116706935,-0.0068888370878994,-0.0351488624494154,0.9883215260869672,-0.066630405103983,left,0.0002467632293701,-0.2961797385814536,0.2808601559122093,-9.375447617456317,-0.1469574731792847,-0.0023009581491351,-0.0017708465456962,2.8622517181038853,-0.0010550916194915
2025-04-30 01:00:27.303272200,28.79427221679688,0.0299480167496345,-0.003061301074922,0.0197155116706935,-0.0072557148523628,-0.0351488624494154,0.9883215260869672,-0.066630405103983,left,0.0009913444519042,-0.2961797385814536,0.2808601559122093,-9.375447617456317,-0.1469574731792847,-0.0003184217493981,-0.0036130398511886,2.8622517181038853,-0.0022681355476379
2025-04-30 01:00:27.343272200,28.83427221679688,0.028988727743509,0.0018629962578415,0.0192439402817288,-0.0085560362786054,-0.0350491392252338,0.9882975354315958,-0.0665668221923152,left,0.0003933310508728,-0.296644096130841,0.2718277035476639,-9.374383203095196,-0.1472044367495665,0.0004013229627162,-0.0031925737857818,2.86660699070394,-0.0002961754798889
2025-04-30 01:00:27.383272200,28.874272216796875,0.0286548790383457,0.0040988745167851,0.0190633173326516,-0.0049115484580397,-0.0349322139131272,0.9883135791007888,-0.066381143347106,left,-0.0008022189140319,-0.296514851420962,0.2687086764779873,-9.37484380634427,-0.1471481761738561,0.0042128092609345,-0.0029386188834905,2.865394984565675,-0.0013686120510101
2025-04-30 01:00:27.423272200,28.91427221679688,0.0286548790383457,0.0063347523100674,0.0190633173326516,-0.0012670608703047,-0.0349322139131272,0.9883135791007888,-0.066381143347106,left,-0.002044677734375,-0.296514851420962,0.2687086764779873,-9.37484380634427,-0.1471481761738561,0.0080242957919836,-0.0030027125030755,2.865394984565675,-0.0025646388530731
2025-04-30 01:00:27.463272400,28.9542724609375,0.0286548790383457,0.0050937416963279,0.0190633173326516,-7.21585238352e-05,-0.0349322139131272,0.9883135791007888,-0.066381143347106,left,-0.0007133483886718,-0.296514851420962,0.2687086764779873,-9.37484380634427,-0.1471481761738561,0.0045334920287132,-0.0026429053395986,2.865394984565675,-0.0037199556827545
2025-04-30 01:00:27.503272200,28.99427221679688,0.0282844052652752,0.0016713291406631,0.0188410774194735,-0.0029548564925789,-0.0346810884568165,0.9883545533881406,-0.0659318105666029,left,0.0019109845161437,-0.296114615373332,0.2652679431732744,-9.376088253447412,-0.1469610660142065,0.0031953123398125,-0.0026130732148885,2.861640892729163,-0.0057808458805084
2025-04-30 01:00:27.543272200,29.034272216796875,0.0282844052652752,-0.0021573449485003,0.0188410774194735,0.0041322512552142,-0.0346810884568165,0.9883545533881406,-0.0659318105666029,left,-0.0002347826957702,-0.296114615373332,0.2652679431732744,-9.376088253447412,-0.1469610660142065,-0.0003835246898233,-0.0018791407346725,2.861640892729163,-0.0027938485145568
2025-04-30 01:00:27.583272200,29.074272216796874,0.0282844052652752,0.0015724378172308,0.0188410774194735,0.0050808978267014,-0.0346810884568165,0.9883545533881406,-0.0659318105666029,left,-0.0033655166625976,-0.296114615373332,0.2652679431732744,-9.376088253447412,-0.1469610660142065,0.0009226703550666,-0.001753494143486,2.861640892729163,-0.0037978589534759
2025-04-30 01:00:27.623272200,29.11427221679688,0.0282844052652752,0.0083083789795637,0.0188410774194735,0.0134448427706956,-0.0346810884568165,0.9883545533881406,-0.0659318105666029,left,-0.0026329755783081,-0.296114615373332,0.2652679431732744,-9.376088253447412,-0.1469610660142065,-0.0065749222412705,-0.0014010984450578,2.861640892729163,-0.0011641979217529
2025-04-30 01:00:27.663272200,29.15427221679688,0.0282844052652752,0.0041454676538705,0.0188410774194735,-0.0017369771376252,-0.0346810884568165,0.9883545533881406,-0.0659318105666029,left,0.0030794143676757,-0.296114615373332,0.2652679431732744,-9.376088253447412,-0.1469610660142065,-0.0099414307624101,-0.0014947075396776,2.861640892729163,-0.003350406885147
2025-04-30 01:00:27.703272400,29.1942724609375,0.0287726159723635,0.0072031463496387,0.0190502841543162,-0.0040868911892175,-0.0344533365167606,0.9883224902165804,-0.0653936320715805,left,0.0022923350334167,-0.2966103452797682,0.2698045636896043,-9.374538101395965,-0.1472027427662564,-0.0046751806512475,-0.0010960288345813,2.866290472100675,-0.0022215247154235
2025-04-30 01:00:27.743272200,29.234272216796874,0.0287726159723635,0.006112968083471,0.0190502841543162,-0.001245696330443,-0.0344533365167606,0.9883224902165804,-0.0653936320715805,left,6.55651092529e-05,-0.2966103452797682,0.2698045636896043,-9.374538101395965,-0.1472027427662564,-0.0003797495737671,-0.000917661935091,2.866290472100675,-0.0029540061950683
2025-04-30 01:00:27.783272200,29.27427221679688,0.0287726159723635,0.0014861486852169,0.0190502841543162,-0.0003028463106602,-0.0344533365167606,0.9883224902165804,-0.0653936320715805,left,-0.0009934306144714,-0.2966103452797682,0.2698045636896043,-9.374538101395965,-0.1472027427662564,-9.23224724829e-05,-0.0006622523069381,2.866290472100675,-0.0026763379573822
2025-04-30 01:00:27.823272200,29.31427221679688,0.0287726159723635,-0.0006660758517682,0.0190502841543162,0.0008647693321108,-0.0344533365167606,0.9883224902165804,-0.0653936320715805,left,-0.0012397170066833,-0.2966103452797682,0.2698045636896043,-9.374538101395965,-0.1472027427662564,0.0004659539554268,-0.0003212112933397,2.866290472100675,-0.0015832185745239
2025-04-30 01:00:27.863272200,29.354272216796875,0.0287726159723635,0.0020385750103741,0.0190502841543162,-0.0030288835987448,-0.0344533365167606,0.9883224902165804,-0.0653936320715805,left,0.0005923509597778,-0.2966103452797682,0.2698045636896043,-9.374538101395965,-0.1472027427662564,0.0065275495871901,-0.0020583383738994,2.866290472100675,-0.0030950605869293
2025-04-30 01:00:27.903272200,29.394272216796875,0.028717370559304,0.0068212188780307,0.0189697280415135,0.0041192583739757,-0.0341330001128024,0.9883659192404166,-0.0647577367442606,left,0.00014328956604,-0.2961788455488235,0.2693221504675224,-9.375788978239893,-0.1469964598518022,0.0100159915164113,-0.0011660624295473,2.8622435347974298,-0.0027373135089874
2025-04-30 01:00:27.943272400,29.4342724609375,0.028717370559304,0.002154819201678,0.0189697280415135,-0.0018700072541832,-0.0341330001128024,0.9883659192404166,-0.0647577367442606,left,0.0014730095863342,-0.2961788455488235,0.2693221504675224,-9.375788978239893,-0.1469964598518022,0.0045747277326881,-0.0016685407608747,2.8622435347974298,-0.0043677687644958
2025-04-30 01:00:27.983272200,29.47427221679688,0.028717370559304,0.0028486824594438,0.0189697280415135,-0.0024039917625486,-0.0341330001128024,0.9883659192404166,-0.0647577367442606,left,0.001311719417572,-0.2961788455488235,0.2693221504675224,-9.375788978239893,-0.1469964598518022,0.0009987822268158,-0.0017355773597955,2.8622435347974298,-0.0030399858951568
2025-04-30 01:00:28.023272200,29.51427221679688,0.028717370559304,0.0035425454843789,0.0189697280415135,-0.002937976270914,-0.0341330001128024,0.9883659192404166,-0.0647577367442606,left,0.0011504292488098,-0.2961788455488235,0.2693221504675224,-9.375788978239893,-0.1469964598518022,-0.0025771632790565,-0.0018026139587163,2.8622435347974298,-0.0017122328281402
2025-04-30 01:00:28.063272200,29.554272216796875,0.028717370559304,0.0034824840258806,0.0189697280415135,-0.00261384784244,-0.0341330001128024,0.9883659192404166,-0.0647577367442606,left,-0.0002305507659912,-0.2961788455488235,0.2693221504675224,-9.375788978239893,-0.1469964598518022,-0.0048392564058303,-0.0011270605027675,2.8622435347974298,-0.0019240081310272
2025-04-30 01:00:28.103272200,29.59427221679688,0.028717370559304,0.0008750385604798,0.0189697280415135,-0.0026185901369899,-0.0341330001128024,0.9883659192404166,-0.0647577367442606,left,0.0003615021705627,-0.2961788455488235,0.2693221504675224,-9.375788978239893,-0.1469964598518022,-0.0018734370823949,-0.0019124839454889,2.8622435347974298,-0.0015737116336822
2025-04-30 01:00:28.143272200,29.63427221679688,0.028717370559304,-0.0011203528847545,0.0189697280415135,-0.004089318215847,-0.0341330001128024,0.9883659192404166,-0.0647577367442606,left,-4.16040420532e-05,-0.2961788455488235,0.2693221504675224,-9.375788978239893,-0.1469964598518022,0.0032836550381034,-0.0020934380590915,2.8622435347974298,-0.0011440217494964
2025-04-30 01:00:28.183272400,29.6742724609375,0.0280358948958526,0.0029068433213979,0.0186088699383148,-0.0051689436659216,-0.033945190353909,0.9883957025677776,-0.0644813840467338,left,0.0001477599143981,-0.2959258845794331,0.2629529990280978,-9.37669323360324,-0.1468856297670451,0.006690657697618,-0.0031451992690563,2.859870668186247,-0.0010480880737304
2025-04-30 01:00:28.223272400,29.7142724609375,0.0280358948958526,0.0037026412319391,0.0186088699383148,-0.001085799653083,-0.033945190353909,0.9883957025677776,-0.0644813840467338,left,-0.0010761618614196,-0.2959258845794331,0.2629529990280978,-9.37669323360324,-0.1468856297670451,0.007495320867747,-0.0018612388521432,2.859870668186247,-0.0035337209701538
2025-04-30 01:00:28.263272200,29.75427221679688,0.0280358948958526,-0.0020882373210042,0.0186088699383148,0.0024925619363784,-0.033945190353909,0.9883957025677776,-0.0644813840467338,left,-0.0009469985961914,-0.2959258845794331,0.2629529990280978,-9.37669323360324,-0.1468856297670451,0.0033636875450611,-0.0016296710819005,2.859870668186247,-0.0048562884330749
2025-04-30 01:00:28.303272200,29.79427221679688,0.027766520668188,-0.008641998283565,0.0184702433442282,-0.00365318544209,-0.0339491795807375,0.9884440214073006,-0.0645352378747228,left,0.0012701749801635,-0.2952924733786397,0.2604774026948027,-9.378573056000471,-0.1465766251542119,0.0008115484379231,-0.0017885640263557,2.853928418655693,-0.0045794546604156
2025-04-30 01:00:28.343272200,29.83427221679688,0.027766520668188,-0.0009912946261465,0.0184702433442282,-0.0003754140343517,-0.0339491795807375,0.9884440214073006,-0.0645352378747228,left,0.0010420083999633,-0.2952924733786397,0.2604774026948027,-9.378573056000471,-0.1465766251542119,0.0017347300890833,-0.0027449615299701,2.853928418655693,-0.0028224289417266
2025-04-30 01:00:28.383272200,29.874272216796875,0.027766520668188,0.0030059330165386,0.0184702433442282,0.0025117744226008,-0.0339491795807375,0.9884440214073006,-0.0645352378747228,left,-0.0033530592918395,-0.2952924733786397,0.2604774026948027,-9.378573056000471,-0.1465766251542119,0.002310296986252,-0.0014987010508775,2.853928418655693,-0.0045667290687561
2025-04-30 01:00:28.423272400,29.9142724609375,0.027766520668188,0.0062383934855461,0.0184702433442282,0.0109473997727036,-0.0339491795807375,0.9884440214073006,-0.0645352378747228,left,-0.002668023109436,-0.2952924733786397,0.2604774026948027,-9.378573056000471,-0.1465766251542119,-0.0076859253458678,-0.0021226946264505,2.853928418655693,-0.0034133195877075
2025-04-30 01:00:28.463272400,29.9542724609375,0.027766520668188,0.001483236439526,0.0184702433442282,0.0003319634124636,-0.0339491795807375,0.9884440214073006,-0.0645352378747228,left,0.0018613934516906,-0.2952924733786397,0.2604774026948027,-9.378573056000471,-0.1465766251542119,-0.0105310408398509,-0.0017358064651489,2.853928418655693,-0.0040284693241119
2025-04-30 01:00:28.503272200,29.99427221679688,0.027766520668188,0.004178486764431,0.0184702433442282,-0.0011940201511606,-0.0339491795807375,0.9884440214073006,-0.0645352378747228,left,0.0014888644218444,-0.2952924733786397,0.2604774026948027,-9.378573056000471,-0.1465766251542119,-0.0053768674843013,-0.0013446398079395,2.853928418655693,-0.0014096796512603
2025-04-30 01:00:28.543272200,30.034272216796875,0.0282095557922567,0.0071248710155487,0.0186488825094843,-1.46772945299e-05,-0.0336671445031363,0.9884176460800004,-0.0638946827730192,left,-0.0002269744873046,-0.2957415177695773,0.2645962361904792,-9.37717487964034,-0.1467970284747695,-0.0023430201690644,-0.0017552245408296,2.8581410679146644,-0.0025835037231445
2025-04-30 01:00:28.583272200,30.074272216796874,0.0282095557922567,0.0016553904861211,0.0186488825094843,-0.0014813264133408,-0.0336671445031363,0.9884176460800004,-0.0638946827730192,left,0.0005016922950744,-0.2957415177695773,0.2645962361904792,-9.37717487964034,-0.1467970284747695,-0.0026076796930283,-0.0012374464422464,2.8581410679146644,-0.0028674006462097
2025-04-30 01:00:28.623272200,30.11427221679688,0.0282095557922567,-0.0029353653080761,0.0186488825094843,0.0002720894990488,-0.0336671445031363,0.9884176460800004,-0.0638946827730192,left,-0.0002247095108032,-0.2957415177695773,0.2645962361904792,-9.37717487964034,-0.1467970284747695,-0.0090836826711893,-7.48969614505e-05,2.8581410679146644,0.0001563429832458
2025-04-30 01:00:28.663272200,30.15427221679688,0.0282095557922567,-0.0003298169467598,0.0186488825094843,-0.0027432758361101,-0.0336671445031363,0.9884176460800004,-0.0638946827730192,left,0.0001035928726196,-0.2957415177695773,0.2645962361904792,-9.37717487964034,-0.1467970284747695,-0.0003840178251266,-0.0008352920413017,2.8581410679146644,-0.0013186931610107
2025-04-30 01:00:28.703272400,30.1942724609375,0.0282095557922567,0.0042794113978743,0.0186488825094843,0.0015276465564966,-0.0336671445031363,0.9884176460800004,-0.0638946827730192,left,7.25984573364e-05,-0.2957415177695773,0.2645962361904792,-9.37717487964034,-0.1467970284747695,0.0090699344873428,-0.0009264424443244,2.8581410679146644,-0.0021101534366607
2025-04-30 01:00:28.743272200,30.234272216796874,0.0282095557922567,0.0038192507345229,0.0186488825094843,-0.0065744752064347,-0.0336671445031363,0.9884176460800004,-0.0638946827730192,left,-0.0001313090324401,-0.2957415177695773,0.2645962361904792,-9.37717487964034,-0.1467970284747695,0.004227923694998,-0.0020197592675685,2.8581410679146644,-0.0033130943775177
2025-04-30 01:00:28.783272200,30.27427221679688,0.0279740388232646,0.0030455801170319,0.0185051406596521,-0.0048411767929792,-0.0334810770639361,0.988437578304379,-0.0635546756758638,left,-7.82012939453e-05,-0.2955787561811412,0.2624007537065074,-9.377701533862949,-0.1467236873826518,0.0037150913849473,-0.0017210263758897,2.856614296738804,-0.0035732984542846
2025-04-30 01:00:28.823272200,30.31427221679688,0.0279740388232646,0.0022719097323715,0.0185051406596521,-0.0031078781466931,-0.0334810770639361,0.988437578304379,-0.0635546756758638,left,-7.87377357482e-05,-0.2955787561811412,0.2624007537065074,-9.377701533862949,-0.1467236873826518,0.0032022588420659,-0.0016461703926324,2.856614296738804,-0.0039891898632049
2025-04-30 01:00:28.863272200,30.354272216796875,0.0279740388232646,0.0008396202465519,0.0185051406596521,-0.0051044444553554,-0.0334810770639361,0.988437578304379,-0.0635546756758638,left,0.000396728515625,-0.2955787561811412,0.2624007537065074,-9.377701533862949,-0.1467236873826518,0.0009302631951868,-0.0013556536287069,2.856614296738804,-0.0027089118957519
2025-04-30 01:00:28.903272200,30.394272216796875,0.0272358961493184,-0.0006316524231806,0.0181102534650035,-0.0113291125744581,-0.0332478535647374,0.9884687930909944,-0.0631945818442488,left,0.0015916228294372,-0.2953282088159801,0.2554980799122713,-9.37860754279196,-0.1466154588148611,0.0046635428443551,-0.0013927053660154,2.8542636419594287,-0.0030463635921478
2025-04-30 01:00:28.943272400,30.4342724609375,0.0272358961493184,0.0049036568962037,0.0181102534650035,-0.0127315297722816,-0.0332478535647374,0.9884687930909944,-0.0631945818442488,left,0.0002301931381225,-0.2953282088159801,0.2554980799122713,-9.37860754279196,-0.1466154588148611,0.0047706244513392,-0.0019463319331407,2.8542636419594287,-0.0018162727355957
2025-04-30 01:00:28.983272200,30.47427221679688,0.0263573855721823,0.0105975717306137,0.0176333018610172,-0.0133610535413026,-0.03293579371004,0.9885166763848822,-0.0626971816792778,left,-0.0018715858459472,-0.294894994367246,0.2472913377821445,-9.38006358681917,-0.1464203145161839,0.0055185449309647,-0.0034342594444751,2.850198876738548,-0.0011130571365356
2025-04-30 01:00:29.023272200,30.51427221679688,0.025908482565251,0.0107296118512749,0.0173636819809813,-0.0098553812131285,-0.0326034571585289,0.9885485897367444,-0.0620933368849948,left,-0.001013696193695,-0.2946495997581467,0.243098690131586,-9.380872565114498,-0.1463116428772274,0.0041773337870836,-0.001663951203227,2.847896152754128,-0.0027023553848266
2025-04-30 01:00:29.063272200,30.554272216796875,0.0254439488617565,0.0061758700758218,0.0171065444862157,-0.0117187891155481,-0.0324067002936016,0.988576364352397,-0.0617660632558521,left,-0.00107342004776,-0.2943995895087275,0.2387590352257713,-9.381696156457066,-0.1461984125920016,0.0039319153875112,-0.0028969682753086,2.8455501741498708,-0.0036710500717163
2025-04-30 01:00:29.103272200,30.59427221679688,0.0254439488617565,0.0016221283003687,0.0171065444862157,-0.0135821970179677,-0.0324067002936016,0.988576364352397,-0.0617660632558521,left,-0.0012170672416687,-0.2943995895087275,0.2387590352257713,-9.381696156457066,-0.1461984125920016,0.0036864974536001,-0.0045725107192993,2.8455501741498708,-0.0048790276050567
2025-04-30 01:00:29.143272200,30.63427221679688,0.0247211047848274,0.0006774868816137,0.0167261110968127,-0.0042345114052295,-0.032222268532768,0.9886064216358732,-0.0615019335907584,left,0.0008323192596435,-0.2941317964844377,0.231996299625188,-9.382627884349226,-0.14607994084406,0.0023479026276618,-0.0080817583948373,2.8430367300242185,-0.0053897202014923
2025-04-30 01:00:29.183272400,30.6742724609375,0.0247211047848274,0.0006430769572034,0.0167261110968127,0.0017050518654286,-0.032222268532768,0.9886064216358732,-0.0615019335907584,left,-0.0051830410957336,-0.2941317964844377,0.231996299625188,-9.382627884349226,-0.14607994084406,0.0045485794544219,-0.0092769218608737,2.8430367300242185,-0.0063914060592651
2025-04-30 01:00:29.223272400,30.7142724609375,0.0247211047848274,0.0017387350089848,0.0167261110968127,0.0176607891917228,-0.032222268532768,0.9886064216358732,-0.0615019335907584,left,-0.0065172910690307,-0.2941317964844377,0.231996299625188,-9.382627884349226,-0.14607994084406,-0.0157317779958248,-0.0094566624611616,2.8430367300242185,-0.002687931060791
2025-04-30 01:00:29.263272200,30.75427221679688,0.0254356362312676,-0.0068463035859167,0.0170829275531501,0.0180239975452423,-0.0322424881072753,0.9885565691614244,-0.0614322716906163,left,-0.0001171827316284,-0.2947427017051039,0.2386562141721136,-9.380721758466958,-0.1463710190157827,-0.015305976383388,-0.0067924279719591,2.8487700129792093,-0.0077444314956665
2025-04-30 01:00:29.303272200,30.79427221679688,0.0260807999902834,-0.0142321735620498,0.0174396943214918,0.0198393408209085,-0.0325075282177004,0.9885137227941356,-0.0618695053330838,left,-0.000524878501892,-0.2951528408220989,0.2446777760165743,-9.37939664734304,-0.1465595447798447,-0.007790639065206,-0.002632986754179,2.852618212839961,-0.0045661628246307
2025-04-30 01:00:29.343272200,30.83427221679688,0.0268712062163182,-0.0160137303173542,0.0178802046000347,0.0226499587297439,-0.0328724595890861,0.9884734855364892,-0.0624879155721906,left,0.0001850128173828,-0.2954664573070622,0.2520671738818287,-9.378305929496884,-0.1466961923943244,-0.0094271656125783,0.0012143086642026,2.855560696032643,-0.0019539296627044
2025-04-30 01:00:29.383272200,30.874272216796875,0.0271616725249182,-0.0133246891200542,0.0180736750685689,0.0092006400227546,-0.0331971332737581,0.988434932773619,-0.0630986200778986,left,0.0028571486473083,-0.2958172173057149,0.2547640300166793,-9.37723040921986,-0.1468592773255977,-0.0061651053838431,0.0013676118105649,2.8588512620106337,-0.0016669332981109
2025-04-30 01:00:29.423272400,30.9142724609375,0.0274519530454462,-0.0106356479227542,0.0182671444147939,-0.0042486786842346,-0.0335217890014702,0.9883962123824248,-0.06370925748698,left,0.0055291056632995,-0.2961681772541357,0.2574584932650439,-9.37615255085528,-0.1470223517801018,-0.0029030451551079,0.0015211701393127,2.8621432892933485,-0.0013800859451293
2025-04-30 01:00:29.463272400,30.9542724609375,0.0274519530454462,-0.0058260736986994,0.0182671444147939,-0.0032438770867884,-0.0335217890014702,0.9883962123824248,-0.06370925748698,left,0.0035209655761718,-0.2961681772541357,0.2574584932650439,-9.37615255085528,-0.1470223517801018,0.0005847476422786,0.0009594038128852,2.8621432892933485,-0.0019222199916839
2025-04-30 01:00:29.503272200,30.99427221679688,0.0274519530454462,-0.0010164994746446,0.0182671444147939,-0.0022390757221728,-0.0335217890014702,0.9883962123824248,-0.06370925748698,left,0.0015128254890441,-0.2961681772541357,0.2574584932650439,-9.37615255085528,-0.1470223517801018,0.0040725404396653,0.0003976374864578,2.8621432892933485,-0.0024643540382385
2025-04-30 01:00:29.543272200,31.034272216796875,0.0274519530454462,-0.0006109485984779,0.0182671444147939,-0.010375315323472,-0.0335217890014702,0.9883962123824248,-0.06370925748698,left,0.0005120038986206,-0.2961681772541357,0.2574584932650439,-9.37615255085528,-0.1470223517801018,0.0024315200280398,0.000502897426486,2.8621432892933485,-0.0034570097923278
2025-04-30 01:00:29.583272200,31.074272216796874,0.0269077230449306,0.0019705113954842,0.01800005804754,-0.0089277839288115,-0.0335453504075487,0.9884384924955516,-0.063842548719118,left,0.0004084706306457,-0.2956322024798656,0.2523968990265391,-9.377823114416003,-0.1467653528078291,-0.0001535846386104,-0.0020010825246572,2.8571155242592097,-0.0028707981109619
2025-04-30 01:00:29.623272200,31.11427221679688,0.0269077230449306,0.0024962583556771,0.01800005804754,-0.0099317757412791,-0.0335453504075487,0.9884384924955516,-0.063842548719118,left,-0.00111585855484,-0.2956322024798656,0.2523968990265391,-9.377823114416003,-0.1467653528078291,-0.002818610984832,-0.0027551390230655,2.8571155242592097,-0.0024239420890808
2025-04-30 01:00:29.663272200,31.15427221679688,0.0262592816746778,-0.0021728430874645,0.0176735283971641,-0.0095375375822186,-0.0334604256983409,0.9884481833716368,-0.0637672999536841,left,-6.85453414916e-05,-0.2955960714650133,0.2463185837598517,-9.37808848735392,-0.1467590300673664,-0.002544505521655,-0.0032561589032411,2.856776793824136,-0.0034971833229064
2025-04-30 01:00:29.703272400,31.1942724609375,0.025663763472432,-0.0021370386239141,0.017383492692327,-0.0130141712725162,-0.033445440876825,0.988452331878398,-0.0638253906862461,left,0.0006108880043029,-0.2955975428914126,0.2407336232343688,-9.378228772607445,-0.1467692077762112,-0.0009541948093101,-0.0036593750119209,2.856790530088544,-0.0021824538707733
2025-04-30 01:00:29.743272200,31.234272216796874,0.0250705846432251,0.0033462152350693,0.0170859307131367,-0.012312295846641,-0.0333814950492237,0.9884651586938888,-0.0637848290903043,left,0.0001086592674255,-0.2955018624443964,0.235177468678262,-9.378643198627232,-0.1467321767375088,0.0035698520950973,-0.0051483679562807,2.8558929967269298,-0.0018525421619415
2025-04-30 01:00:29.783272200,31.27427221679688,0.0250705846432251,0.0047439723275601,0.0170859307131367,-0.0079833148047328,-0.0333814950492237,0.9884651586938888,-0.0637848290903043,left,-0.002283751964569,-0.2955018624443964,0.235177468678262,-9.378643198627232,-0.1467321767375088,0.0048429523594677,-0.0044658109545707,2.8558929967269298,-0.0029384195804595
2025-04-30 01:00:29.823272200,31.31427221679688,0.0246157377323247,0.0015428878832608,0.0168331207655323,-0.0036399131640791,-0.0331957610474511,0.9885020527800356,-0.0634794255140669,left,-0.0013810396194458,-0.2951231391219445,0.230938187140692,-9.379829778063296,-0.1465551287276832,0.0083247013390064,-0.0039206184446811,2.852339688159525,-0.00461345911026
2025-04-30 01:00:29.863272200,31.354272216796875,0.0246157377323247,-0.0041014766320586,0.0168331207655323,0.0065351240336894,-0.0331957610474511,0.9885020527800356,-0.0634794255140669,left,-0.0015994310379028,-0.2951231391219445,0.230938187140692,-9.379829778063296,-0.1465551287276832,0.0072596273384988,-0.00296644680202,2.852339688159525,-0.0052642822265625
2025-04-30 01:00:29.903272200,31.394272216796875,0.0247655905318018,-0.0063058761879801,0.0169064020287191,0.0022167693823575,-0.0332636240940337,0.9885463692179614,-0.0635994669379074,left,0.0033408403396606,-0.2944764884994539,0.2323894088623113,-9.381637119746207,-0.1462319755448356,0.0075103635899722,-0.0036190971732139,2.8462717664226886,-0.0078145563602447
2025-04-30 01:00:29.943272400,31.4342724609375,0.0247655905318018,0.0005041034892201,0.0169064020287191,0.0157054681330919,-0.0332636240940337,0.9885463692179614,-0.0635994669379074,left,-0.0059717893600463,-0.2944764884994539,0.2323894088623113,-9.381637119746207,-0.1462319755448356,-0.0092142149806022,-0.0004375707358121,2.8462717664226886,-0.0006585121154785
2025-04-30 01:00:29.983272200,31.47427221679688,0.0256504719164986,0.0004035879974253,0.0173511461441819,0.0127352066338062,-0.033340278677497,0.9885093338716964,-0.063620457997869,left,0.0015419125556945,-0.2948711279668818,0.2406621289007365,-9.380304409837722,-0.1464121524492534,-0.0176462605595588,-0.0017144754528999,2.849975004854798,-0.0032397806644439
2025-04-30 01:00:30.023272200,31.51427221679688,0.0260665594945479,0.0029835533350706,0.0175554062665508,0.0067248702980577,-0.0333183081015529,0.9884743860158098,-0.0635106355816618,left,0.0021092891693115,-0.2953220691596398,0.2445316090115346,-9.378917923915386,-0.1466290693681736,-0.0048378081992268,8.41114670038e-05,2.8542060665532945,-0.0027045309543609
2025-04-30 01:00:30.063272200,31.554272216796875,0.0260665594945479,0.0068248566240072,0.0175554062665508,6.21550716459e-05,-0.0333183081015529,0.9884743860158098,-0.0635106355816618,left,0.001491367816925,-0.2953220691596398,0.2445316090115346,-9.378917923915386,-0.1466290693681736,-0.0016720071434974,-0.0009004212915897,2.8542060665532945,-0.0014442205429077
2025-04-30 01:00:30.103272200,31.59427221679688,0.0260665594945479,0.0049129342660307,0.0175554062665508,-0.0044039469212293,-0.0333183081015529,0.9884743860158098,-0.0635106355816618,left,-0.0004733204841613,-0.2953220691596398,0.2445316090115346,-9.378917923915386,-0.1466290693681736,-0.002467282814905,-0.0003877002745866,2.8542060665532945,-0.0013165473937988
2025-04-30 01:00:30.143272200,31.63427221679688,0.0260665594945479,0.0010606159921735,0.0175554062665508,-0.0004892917349934,-0.0333183081015529,0.9884743860158098,-0.0635106355816618,left,-0.0019681453704833,-0.2953220691596398,0.2445316090115346,-9.378917923915386,-0.1466290693681736,-0.0032958716619759,-0.0004686284810304,2.8542060665532945,-0.0020661354064941
2025-04-30 01:00:30.183272400,31.6742724609375,0.0260665594945479,-0.0033388140145689,0.0175554062665508,-0.0070594539865851,-0.0333183081015529,0.9884743860158098,-0.0635106355816618,left,0.0012324452400207,-0.2953220691596398,0.2445316090115346,-9.378917923915386,-0.1466290693681736,0.0045588789507746,-0.0022409372031688,2.8542060665532945,-0.0028701424598693
2025-04-30 01:00:30.223272400,31.7142724609375,0.0260665594945479,0.001742512686178,0.0175554062665508,0.0016949819400906,-0.0333183081015529,0.9884743860158098,-0.0635106355816618,left,-0.0016663074493408,-0.2953220691596398,0.2445316090115346,-9.378917923915386,-0.1466290693681736,0.008001597598195,-0.0019057486206293,2.8542060665532945,-0.0026887655258178
2025-04-30 01:00:30.263272200,31.75427221679688,0.0258701669512285,0.003282728837803,0.0174141891968827,-0.004710326436907,-0.0330375949220742,0.9885094164322376,-0.0629745353964757,left,0.0006872415542602,-0.2949904676147529,0.2427141295270994,-9.379911026605964,-0.1464731032567217,0.0060244500637054,-0.0028274655342102,2.8510949487954376,-0.0026014447212219
2025-04-30 01:00:30.303272200,31.79427221679688,0.0258701669512285,0.0055098757147789,0.0174141891968827,-0.0035125869326293,-0.0330375949220742,0.9885094164322376,-0.0629745353964757,left,-1.75833702087e-05,-0.2949904676147529,0.2427141295270994,-9.379911026605964,-0.1464731032567217,-0.0010432270355522,-0.00295315310359,2.8510949487954376,-0.0022109150886535
2025-04-30 01:00:30.343272200,31.83427221679688,0.0257045231935413,0.0045273741707205,0.0172930732992857,-0.0018492355011403,-0.0327545489777774,0.9885151523187824,-0.0624258823981125,left,0.0003526210784912,-0.2950552334470017,0.2411556480387225,-9.37976664969921,-0.1465125966194715,-0.0010583207476884,-0.0029756985604763,2.851702559299767,-0.00452321767807
2025-04-30 01:00:30.383272200,31.874272216796875,0.0257045231935413,-0.0004776120185852,0.0172930732992857,0.0011420845985412,-0.0327545489777774,0.9885151523187824,-0.0624258823981125,left,-0.0017797350883483,-0.2950552334470017,0.2411556480387225,-9.37976664969921,-0.1465125966194715,0.0005645853234454,-0.0016060769557952,2.851702559299767,-0.0042115151882171
2025-04-30 01:00:30.423272400,31.9142724609375,0.0257045231935413,-0.0060021886602044,0.0172930732992857,0.0004945081891492,-0.0327545489777774,0.9885151523187824,-0.0624258823981125,left,-0.0001948475837707,-0.2950552334470017,0.2411556480387225,-9.37976664969921,-0.1465125966194715,-0.0002195357810705,-0.0020382050424814,2.851702559299767,-0.0033303499221801
2025-04-30 01:00:30.463272400,31.9542724609375,0.0257045231935413,-0.0028124775271862,0.0172930732992857,-0.0025983792729675,-0.0327545489777774,0.9885151523187824,-0.0624258823981125,left,0.0014911293983459,-0.2950552334470017,0.2411556480387225,-9.37976664969921,-0.1465125966194715,-0.0008268711389973,-0.0033730678260326,2.851702559299767,-0.0012027323246002
2025-04-30 01:00:30.503272200,31.99427221679688,0.0257045231935413,0.0046623833477497,0.0172930732992857,-0.004960099235177,-0.0327545489777774,0.9885151523187824,-0.0624258823981125,left,-0.0009213089942932,-0.2950552334470017,0.2411556480387225,-9.37976664969921,-0.1465125966194715,0.0031514079309999,-0.004430728033185,2.851702559299767,-0.0014126300811767
2025-04-30 01:00:30.543272200,32.03427221679687,0.0257045231935413,0.0065709864720702,0.0172930732992857,-0.0012589797843247,-0.0327545489777774,0.9885151523187824,-0.0624258823981125,left,-0.001855194568634,-0.2950552334470017,0.2411556480387225,-9.37976664969921,-0.1465125966194715,0.0030805345159024,-0.0030063837766647,2.851702559299767,-0.0026858150959014
2025-04-30 01:00:30.583272200,32.07427221679688,0.0257045231935413,0.0016354005783796,0.0172930732992857,-0.0013455576263368,-0.0327545489777774,0.9885151523187824,-0.0624258823981125,left,0.0017429590225219,-0.2950552334470017,0.2411556480387225,-9.37976664969921,-0.1465125966194715,0.0054053934291005,-0.0041629020124673,2.851702559299767,-0.0043502449989318
2025-04-30 01:00:30.623272200,32.11427221679688,0.0257045231935413,-0.0033001848496496,0.0172930732992857,-0.0014321354683488,-0.0327545489777774,0.9885151523187824,-0.0624258823981125,left,0.0053410530090332,-0.2950552334470017,0.2411556480387225,-9.37976664969921,-0.1465125966194715,0.0077302525751292,-0.00531942024827,2.851702559299767,-0.0060147047042846
2025-04-30 01:00:30.663272200,32.15427221679688,0.0254062075587527,0.0017662676982581,0.0171359572071594,0.0077525973320007,-0.0327298363433916,0.9885665881945992,-0.0624254598970535,left,-0.0035502910614013,-0.2943903569232127,0.2384056186782196,-9.381731227770446,-0.1461888241169936,0.0047033289447426,-0.0019670482724905,2.8454633726492524,-0.003291517496109
2025-04-30 01:00:30.703272400,32.1942724609375,0.0259494828900786,0.0035216901451349,0.0173878317222678,0.0105002420023083,-0.0326574719493139,0.9885661168655456,-0.0621987751178116,left,-0.0001959204673767,-0.2943843708269764,0.2435029052846133,-9.381617830523847,-0.1461789300532848,-0.0077273631468415,-0.001363405957818,2.8454072585478425,-0.0027865171432495
2025-04-30 01:00:30.743272200,32.234272216796874,0.0259494828900786,0.0011986019089818,0.0173878317222678,0.0041553187184035,-0.0326574719493139,0.9885661168655456,-0.0621987751178116,left,0.0029348134994506,-0.2943843708269764,0.2435029052846133,-9.381617830523847,-0.1461789300532848,-0.0078875552862882,-0.0009597055613994,2.8454072585478425,-0.0033081769943237
2025-04-30 01:00:30.783272200,32.274272216796874,0.0259494828900786,0.0050230240449309,0.0173878317222678,-0.0011221226304769,-0.0326574719493139,0.9885661168655456,-0.0621987751178116,left,0.0015358924865722,-0.2943843708269764,0.2435029052846133,-9.381617830523847,-0.1461789300532848,-0.0041199447587132,-0.0004026871174573,2.8454072585478425,-0.0010373890399932
2025-04-30 01:00:30.823272200,32.31427221679687,0.0259494828900786,0.0062376926653087,0.0173878317222678,-0.0045845150016248,-0.0326574719493139,0.9885661168655456,-0.0621987751178116,left,0.0001726150512695,-0.2943843708269764,0.2435029052846133,-9.381617830523847,-0.1461789300532848,-0.0035156747326254,-0.0007294416427612,2.8454072585478425,-0.0020997822284698
2025-04-30 01:00:30.863272200,32.35427221679687,0.0259494828900786,0.0019965497776865,0.0173878317222678,-0.0032496908679604,-0.0326574719493139,0.9885661168655456,-0.0621987751178116,left,-0.0007105469703674,-0.2943843708269764,0.2435029052846133,-9.381617830523847,-0.1461789300532848,-0.0017206168267875,-0.0009879190474748,2.8454072585478425,-0.0028485357761383
2025-04-30 01:00:30.903272200,32.39427221679688,0.025821961015991,-0.0024327314458787,0.0172933945572791,-0.0078060454688966,-0.0323786189841111,0.9885306687331074,-0.0616483256441156,left,0.0025413036346435,-0.2950018194536096,0.2422611250625923,-9.379890568339825,-0.1464910132150101,0.0019591469317674,-0.002226460725069,2.8512013317793605,-0.0052222311496734
2025-04-30 01:00:30.943272400,32.4342724609375,0.025821961015991,0.0002730798441916,0.0172933945572791,-0.002808982040733,-0.0323786189841111,0.9885306687331074,-0.0616483256441156,left,-0.0019668340682983,-0.2950018194536096,0.2422611250625923,-9.379890568339825,-0.1464910132150101,0.0074212099425494,-0.0013972949236631,2.8512013317793605,-0.0045004785060882
2025-04-30 01:00:30.983272200,32.47427221679688,0.025821961015991,0.0007202495471574,0.0172933945572791,-0.0021475041285157,-0.0323786189841111,0.9885306687331074,-0.0616483256441156,left,0.0004310011863708,-0.2950018194536096,0.2422611250625923,-9.379890568339825,-0.1464910132150101,0.0061120213940739,-0.0026630368083715,2.8512013317793605,-0.0035288333892822
2025-04-30 01:00:31.023272200,32.51427221679688,0.0256021667909455,0.0003073880798183,0.0171651318383952,-0.0034268980380147,-0.0322531729311082,0.9885546191926452,-0.0614291653414322,left,-0.0008907318115234,-0.2947511595717197,0.2402177644004113,-9.380657461059092,-0.1463725344659782,-0.0045826015993952,-0.002225873991847,2.8488492156952616,-0.0036397874355316
2025-04-30 01:00:31.063272200,32.554272216796875,0.0256021667909455,0.0013102611992508,0.0171651318383952,0.0002145722974091,-0.0322531729311082,0.9885546191926452,-0.0614291653414322,left,0.0001099705696105,-0.2947511595717197,0.2402177644004113,-9.380657461059092,-0.1463725344659782,-0.0054756267927587,-0.0024854056537151,2.8488492156952616,-0.003885805606842
2025-04-30 01:00:31.103272200,32.594272216796874,0.0256021667909455,-0.0022506664972752,0.0171651318383952,0.00162464461755,-0.0322531729311082,0.9885546191926452,-0.0614291653414322,left,2.1755695343e-05,-0.2947511595717197,0.2402177644004113,-9.380657461059092,-0.1463725344659782,-0.0064339088276028,-0.0020574666559696,2.8488492156952616,-0.0025164484977722
2025-04-30 01:00:31.143272200,32.63427221679687,0.0256021667909455,-0.0046142935752868,0.0171651318383952,0.0025229048915207,-0.0322531729311082,0.9885546191926452,-0.0614291653414322,left,0.0010472536087036,-0.2947511595717197,0.2402177644004113,-9.380657461059092,-0.1463725344659782,-0.0021812892518937,-0.001496473327279,2.8488492156952616,-0.0021225810050964
2025-04-30 01:00:31.183272400,32.6742724609375,0.0256021667909455,-0.0014164061285555,0.0171651318383952,2.07724515348e-05,-0.0322531729311082,0.9885546191926452,-0.0614291653414322,left,0.0004924535751342,-0.2947511595717197,0.2402177644004113,-9.380657461059092,-0.1463725344659782,-0.0003548028180375,-0.0023334044963121,2.8488492156952616,-0.001236468553543
2025-04-30 01:00:31.223272400,32.7142724609375,0.0256021667909455,0.0017814815510064,0.0171651318383952,-0.002481359988451,-0.0322531729311082,0.9885546191926452,-0.0614291653414322,left,-6.2346458435e-05,-0.2947511595717197,0.2402177644004113,-9.380657461059092,-0.1463725344659782,0.0014716833829879,-0.0031703356653451,2.8488492156952616,-0.0003503561019897
2025-04-30 01:00:31.263272200,32.75427221679688,0.0256021667909455,0.0009449208737351,0.0171651318383952,0.0008608249481767,-0.0322531729311082,0.9885546191926452,-0.0614291653414322,left,-0.000209093093872,-0.2947511595717197,0.2402177644004113,-9.380657461059092,-0.1463725344659782,0.0008489572792313,-0.0021945033222436,2.8488492156952616,-0.0020399391651153
2025-04-30 01:00:31.303272200,32.79427221679688,0.0256021667909455,0.0001083601382561,0.0171651318383952,0.0042030098848044,-0.0322531729311082,0.9885546191926452,-0.0614291653414322,left,-0.0003557801246643,-0.2947511595717197,0.2402177644004113,-9.380657461059092,-0.1463725344659782,0.0002262312336824,-0.001218669116497,2.8488492156952616,-0.0037295520305633
2025-04-30 01:00:31.343272200,32.83427221679688,0.0256021667909455,-0.0081707891076803,0.0171651318383952,0.0018587280064821,-0.0322531729311082,0.9885546191926452,-0.0614291653414322,left,-0.0004124641418457,-0.2947511595717197,0.2402177644004113,-9.380657461059092,-0.1463725344659782,0.0016274978406727,-0.0009201578795909,2.8488492156952616,-0.0043121576309204
2025-04-30 01:00:31.383272200,32.874272216796875,0.0256021667909455,-0.0039103226736187,0.0171651318383952,-0.0006973254494369,-0.0322531729311082,0.9885546191926452,-0.0614291653414322,left,0.0033141374588012,-0.2947511595717197,0.2402177644004113,-9.380657461059092,-0.1463725344659782,0.0044853128492832,-0.0028596967458724,2.8488492156952616,-0.0025164783000946
2025-04-30 01:00:31.423272400,32.9142724609375,0.0256021667909455,0.005069363862276,0.0171651318383952,0.0027074781246483,-0.0322531729311082,0.9885546191926452,-0.0614291653414322,left,-0.0030025243759155,-0.2947511595717197,0.2402177644004113,-9.380657461059092,-0.1463725344659782,0.0013899537734687,-0.0006693955510854,2.8488492156952616,-0.0015005767345428
2025-04-30 01:00:31.463272400,32.9542724609375,0.0256021667909455,0.0072247441858053,0.0171651318383952,0.0054664900526404,-0.0322531729311082,0.9885546191926452,-0.0614291653414322,left,0.0002852082252502,-0.2947511595717197,0.2402177644004113,-9.380657461059092,-0.1463725344659782,-0.0045134811662137,-0.001554450020194,2.8488492156952616,-0.0023273229598999
2025-04-30 01:00:31.503272200,32.99427221679687,0.0256021667909455,0.0042245700024068,0.0171651318383952,-0.0033112550154328,-0.0322531729311082,0.9885546191926452,-0.0614291653414322,left,0.0015357732772827,-0.2947511595717197,0.2402177644004113,-9.380657461059092,-0.1463725344659782,-0.0035335759166628,-0.0012715719640254,2.8488492156952616,-0.0026346743106842
2025-04-30 01:00:31.543272200,33.03427221679687,0.0256021667909455,0.0077561014331877,0.0171651318383952,-0.0034064194187521,-0.0322531729311082,0.9885546191926452,-0.0614291653414322,left,0.0018560290336608,-0.2947511595717197,0.2402177644004113,-9.380657461059092,-0.1463725344659782,-0.003030446358025,-0.0016807820647954,2.8488492156952616,-0.0016326904296875
2025-04-30 01:00:31.583272200,33.07427221679688,0.0255389792439235,0.0080306641757488,0.0170755416854006,-0.0060919956304132,-0.0318224006683412,0.9885429054962944,-0.0605640800198881,left,-3.66568565368e-05,-0.2951040445074263,0.2395993402411229,-9.379667280977964,-0.1465554137752095,-0.0035931533202528,-0.002144668251276,2.8521605322003363,-0.0014706552028656
2025-04-30 01:00:31.623272200,33.11427221679688,0.0254406739273985,0.0031926319934427,0.017002556903888,-0.0055414312519133,-0.0316210079454584,0.9885258215807532,-0.0601684909524753,left,-0.0013720989227294,-0.2954337413458067,0.2386533280952833,-9.378750166133043,-0.1467233050994424,-0.0052232993766665,-0.0015288051217794,2.8552538220405577,-0.0036028921604156
2025-04-30 01:00:31.663272200,33.15427221679688,0.0254406739273985,-0.0046219932846724,0.017002556903888,-0.0042678210884332,-0.0316210079454584,0.9885258215807532,-0.0601684909524753,left,0.002269685268402,-0.2954337413458067,0.2386533280952833,-9.378750166133043,-0.1467233050994424,0.0025476128794252,-0.001939358189702,2.8552538220405577,-0.0035770535469055
2025-04-30 01:00:31.703272400,33.1942724609375,0.0254406739273985,-0.0042176097631454,0.017002556903888,-0.0027052895165979,-0.0316210079454584,0.9885258215807532,-0.0601684909524753,left,-0.000232458114624,-0.2954337413458067,0.2386533280952833,-9.378750166133043,-0.1467233050994424,0.0133050754666328,-0.0016744136810302,2.8552538220405577,-0.0041489601135253
2025-04-30 01:00:31.743272200,33.234272216796874,0.0252671895702037,0.0007066652178764,0.0169287684239146,0.001032376429066,-0.0317629294000625,0.9885824660663984,-0.060488039457214,left,-0.0003893971443176,-0.2946148476089211,0.2370852567946538,-9.381125663092732,-0.1463185466630272,0.0130702946335077,-0.0029574036598205,2.8475702818006274,-0.0025348365306854
2025-04-30 01:00:31.783272200,33.274272216796874,0.0252671895702037,0.0031786148902028,0.0169287684239146,0.0007136986823752,-0.0317629294000625,0.9885824660663984,-0.060488039457214,left,0.0002806782722473,-0.2946148476089211,0.2370852567946538,-9.381125663092732,-0.1463185466630272,0.0041293976828455,-0.002652009949088,2.8475702818006274,-0.0036507844924926
2025-04-30 01:00:31.823272200,33.31427221679687,0.0252671895702037,0.0056505645625293,0.0169287684239146,0.0003950208774767,-0.0317629294000625,0.9885824660663984,-0.060488039457214,left,0.0009507536888122,-0.2946148476089211,0.2370852567946538,-9.381125663092732,-0.1463185466630272,-0.0048114992678165,-0.0023466162383556,2.8475702818006274,-0.0047667324542999
2025-04-30 01:00:31.863272200,33.35427221679687,0.0251633152974843,0.0042855534702539,0.0168485873082696,-0.0024468507617712,-0.0315405485913106,0.9885740310568416,-0.0600517228559117,left,0.0015641450881958,-0.2948365431588195,0.2360949123167432,-9.380518929371236,-0.1464334556217353,-0.0111404620110988,-0.0026172511279582,2.8496505952060223,-0.0043795704841613
2025-04-30 01:00:31.903272200,33.39427221679688,0.0251633152974843,-0.0004538223147392,0.0168485873082696,-0.0031819001305848,-0.0315405485913106,0.9885740310568416,-0.0600517228559117,left,0.0006558299064636,-0.2948365431588195,0.2360949123167432,-9.380518929371236,-0.1464334556217353,-0.0111273908987641,-0.0016870908439159,2.8496505952060223,-0.0028061866760253
2025-04-30 01:00:31.943272400,33.4342724609375,0.0246897381149901,-0.0019522113725543,0.016625018044853,-0.0063408450223505,-0.031517666724997,0.9885293891959076,-0.0600704135791688,left,0.001564621925354,-0.2954924618981122,0.2316062773942947,-9.378758933961391,-0.1467650041890767,-0.0052722985856235,-0.0015030335634946,2.8558047339215875,-0.0030470788478851
2025-04-30 01:00:31.983272200,33.47427221679688,0.0246897381149901,-0.0009603414218872,0.016625018044853,-0.0077229868620634,-0.031517666724997,0.9885293891959076,-0.0600704135791688,left,0.001363456249237,-0.2954924618981122,0.2316062773942947,-9.378758933961391,-0.1467650041890767,0.0004832590930163,-0.0022366736084222,2.8558047339215875,-0.0023748874664306
2025-04-30 01:00:32.023272200,33.51427221679688,0.0239221588330866,0.0023321188054978,0.0162501265993962,-0.0119664687663316,-0.0314787097752888,0.9885246185409666,-0.0601044913180762,left,0.0007131695747375,-0.2956352419336421,0.2243975150592625,-9.378526294249296,-0.146847392963641,-0.0033901638817042,-0.0021813344210386,2.857144165831804,-0.0008275806903839
2025-04-30 01:00:32.063272200,33.554272216796875,0.0239221588330866,0.0013554256875067,0.0162501265993962,-0.0119373518973588,-0.0314787097752888,0.9885246185409666,-0.0601044913180762,left,0.0005787014961242,-0.2956352419336421,0.2243975150592625,-9.378526294249296,-0.146847392963641,-0.0120483394712209,-0.0026612393558025,2.857144165831804,4.04715538024e-05
2025-04-30 01:00:32.103272200,33.594272216796874,0.0229919465831199,-0.0065851146355271,0.0158039556017441,-0.0122685395181179,-0.0314362873143735,0.9884780006927412,-0.0601517906891857,left,-0.001784324645996,-0.2963573805803676,0.2156259055879898,-9.376665761074424,-0.147218598162357,-0.0111405868083238,-0.0024151522666215,2.863917897750437,-0.0013866424560546
2025-04-30 01:00:32.143272200,33.63427221679687,0.0229919465831199,-0.0109755098819732,0.0158039556017441,-0.0034029930830001,-0.0314362873143735,0.9884780006927412,-0.0601517906891857,left,0.0012769699096679,-0.2963573805803676,0.2156259055879898,-9.376665761074424,-0.147218598162357,-0.0007503759115934,-0.0048065651208162,2.863917897750437,-0.0013955533504486
2025-04-30 01:00:32.183272400,33.6742724609375,0.0221950273439018,-0.0126488078385591,0.0154758469200493,0.0015281271189451,-0.0318246724432839,0.9884742903122306,-0.061056697389287,left,-0.0036156177520751,-0.2962975657323213,0.2081571954088285,-9.37700595281422,-0.1471945674388061,0.0143684484064579,-0.0049625355750322,2.863357048997283,-0.0022293925285339
2025-04-30 01:00:32.223272400,33.7142724609375,0.0221950273439018,-0.0039285439997911,0.0154758469200493,0.0107443332672119,-0.0318246724432839,0.9884742903122306,-0.061056697389287,left,-0.0034006237983703,-0.2962975657323213,0.2081571954088285,-9.37700595281422,-0.1471945674388061,0.0056358510628342,-0.0055529158562421,2.863357048997283,0.0006472170352935
2025-04-30 01:00:32.263272200,33.75427221679688,0.0225477805729611,-0.0009587286040186,0.0156779522995451,0.0131836468353867,-0.0320753612025568,0.9884945286651508,-0.061514138587983,left,-0.000994324684143,-0.2958868693607203,0.2114914543980732,-9.3781066075325,-0.1469823725804512,0.0077573927119374,-0.0018937662243843,2.8595047574833035,-0.0035732388496398
2025-04-30 01:00:32.303272200,33.79427221679688,0.0231829495908289,-0.0013597346842288,0.0159891226976455,0.012378848157823,-0.032161943290439,0.9885343389608328,-0.0615992667912624,left,0.0029441118240356,-0.2952596536768002,0.2174896171006373,-9.379761973524094,-0.1466614681813232,0.0163092166185379,-0.0009464230388402,2.8536203756198284,-0.0044714212417602
2025-04-30 01:00:32.343272200,33.83427221679688,0.0232475871511278,-0.0038974543567746,0.0160268137171369,-0.0054775224998593,-0.0322607936496853,0.9885743186127148,-0.0617938366925912,left,0.0028011798858642,-0.294668861201216,0.2181350571310147,-9.38143136804104,-0.1463668026612509,0.0097975805401802,-0.0011707618832588,2.848077062278986,-0.0031841099262237
2025-04-30 01:00:32.383272200,33.874272216796875,0.0232475871511278,-0.0031921537593007,0.0160268137171369,-0.0028314769733697,-0.0322607936496853,0.9885743186127148,-0.0617938366925912,left,0.0035298466682434,-0.294668861201216,0.2181350571310147,-9.38143136804104,-0.1463668026612509,0.0078949220478534,-0.0019710082560777,2.848077062278986,-0.0048026144504547
2025-04-30 01:00:32.423272400,33.9142724609375,0.0232475871511278,-0.002486852928996,0.0160268137171369,-0.0001854314468801,-0.0322607936496853,0.9885743186127148,-0.0617938366925912,left,0.0042585134506225,-0.294668861201216,0.2181350571310147,-9.38143136804104,-0.1463668026612509,0.0059922635555267,-0.0027712546288967,2.848077062278986,-0.006421148777008
2025-04-30 01:00:32.463272400,33.9542724609375,0.0233344621492828,-0.0003474429249763,0.0160708910645273,0.0030508879572153,-0.0323267276021645,0.9886121020128228,-0.061918266887115,left,0.0007259249687194,-0.2941173955513135,0.218986687257979,-9.382981520092487,-0.1460917886502249,0.0124973803758621,-0.0013855639845132,2.8429017054677006,-0.0058999955654144
2025-04-30 01:00:32.503272200,33.99427221679687,0.0236021014477975,0.0044726803898811,0.016187686780933,0.0017542808782309,-0.032293059062831,0.988651950436017,-0.0618145780390895,left,0.0008313655853271,-0.2935677983911853,0.2215347643055953,-9.384483156827091,-0.1458165934249375,0.0052273850888013,-0.003522677347064,2.837743007530272,-0.0048407018184661
2025-04-30 01:00:32.543272200,34.03427221679687,0.0236021014477975,0.0044984654523432,0.016187686780933,-0.0013946120161563,-0.032293059062831,0.988651950436017,-0.0618145780390895,left,0.0001453161239624,-0.2935677983911853,0.2215347643055953,-9.384483156827091,-0.1458165934249375,-0.0033349487930536,-0.0033109504729509,2.837743007530272,-0.0058884918689727
2025-04-30 01:00:32.583272200,34.07427221679688,0.0236021014477975,0.0054650125093758,0.016187686780933,0.002512400271371,-0.032293059062831,0.988651950436017,-0.0618145780390895,left,-0.0004413127899169,-0.2935677983911853,0.2215347643055953,-9.384483156827091,-0.1458165934249375,-0.0102302692830562,-0.002625435590744,2.837743007530272,-0.0047182738780975
2025-04-30 01:00:32.623272200,34.11427221679688,0.0236021014477975,0.0007477272301912,0.016187686780933,0.0032527821604162,-0.032293059062831,0.988651950436017,-0.0618145780390895,left,2.1457672119e-06,-0.2935677983911853,0.2215347643055953,-9.384483156827091,-0.1458165934249375,-0.0107085332274436,-0.0015949346125125,2.837743007530272,-0.0036875307559967
2025-04-30 01:00:32.663272200,34.15427221679688,0.0239418354066485,-0.0047074276953935,0.0163550067591966,0.0063303038477897,-0.0322448760253419,0.9885978535795132,-0.0616615678357151,left,0.0005360841751098,-0.2943010045621321,0.2246731171302497,-9.38232451748848,-0.1461748310708758,-0.0052765668369829,-0.0007517766207456,2.844624875998497,-0.0035969913005828
2025-04-30 01:00:32.703272400,34.1942724609375,0.0239418354066485,-0.001486386405304,0.0163550067591966,0.001875604968518,-0.0322448760253419,0.9885978535795132,-0.0616615678357151,left,0.0011481642723083,-0.2943010045621321,0.2246731171302497,-9.38232451748848,-0.1461748310708758,-0.0007161824032664,-0.0005937069654464,2.844624875998497,-0.0018216669559478
2025-04-30 01:00:32.743272200,34.234272216796874,0.0239418354066485,0.0058509046211838,0.0163550067591966,-0.0045227222144603,-0.0322448760253419,0.9885978535795132,-0.0616615678357151,left,0.0016514062881469,-0.2943010045621321,0.2246731171302497,-9.38232451748848,-0.1461748310708758,-0.007089352235198,-0.0015268977731466,2.844624875998497,0.0006482899188995
2025-04-30 01:00:32.783272200,34.274272216796874,0.0237535524452071,0.0104267224669456,0.0162419039980368,-0.0071205119602382,-0.0320256449631183,0.9885507624206747,-0.0612403679901684,left,5.74588775634e-05,-0.2950544524881722,0.2228556193795055,-9.380221407729389,-0.1465537461821748,-0.0084712635725736,-0.0012075677514076,2.8516952527761457,-1.25467777252e-05
2025-04-30 01:00:32.823272200,34.31427221679687,0.0236448430837647,0.0055000227876007,0.0161629945892933,-0.0041554123163223,-0.0318027002850167,0.9885224230747954,-0.0608018454894371,left,-0.0011904835700988,-0.29554567079205,0.2218027493257075,-9.378844274157284,-0.1468018556158181,-0.003880294971168,-0.000348312780261,2.85630391561538,-0.0023596584796905
2025-04-30 01:00:32.863272200,34.35427221679687,0.0236448430837647,-0.0021635466255247,0.0161629945892933,0.0020763301290571,-0.0318027002850167,0.9885224230747954,-0.0608018454894371,left,0.0013359785079956,-0.29554567079205,0.2218027493257075,-9.378844274157284,-0.1468018556158181,0.0018312563188374,-0.0009260140359401,2.85630391561538,-0.0023545622825622
2025-04-30 01:00:32.903272200,34.39427221679688,0.0236448430837647,-0.0046077352017164,0.0161629945892933,0.0011080839904025,-0.0318027002850167,0.9885224230747954,-0.0608018454894371,left,-0.002320110797882,-0.29554567079205,0.2218027493257075,-9.378844274157284,-0.1468018556158181,0.0107477866113185,-0.0012048333883285,2.85630391561538,-0.0027535259723663
2025-04-30 01:00:32.943272400,34.4342724609375,0.0236448430837647,0.0051643382757902,0.0161629945892933,0.0085812006145715,-0.0318027002850167,0.9885224230747954,-0.0608018454894371,left,-0.0023257732391357,-0.29554567079205,0.2218027493257075,-9.378844274157284,-0.1468018556158181,-0.0011799288913607,-0.0027085542678833,2.85630391561538,0.0003510117530822
2025-04-30 01:00:32.983272200,34.47427221679688,0.0239012961466636,0.005351067520678,0.0162639145816968,0.0036295522004365,-0.0316681305636096,0.9885419252341384,-0.0604931814262328,left,-0.0007495880126953,-0.2953199057738671,0.224223382335063,-9.379431134134531,-0.1466886830123547,0.0024189734831452,-0.0029134210199117,2.8541859005481003,-0.000781625509262
2025-04-30 01:00:33.023272200,34.51427221679688,0.0239012961466636,0.0055377967655658,0.0162639145816968,-0.0013220971450209,-0.0316681305636096,0.9885419252341384,-0.0604931814262328,left,0.0007666945457458,-0.2953199057738671,0.224223382335063,-9.379431134134531,-0.1466886830123547,0.0060178758576512,-0.0028714444488286,2.8541859005481003,-0.0021301805973052
2025-04-30 01:00:33.063272200,34.554272216796875,0.0241328582795675,0.0052081444300711,0.0163318125125327,-0.0040119686163961,-0.0314091984923952,0.988579666549354,-0.0599381478401021,left,-0.0003546476364135,-0.2949000473654022,0.2264241985812783,-9.380576212516427,-0.1464820111592966,0.0044492725282907,-0.0031143743544816,2.8502465152725573,-0.0033231973648071
2025-04-30 01:00:33.103272200,34.594272216796874,0.0241328582795675,0.0003702915273606,0.0163318125125327,-0.0036026749294251,-0.0314091984923952,0.988579666549354,-0.0599381478401021,left,-0.0021138787269592,-0.2949000473654022,0.2264241985812783,-9.380576212516427,-0.1464820111592966,0.0024984066840261,-0.0031668711453676,2.8502465152725573,-0.0044094920158386
2025-04-30 01:00:33.143272200,34.63427221679687,0.0241328582795675,-0.003400103887543,0.0163318125125327,-0.007232797332108,-0.0314091984923952,0.988579666549354,-0.0599381478401021,left,0.0028384923934936,-0.2949000473654022,0.2264241985812783,-9.380576212516427,-0.1464820111592966,0.0048291804268956,-0.0045915152877569,2.8502465152725573,-0.0058203041553497
2025-04-30 01:00:33.183272400,34.6742724609375,0.0238778070498686,0.0049174837768077,0.0161897063949837,-0.0010134181939065,-0.0313294322104879,0.9886220794033216,-0.0598184873740271,left,-0.0017462968826293,-0.2943774176709209,0.2240671871263533,-9.382121688392758,-0.1462286161288858,0.0078714620321989,-0.0032756384462118,2.845342084357142,-0.0043670535087585
2025-04-30 01:00:33.223272400,34.7142724609375,0.024149737906943,0.008048609830439,0.0162909998360569,0.0069946222938597,-0.0311691297214321,0.9886613357321318,-0.0594577164442145,left,0.0001164674758911,-0.293888976746525,0.2266519977214746,-9.383448553082346,-0.145985828749172,0.0056120580993592,-0.0030205193907022,2.8407576791763303,-0.0046832263469696
2025-04-30 01:00:33.263272200,34.75427221679688,0.024149737906943,0.0025741839781403,0.0162909998360569,0.0033495633397251,-0.0311691297214321,0.9886613357321318,-0.0594577164442145,left,-0.0008776783943176,-0.293888976746525,0.2266519977214746,-9.383448553082346,-0.145985828749172,-0.0002404251135885,-0.0019554030150175,2.8407576791763303,-0.0052713453769683
2025-04-30 01:00:33.303272200,34.79427221679688,0.024149737906943,0.0012252068845555,0.0162909998360569,0.0049136546440422,-0.0311691297214321,0.9886613357321318,-0.0594577164442145,left,9.13143157958e-05,-0.293888976746525,0.2266519977214746,-9.383448553082346,-0.145985828749172,-0.0028540473431348,-0.001199597492814,2.8407576791763303,-0.0040516257286071
2025-04-30 01:00:33.343272200,34.83427221679688,0.024149737906943,-0.0003307388396933,0.0162909998360569,0.0033569354563951,-0.0311691297214321,0.9886613357321318,-0.0594577164442145,left,6.05583190917e-05,-0.293888976746525,0.2266519977214746,-9.383448553082346,-0.145985828749172,-0.0056643756106495,-9.66917723417e-05,2.8407576791763303,-0.0014393925666809
2025-04-30 01:00:33.383272200,34.874272216796875,0.024149737906943,-0.0028173807077109,0.0162909998360569,0.003080001566559,-0.0311691297214321,0.9886613357321318,-0.0594577164442145,left,0.0001043081283569,-0.293888976746525,0.2266519977214746,-9.383448553082346,-0.145985828749172,-0.0075906193815171,0.000122208148241,2.8407576791763303,-0.0011194348335266
2025-04-30 01:00:33.423272400,34.9142724609375,0.024149737906943,-0.0042806980200111,0.0162909998360569,-0.0010566096752882,-0.0311691297214321,0.9886613357321318,-0.0594577164442145,left,0.0014289617538452,-0.293888976746525,0.2266519977214746,-9.383448553082346,-0.145985828749172,-0.0016943044029176,-0.0002583488821983,2.8407576791763303,-0.0012595653533935
2025-04-30 01:00:33.463272400,34.9542724609375,0.024149737906943,-0.002526088617742,0.0162909998360569,-0.0036563146859407,-0.0311691297214321,0.9886613357321318,-0.0594577164442145,left,0.0008325576782226,-0.293888976746525,0.2266519977214746,-9.383448553082346,-0.145985828749172,0.0036754058673977,-0.0013219583779573,2.8407576791763303,-0.0002593100070953
2025-04-30 01:00:33.503272200,34.99427221679687,0.024149737906943,0.0017408528365194,0.0162909998360569,-0.0048354156315326,-0.0311691297214321,0.9886613357321318,-0.0594577164442145,left,-0.0002058148384094,-0.293888976746525,0.2266519977214746,-9.383448553082346,-0.145985828749172,0.0062939934432506,-0.0014097932726144,2.8407576791763303,-0.0011250376701354
2025-04-30 01:00:33.543272200,35.03427221679687,0.024149737906943,0.0037935592699795,0.0162909998360569,-0.0052879163995385,-0.0311691297214321,0.9886613357321318,-0.0594577164442145,left,0.000305950641632,-0.293888976746525,0.2266519977214746,-9.383448553082346,-0.145985828749172,0.0045741600915789,-0.0016030762344598,2.8407576791763303,-0.0033990442752838
2025-04-30 01:00:33.583272200,35.07427221679688,0.0237982878875438,0.0009964797645807,0.016107606927353,-0.0073289726860821,-0.0311003150166838,0.9886837127604078,-0.0593722674955963,left,0.0008152723312377,-0.2936411879014845,0.2233709119578823,-9.384231227892636,-0.1458694832170594,0.0032869148999452,-0.0042814761400222,2.838431866577268,-0.0032331049442291
2025-04-30 01:00:33.623272200,35.11427221679688,0.0237982878875438,-0.0018005997408181,0.016107606927353,-0.0093700289726257,-0.0311003150166838,0.9886837127604078,-0.0593722674955963,left,0.0012449026107788,-0.2936411879014845,0.2233709119578823,-9.384231227892636,-0.1458694832170594,0.0019996699411422,-0.0072944639250636,2.838431866577268,-0.0033043622970581
2025-04-30 01:00:33.663272200,35.15427221679688,0.0237982878875438,0.0014973068609833,0.016107606927353,0.00472545158118,-0.0311003150166838,0.9886837127604078,-0.0593722674955963,left,-0.0068113803863525,-0.2936411879014845,0.2233709119578823,-9.384231227892636,-0.1458694832170594,0.0005316444439813,-0.0057374686002731,2.838431866577268,-0.0051356852054595
2025-04-30 01:00:33.703272400,35.1942724609375,0.0237982878875438,0.0037414203397929,0.016107606927353,0.0205279923975467,-0.0311003150166838,0.9886837127604078,-0.0593722674955963,left,-0.0014238357543945,-0.2936411879014845,0.2233709119578823,-9.384231227892636,-0.1458694832170594,-0.0070742540992796,-0.0035292021930217,2.838431866577268,-0.0046610236167907
2025-04-30 01:00:33.743272200,35.234272216796874,0.0245559550091623,-0.0058832126669585,0.0164734499288361,0.0076738279312849,-0.0310731492400362,0.988660808577514,-0.059203451293704,left,0.0033712983131408,-0.2939036593406419,0.2304626785834319,-9.38331411304772,-0.1459888609279578,-0.010542263276875,-0.0025741811841726,2.8408956263422964,-0.0054286420345306
2025-04-30 01:00:33.783272200,35.274272216796874,0.0246243856152336,-0.0041173859499394,0.0165260364056353,0.0015717260539531,-0.0311826242063562,0.9886385266109528,-0.0594128158893884,left,0.0010806322097778,-0.2941559201931651,0.2310871306247078,-9.38258170711994,-0.1461107731179071,-0.0054105212911963,-0.0026542637497186,2.843263232256472,-0.0033040046691894
2025-04-30 01:00:33.823272200,35.31427221679687,0.0246243856152336,0.0031340336427092,0.0165260364056353,0.0048599811270833,-0.0311826242063562,0.9886385266109528,-0.0594128158893884,left,-0.0001722574234008,-0.2941559201931651,0.2310871306247078,-9.38258170711994,-0.1461107731179071,-0.0040172175504267,-0.0020617637783288,2.843263232256472,-0.0011995136737823
2025-04-30 01:00:33.863272200,35.35427221679687,0.0249743486509222,0.000892715761438,0.0166911992730316,0.0029494317714124,-0.0311323586281462,0.9886191990500908,-0.0592573311738492,left,0.0015749335289001,-0.2944128322497032,0.2343524160309694,-9.381769806215166,-0.146233617630707,-0.0023208349011838,-0.0013154260814189,2.845674385051429,-0.0023993849754333
2025-04-30 01:00:33.903272200,35.39427221679688,0.0249743486509222,-0.0013486018870025,0.0166911992730316,0.0010388824157416,-0.0311323586281462,0.9886191990500908,-0.0592573311738492,left,0.0034049153327941,-0.2944128322497032,0.2343524160309694,-9.381769806215166,-0.146233617630707,-0.0006244522519409,-0.0002361238002777,2.845674385051429,-0.0033534169197082
2025-04-30 01:00:33.943272400,35.4342724609375,0.0249743486509222,-0.0022753477096557,0.0166911992730316,-0.0020505583379417,-0.0311323586281462,0.9886191990500908,-0.0592573311738492,left,0.0009210109710693,-0.2944128322497032,0.2343524160309694,-9.381769806215166,-0.146233617630707,0.004404698498547,-0.0010003205388784,2.845674385051429,-0.0048064887523651
2025-04-30 01:00:33.983272200,35.47427221679688,0.0249743486509222,-0.0035855381283909,0.0166911992730316,0.0018954852130264,-0.0311323586281462,0.9886191990500908,-0.0592573311738492,left,-0.0003415942192077,-0.2944128322497032,0.2343524160309694,-9.381769806215166,-0.146233617630707,0.0017516324296593,-0.0024018120020627,2.845674385051429,-0.0032778978347778
2025-04-30 01:00:34.023272200,35.51427221679688,0.0249743486509222,-0.0014975711237639,0.0166911992730316,-0.0013905460946261,-0.0311323586281462,0.9886191990500908,-0.0592573311738492,left,0.0002661347389221,-0.2944128322497032,0.2343524160309694,-9.381769806215166,-0.146233617630707,-0.0064496966078877,-0.0019121412187814,2.845674385051429,-0.0028453767299652
2025-04-30 01:00:34.063272200,35.554272216796875,0.0253552737670787,0.0013742020819336,0.0168901914399535,0.0031434940174221,-0.031190449947753,0.9885802101851802,-0.0593145814759841,left,0.0008432865142822,-0.2948868756684703,0.2378919335350394,-9.380330128800868,-0.1464615528087127,-0.0054352455772459,-0.0022343881428241,2.850122888892889,-0.0032840371131896
2025-04-30 01:00:34.103272200,35.594272216796874,0.0256263521894884,0.0011770395794883,0.0170298654199545,0.0024325158447027,-0.0312251104493534,0.9885579312893537,-0.0593423097436277,left,0.0003219842910766,-0.2951529698578265,0.2404152962665073,-9.3795065374583,-0.1465886219605595,-0.003074932610616,-0.0013969615101814,2.852619674144685,-0.0028754472732543
2025-04-30 01:00:34.143272200,35.63427221679687,0.0256263521894884,-0.0019891243427991,0.0170298654199545,0.0023548535536974,-0.0312251104493534,0.9885579312893537,-0.0593423097436277,left,-0.0005587339401245,-0.2951529698578265,0.2404152962665073,-9.3795065374583,-0.1465886219605595,-0.0054252548143267,4.31984663009e-05,2.852619674144685,-0.0019553899765014
2025-04-30 01:00:34.183272400,35.6742724609375,0.0256263521894884,3.66307795047e-05,0.0170298654199545,-0.0019419125746935,-0.0312251104493534,0.9885579312893537,-0.0593423097436277,left,2.83122062683e-05,-0.2951529698578265,0.2404152962665073,-9.3795065374583,-0.1465886219605595,-0.0031278289388865,-0.0013448633253574,2.852619674144685,-0.0012159347534179
2025-04-30 01:00:34.223272400,35.7142724609375,0.0256263521894884,0.0020623861346393,0.0170298654199545,-0.0062386784702539,-0.0312251104493534,0.9885579312893537,-0.0593423097436277,left,0.0006154179573059,-0.2951529698578265,0.2404152962665073,-9.3795065374583,-0.1465886219605595,-0.0008304030634462,-0.0027329251170158,2.852619674144685,-0.0004765093326568
2025-04-30 01:00:34.263272200,35.75427221679688,0.0256263521894884,0.0028532133437693,0.0170298654199545,-0.001475041732192,-0.0312251104493534,0.9885579312893537,-0.0593423097436277,left,-0.0009853243827819,-0.2951529698578265,0.2404152962665073,-9.3795065374583,-0.1465886219605595,0.0021990162786096,-0.0014794468879699,2.852619674144685,-0.001330941915512
2025-04-30 01:00:34.303272200,35.79427221679688,0.0256263521894884,0.0004617506638169,0.0170298654199545,-0.0017893845215439,-0.0312251104493534,0.9885579312893537,-0.0593423097436277,left,0.000454843044281,-0.2951529698578265,0.2404152962665073,-9.3795065374583,-0.1465886219605595,0.0018331441096961,-0.00136474147439,2.852619674144685,-0.0020522475242614
2025-04-30 01:00:34.343272200,35.83427221679688,0.0256263521894884,-0.0059268111363053,0.0170298654199545,-0.0085552968084812,-0.0312251104493534,0.9885579312893537,-0.0593423097436277,left,0.0001521110534667,-0.2951529698578265,0.2404152962665073,-9.3795065374583,-0.1465886219605595,0.002953280461952,-0.001743821427226,2.852619674144685,-0.0032366216182708
2025-04-30 01:00:34.383272200,35.874272216796875,0.0249593898874672,0.0012086103670299,0.0167253064891812,-0.0067377733066678,-0.0313555218734474,0.9885660876664242,-0.05970595256677,left,0.0006057024002075,-0.2950411858378736,0.2341674148528836,-9.379983507320285,-0.1465407314507216,0.0006877945270389,-0.0027489960193634,2.8515707496136424,-0.0014595091342926
2025-04-30 01:00:34.423272400,35.9142724609375,0.0249593898874672,0.0050103617832064,0.0167253064891812,-0.0023663910105824,-0.0313555218734474,0.9885660876664242,-0.05970595256677,left,-0.0019898414611816,-0.2950411858378736,0.2341674148528836,-9.379983507320285,-0.1465407314507216,0.0021275575272738,-0.002863060683012,2.8515707496136424,-0.00420942902565
2025-04-30 01:00:34.463272400,35.9542724609375,0.0249593898874672,0.0021259144414216,0.0167253064891812,-0.0020598301198333,-0.0313555218734474,0.9885660876664242,-0.05970595256677,left,0.0001028180122375,-0.2950411858378736,0.2341674148528836,-9.379983507320285,-0.1465407314507216,-0.0018619578331708,-0.0025486554950475,2.8515707496136424,-0.0041150152683258
2025-04-30 01:00:34.503272200,35.99427221679687,0.0249593898874672,-0.0007585331331938,0.0167253064891812,-0.0017532691126689,-0.0313555218734474,0.9885660876664242,-0.05970595256677,left,0.0021954774856567,-0.2950411858378736,0.2341674148528836,-9.379983507320285,-0.1465407314507216,-0.0058514736592769,-0.0022342484444379,2.8515707496136424,-0.0040206015110015
2025-04-30 01:00:34.543272200,36.03427221679687,0.0249651973638754,0.0027553911786526,0.0167049952085256,-0.0024732984602451,-0.0311731339551158,0.988549935045702,-0.0593336955887067,left,0.0020078420639038,-0.2953389119177909,0.2342006778016686,-9.37913302797079,-0.1466909261133788,0.0003932588733732,-0.0020213294774293,2.8543641797244548,-0.00252366065979
2025-04-30 01:00:34.583272200,36.07427221679688,0.0249651973638754,0.0051431525498628,0.0167049952085256,-0.0070620086044073,-0.0311731339551158,0.988549935045702,-0.0593336955887067,left,0.0015949606895446,-0.2953389119177909,0.2342006778016686,-9.37913302797079,-0.1466909261133788,0.0024958632420748,-0.0013131722807884,2.8543641797244548,-0.0018025636672973
2025-04-30 01:00:34.623272200,36.11427221679688,0.0249651973638754,0.0020174372475594,0.0167049952085256,-0.0075463163666427,-0.0311731339551158,0.988549935045702,-0.0593336955887067,left,-0.0006149411201477,-0.2953389119177909,0.2342006778016686,-9.37913302797079,-0.1466909261133788,-0.0006081378087401,-0.0013190079480409,2.8543641797244548,-0.0027292370796203
2025-04-30 01:00:34.663272200,36.15427221679688,0.0244134134683818,-0.0010472671128809,0.0164125265895032,-0.0042746686376631,-0.0309868903161179,0.9885484378251445,-0.0590376473667955,left,0.000487208366394,-0.2954834613194552,0.2290153110530227,-9.378848365810512,-0.1467734081244079,-0.0016235410002991,-0.0017302613705396,2.8557202705085274,-0.0024370849132537
2025-04-30 01:00:34.703272400,36.1942724609375,0.0244134134683818,-0.0019479193724691,0.0164125265895032,-0.0044513954780995,-0.0309868903161179,0.9885484378251445,-0.0590376473667955,left,0.0005738735198974,-0.2954834613194552,0.2290153110530227,-9.378848365810512,-0.1467734081244079,0.0050078290514647,-0.0025828704237937,2.8557202705085274,-0.0053540468215942
2025-04-30 01:00:34.743272200,36.23427221679688,0.0244134134683818,0.0039813029579818,0.0164125265895032,-0.0043127345852553,-0.0309868903161179,0.9885484378251445,-0.0590376473667955,left,-0.0006433725357055,-0.2954834613194552,0.2290153110530227,-9.378848365810512,-0.1467734081244079,-0.0009401086717844,-0.0036497898399829,2.8557202705085274,-0.0020370483398437
2025-04-30 01:00:34.783272200,36.27427221679688,0.0241387902134793,0.0027640727348625,0.0162578941752247,-0.001714916434139,-0.0308345254194057,0.9885506021233962,-0.0587697256417684,left,-0.0004048943519592,-0.2955397485619394,0.2264357794212177,-9.378750166133043,-0.1468076751977377,-0.001876005786471,-0.0030992850661277,2.85624838603586,-0.0037333071231842
2025-04-30 01:00:34.823272200,36.31427221679687,0.0238642083864281,0.0015468427445739,0.0161032628832553,0.000882901949808,-0.0306820856870116,0.98855285921429,-0.0585016721140924,left,-0.0001664161682128,-0.2955961832866199,0.22385668618083,-9.3786507974118,-0.1468419527478376,-0.0028119029011577,-0.0025488175451755,2.8567776706069705,-0.0054297149181365
2025-04-30 01:00:34.863272200,36.35427221679687,0.0238642083864281,-0.0019615092314779,0.0161032628832553,0.0005302790086716,-0.0306820856870116,0.98855285921429,-0.0585016721140924,left,0.0007911920547485,-0.2955961832866199,0.22385668618083,-9.3786507974118,-0.1468419527478376,-0.0068943947553634,-0.0017536524683237,2.8567776706069705,-0.0035620033740997
2025-04-30 01:00:34.903272200,36.39427221679688,0.0238642083864281,-0.0068976487964391,0.0161032628832553,-0.0048493221402168,-0.0306820856870116,0.98855285921429,-0.0585016721140924,left,0.0012259483337402,-0.2955961832866199,0.22385668618083,-9.3786507974118,-0.1468419527478376,-0.0059076603502035,-0.0016148407012224,2.8567776706069705,-0.0026293694972991
2025-04-30 01:00:34.943272400,36.4342724609375,0.0233772670959622,-0.0019486411474645,0.0158951870177366,-0.0074012717232108,-0.0308281681182113,0.9885197464798406,-0.0588664465061246,left,0.0010284185409545,-0.2960216277988818,0.2192613760135136,-9.377543128430842,-0.1470568271065275,-0.0043242536485195,-0.0024176258593797,2.860768786069751,-0.0004616379737854
2025-04-30 01:00:34.983272200,36.47427221679688,0.0233772670959622,0.0033012614585459,0.0158951870177366,-0.0051174974068999,-0.0308281681182113,0.9885197464798406,-0.0588664465061246,left,0.0001879334449768,-0.2960216277988818,0.2192613760135136,-9.377543128430842,-0.1470568271065275,-0.0031458097510039,-0.0035329759120941,2.860768786069751,-0.0009872317314147
2025-04-30 01:00:35.023272200,36.51427221679688,0.0233772670959622,0.0037048107478767,0.0158951870177366,-0.0018664009403437,-0.0308281681182113,0.9885197464798406,-0.0588664465061246,left,-0.000411570072174,-0.2960216277988818,0.2192613760135136,-9.377543128430842,-0.1470568271065275,0.0033887350000441,-0.0032587610185146,2.860768786069751,-0.0028866529464721
2025-04-30 01:00:35.063272200,36.55427221679688,0.0233772670959622,-0.0015803559217602,0.0158951870177366,0.0018549088854342,-0.0308281681182113,0.9885197464798406,-0.0588664465061246,left,-0.0014248490333557,-0.2960216277988818,0.2192613760135136,-9.377543128430842,-0.1470568271065275,0.004001977853477,-0.0026885252445936,2.860768786069751,-0.0048213005065917
2025-04-30 01:00:35.103272200,36.59427221679688,0.0233772670959622,-0.0097731864079833,0.0158951870177366,0.0045770062133669,-0.0308281681182113,0.9885197464798406,-0.0588664465061246,left,-0.0026665925979614,-0.2960216277988818,0.2192613760135136,-9.377543128430842,-0.1470568271065275,0.0031999973580241,-0.0020261369645595,2.860768786069751,-0.0049310624599456
2025-04-30 01:00:35.143272200,36.63427221679687,0.0233772670959622,-0.0060111819766461,0.0158951870177366,0.0017784738447517,-0.0308281681182113,0.9885197464798406,-0.0588664465061246,left,0.0032269954681396,-0.2960216277988818,0.2192613760135136,-9.377543128430842,-0.1470568271065275,0.0041083791293203,-0.003646882250905,2.860768786069751,-0.006102979183197
2025-04-30 01:00:35.183272400,36.6742724609375,0.0233772670959622,0.0009429981000721,0.0158951870177366,0.0051300781778991,-0.0308281681182113,0.9885197464798406,-0.0588664465061246,left,0.0043227672576904,-0.2960216277988818,0.2192613760135136,-9.377543128430842,-0.1470568271065275,-0.0062232469208538,-0.0025716312229633,2.860768786069751,-0.0044309496879577
2025-04-30 01:00:35.223272400,36.7142724609375,0.0233772670959622,0.0078971786424517,0.0158951870177366,0.0084816832095384,-0.0308281681182113,0.9885197464798406,-0.0588664465061246,left,0.0054185390472412,-0.2960216277988818,0.2192613760135136,-9.377543128430842,-0.1470568271065275,-0.0165548734366893,-0.0014963820576667,2.860768786069751,-0.0027589499950408
2025-04-30 01:00:35.263272200,36.75427221679688,0.0238689421739775,0.0048891622573137,0.0161390013357978,0.0011198753491044,-0.0308296056208537,0.9884833083766804,-0.0587927778331334,left,0.003908097743988,-0.2964769268892848,0.2238409588887356,-9.37613092354536,-0.1472748901091289,-0.0127355689182877,-0.0010915920138359,2.865039302995801,-0.0035558640956878
2025-04-30 01:00:35.303272200,36.79427221679688,0.0238689421739775,0.0036075706593692,0.0161390013357978,0.0020912778563797,-0.0308296056208537,0.9884833083766804,-0.0587927778331334,left,0.0012519359588623,-0.2964769268892848,0.2238409588887356,-9.37613092354536,-0.1472748901091289,-0.0049044862389564,-0.0003233291208744,2.865039302995801,-0.0016424655914306
2025-04-30 01:00:35.343272200,36.83427221679688,0.0238689421739775,0.0012837797403335,0.0161390013357978,0.0012132311239838,-0.0308296056208537,0.9884833083766804,-0.0587927778331334,left,0.0005774497985839,-0.2964769268892848,0.2238409588887356,-9.37613092354536,-0.1472748901091289,-0.0030807524453848,0.0001127291470766,2.865039302995801,-0.0004656612873077
2025-04-30 01:00:35.383272200,36.87427221679688,0.0238689421739775,0.0023959865793585,0.0161390013357978,-0.0022697327658534,-0.0308296056208537,0.9884833083766804,-0.0587927778331334,left,0.0008862018585205,-0.2964769268892848,0.2238409588887356,-9.37613092354536,-0.1472748901091289,0.0006580525077879,-0.0004696734249591,2.865039302995801,-0.0016691088676452
2025-04-30 01:00:35.423272400,36.9142724609375,0.0238689421739775,0.0035081938840448,0.0161390013357978,-0.0057526966556906,-0.0308296056208537,0.9884833083766804,-0.0587927778331334,left,0.0011950135231018,-0.2964769268892848,0.2238409588887356,-9.37613092354536,-0.1472748901091289,0.0043968576937913,-0.0010520778596401,2.865039302995801,-0.0028725564479827
2025-04-30 01:00:35.463272400,36.9542724609375,0.0238689421739775,0.0083633121103048,0.0161390013357978,-0.0038234798703342,-0.0308296056208537,0.9884833083766804,-0.0587927778331334,left,-0.002407968044281,-0.2964769268892848,0.2238409588887356,-9.37613092354536,-0.1472748901091289,0.0087562426924705,-0.0010290872305631,2.865039302995801,-0.0042555928230285
2025-04-30 01:00:35.503272200,36.99427221679687,0.0237094309483546,0.0090485252439975,0.0160066931837161,-0.0097915939986705,-0.0304923882508291,0.988523077701278,-0.0581371461073981,left,0.0003418922424316,-0.2960924015685652,0.2223714525917544,-9.37726723409891,-0.1470925315526506,-0.0001141438260674,-0.0035778563469648,2.8614325106754896,-0.0049892961978912
2025-04-30 01:00:35.543272200,37.03427221679687,0.0232425007780702,0.009397717192769,0.0157484539752113,-0.0115269236266613,-0.0302643542958528,0.988524785572904,-0.0577444821953876,left,-0.0026421546936035,-0.2961985711198973,0.2179858396523632,-9.37706615856886,-0.147155239349824,-0.0084388516843318,-0.0042853448539972,2.8624285359755155,-0.0045375823974609
2025-04-30 01:00:35.583272200,37.07427221679688,0.0230149087241533,0.0079456949606537,0.0156142666655193,-0.0046039056032896,-0.0300722005920321,0.9885064999996512,-0.0573871074729303,left,-0.0025348663330078,-0.2965434390133893,0.2158289538794197,-9.376128000935912,-0.1473319387746563,-0.009031867608428,-0.0064374106004834,2.8656629878520965,-0.0037331283092498
2025-04-30 01:00:35.623272200,37.11427221679688,0.0229203907538387,0.0045743538066744,0.0155517811631829,-0.0034742623101919,-0.0299181585394183,0.9884759932743838,-0.0570860558741239,left,-0.0011957883834838,-0.29702654308923,0.2149109805179759,-9.374763142323491,-0.1475744950943543,-0.0118286088109016,-0.0068395072594285,2.870193617019057,-0.0031371116638183
2025-04-30 01:00:35.663272200,37.15427221679688,0.022919431849661,-0.003282600082457,0.0155561103717837,0.000583920860663,-0.0299100846174004,0.9884413794405548,-0.057066478597224,left,-0.0005545616149902,-0.2974978466177629,0.2148709773011505,-9.373409974148869,-0.1478076103242083,-0.0057769836857914,-0.0067244721576571,2.8746126025050875,-0.0038409829139709
2025-04-30 01:00:35.703272400,37.1942724609375,0.022919431849661,-0.0077485009096562,0.0155561103717837,0.006072393618524,-0.0299100846174004,0.9884413794405548,-0.057066478597224,left,-0.0013548731803894,-0.2974978466177629,0.2148709773011505,-9.373409974148869,-0.1478076103242083,0.0006474410183727,-0.0054627191275358,2.8746126025050875,-0.0030854642391204
2025-04-30 01:00:35.743272200,37.23427221679688,0.0234978905252319,-0.0100580314174294,0.0158835973308891,0.0193290933966636,-0.0302174070401859,0.988416935536067,-0.0576006315829603,left,-0.0015784502029418,-0.2976569623563779,0.2202823165590874,-9.37282662130296,-0.1478733697364746,-0.0015101181343197,-0.0013890955597162,2.876104594628513,-0.0028463304042816
2025-04-30 01:00:35.783272200,37.27427221679688,0.0242358160504948,-0.0158787220716476,0.0162960235396339,0.0177319701761007,-0.0305831058684862,0.988394546182452,-0.0582294949449123,left,0.0016132593154907,-0.2977492564559548,0.2271922603443265,-9.372396413192153,-0.1479027163872783,0.0009479124564677,0.0003400780260562,2.876969687025249,-0.0027669668197631
2025-04-30 01:00:35.823272200,37.31427221679687,0.0247019598384798,-0.0147396083921194,0.0165803137249624,0.0134503692388534,-0.0309830155540028,0.9883836669340909,-0.0589694224969215,left,0.0013421177864074,-0.2976914136493424,0.2315652329978532,-9.3724560344249,-0.1478608651103528,0.0025930979754775,0.0018123500049114,2.8764275429725643,-0.001281201839447
2025-04-30 01:00:35.863272200,37.35427221679687,0.0250842571216809,-0.0089408140629529,0.0168070235011116,0.0123740602284669,-0.0312816462395564,0.9883869009372585,-0.0595181473492477,left,-0.0002733469009399,-0.2974893992518048,0.2351628556310199,-9.372947032812236,-0.1477504944288697,0.0062573915347456,0.0029463283717632,2.874533399789035,-0.0016882419586181
2025-04-30 01:00:35.903272200,37.39427221679688,0.0255959411373076,-0.0020848712883889,0.0170741734774826,0.0050050597637891,-0.0314482890351876,0.9884064357534502,-0.0597820015789191,left,0.0044399499893188,-0.297112677216904,0.2399865129278041,-9.373907402276991,-0.1475540305213628,0.0132311787456274,0.0007299594581127,2.871001134009659,-0.0035168826580047
2025-04-30 01:00:35.943272400,37.4342724609375,0.0258118008946739,0.0034016883000731,0.0171697807047843,0.0031655491329729,-0.0314421084430548,0.9884488500048968,-0.0597422427974253,left,0.0001360774040222,-0.2965235597076508,0.2420535649928264,-9.375544648090004,-0.1472597945251153,0.0124462312087416,0.0018264651298522,2.8654765253692864,-0.0032453536987304
2025-04-30 01:00:35.983272200,37.47427221679688,0.0258118008946739,0.0035331950057297,0.0171697807047843,-0.0029978570528328,-0.0314421084430548,0.9884488500048968,-0.0597422427974253,left,0.000842809677124,-0.2965235597076508,0.2420535649928264,-9.375544648090004,-0.1472597945251153,0.0051986770704388,0.0006328020244836,2.8654765253692864,-0.003197431564331
2025-04-30 01:00:36.023272200,37.51427221679688,0.0258118008946739,0.0036647017113864,0.0171697807047843,-0.0091612637042999,-0.0314421084430548,0.9884488500048968,-0.0597422427974253,left,0.0015495419502258,-0.2965235597076508,0.2420535649928264,-9.375544648090004,-0.1472597945251153,-0.0020488770678639,-0.0005608610808849,2.8654765253692864,-0.0031495094299316
2025-04-30 01:00:36.063272200,37.55427221679688,0.0256151732435397,0.008407874032855,0.0170275964677341,-0.0091537833213806,-0.0311185698663735,0.9884544728720522,-0.0591162365904312,left,0.001564621925354,-0.2966033096852627,0.2402042107990942,-9.3753634463042,-0.1473076327800458,-0.0001675862586125,-0.0023918077349662,2.86622442112714,-0.0018703043460845
2025-04-30 01:00:36.103272200,37.59427221679688,0.0254083941916645,0.008807367645204,0.0168797136221883,-0.012269995175302,-0.0307967403887416,0.9884657621959106,-0.0584958737001867,left,7.71284103393e-05,-0.2966037640742484,0.2382655526204034,-9.375411961621046,-0.1473163215609941,-0.0001513226452516,-0.0028919838368892,2.866228805041313,-0.0031110346317291
2025-04-30 01:00:36.143272200,37.63427221679687,0.025166831951543,0.005642139352858,0.0167265874470051,-0.0073063899762928,-0.0305566744311388,0.988478211500364,-0.0580465364929394,left,-0.0016421675682067,-0.2965561175523126,0.2360042383586056,-9.375605438366533,-0.1473002505038036,0.0013070788700133,-0.0025164354592561,2.865781938056648,-0.0042469799518585
2025-04-30 01:00:36.183272400,37.6742724609375,0.025166831951543,0.0011537289246916,0.0167265874470051,-0.0068959766067564,-0.0305566744311388,0.988478211500364,-0.0580465364929394,left,0.0010687708854675,-0.2965561175523126,0.2360042383586056,-9.375605438366533,-0.1473002505038036,0.0018983295885846,-0.0037523433566093,2.865781938056648,-0.0048253238201141
2025-04-30 01:00:36.223272400,37.7142724609375,0.0247969683141281,0.0015664945822209,0.0165279346342497,-0.0050267246551811,-0.030444891545777,0.9885026905463096,-0.0578775372772724,left,-0.0012220740318298,-0.2963019897309051,0.2325545728287659,-9.376420261880757,-0.1471816770635655,0.0071459612809121,-0.0033855810761451,2.8633985500514507,-0.0064824819564819
2025-04-30 01:00:36.263272200,37.75427221679688,0.0247969683141281,0.0006917986902408,0.0165279346342497,-0.0039957431145012,-0.030444891545777,0.9885026905463096,-0.0578775372772724,left,-0.0018236637115478,-0.2963019897309051,0.2325545728287659,-9.376420261880757,-0.1471816770635655,-0.0010283100418746,-0.0043999478220939,2.8633985500514507,-0.0053005814552307
2025-04-30 01:00:36.303272200,37.79427221679688,0.0247969683141281,-0.0001828972599469,0.0165279346342497,-0.0029647613409906,-0.030444891545777,0.9885026905463096,-0.0578775372772724,left,-0.0024252533912658,-0.2963019897309051,0.2325545728287659,-9.376420261880757,-0.1471816770635655,-0.0092025827616453,-0.0054143145680427,2.8633985500514507,-0.0041186511516571
2025-04-30 01:00:36.343272200,37.83427221679688,0.0247969683141281,-0.0013248634058982,0.0165279346342497,0.0072463601827621,-0.030444891545777,0.9885026905463096,-0.0578775372772724,left,-0.0025269985198974,-0.2963019897309051,0.2325545728287659,-9.376420261880757,-0.1471816770635655,-0.0092623885720968,-0.0030896067619323,2.8633985500514507,-0.0045917928218841
2025-04-30 01:00:36.383272200,37.87427221679688,0.0247969683141281,-0.006158753298223,0.0165279346342497,0.0106305973604321,-0.030444891545777,0.9885026905463096,-0.0578775372772724,left,-0.0005568861961364,-0.2963019897309051,0.2325545728287659,-9.376420261880757,-0.1471816770635655,-0.0064591113477945,-0.0014487281441688,2.8633985500514507,-0.002677172422409
2025-04-30 01:00:36.423272400,37.9142724609375,0.0253574723793765,-0.003331467276439,0.0168273294854094,0.007429027929902,-0.0305920952310287,0.9884566989181072,-0.0580876242720987,left,0.0017228126525878,-0.2968164070062358,0.2377726728032343,-9.374814580249788,-0.1474256512428874,-0.0064491140656173,-0.0010423995554447,2.8682229014679788,-0.001416802406311
2025-04-30 01:00:36.463272400,37.9542724609375,0.0253574723793765,0.0051955673843622,0.0168273294854094,-0.0032460028305649,-0.0305920952310287,0.9884566989181072,-0.0580876242720987,left,0.002094566822052,-0.2968164070062358,0.2377726728032343,-9.374814580249788,-0.1474256512428874,-0.0036142454482614,-0.0003459379076957,2.8682229014679788,-0.0015366077423095
2025-04-30 01:00:36.503272200,37.99427221679687,0.0253971657468988,0.0096085369586944,0.0168271191441325,-0.0039881095290184,-0.0304330151693312,0.988436142015323,-0.0577569734616794,left,0.0004993081092834,-0.2971571663358755,0.2381199518709443,-9.373827322778103,-0.1475962589226396,-0.0012753666378557,-0.000714186578989,2.871418482638896,-0.0025535821914672
2025-04-30 01:00:36.543272200,38.03427221679687,0.0253971657468988,0.0087861260399222,0.0168271191441325,-0.0044719860889017,-0.0304330151693312,0.988436142015323,-0.0577569734616794,left,0.0002643465995788,-0.2971571663358755,0.2381199518709443,-9.373827322778103,-0.1475962589226396,-0.0022660447284579,-0.0013443697243928,2.871418482638896,-0.0039097964763641
2025-04-30 01:00:36.583272200,38.07427221679688,0.0253971657468988,0.0012838752008974,0.0168271191441325,-0.0014236036222428,-0.0304330151693312,0.988436142015323,-0.0577569734616794,left,0.0012842416763305,-0.2971571663358755,0.2381199518709443,-9.373827322778103,-0.1475962589226396,-0.0025104919914156,-0.0010390374809503,2.871418482638896,-0.0032742321491241
2025-04-30 01:00:36.623272200,38.11427221679688,0.0253971657468988,-0.0062183742411434,0.0168271191441325,0.0016247786115854,-0.0304330151693312,0.988436142015323,-0.0577569734616794,left,0.0023040771484375,-0.2971571663358755,0.2381199518709443,-9.373827322778103,-0.1475962589226396,-0.0027549392543733,-0.0007337033748626,2.871418482638896,-0.0026386380195617
2025-04-30 01:00:36.663272200,38.15427221679688,0.0252063680730427,-0.0096739307045936,0.0167477417452304,0.0010956628248095,-0.030485622475575,0.9884068964212412,-0.0578886968521026,left,-0.000180184841156,-0.2975456877640817,0.2363033126367256,-9.3727564786762,-0.1477900929868011,0.0001440567430108,-0.0002601481974124,2.875061223055422,-0.001564085483551
2025-04-30 01:00:36.703272400,38.1942724609375,0.0252063680730427,-0.0011125467717647,0.0167477417452304,-0.0015536271966993,-0.030485622475575,0.9884068964212412,-0.0578886968521026,left,0.0005377531051635,-0.2975456877640817,0.2363033126367256,-9.3727564786762,-0.1477900929868011,0.0036277652252465,-0.0016414001584053,2.875061223055422,-0.0009706318378448
2025-04-30 01:00:36.743272200,38.23427221679688,0.0252063680730427,0.0061661940999329,0.0167477417452304,0.0056019611656665,-0.030485622475575,0.9884068964212412,-0.0578886968521026,left,-0.0034446120262145,-0.2975456877640817,0.2363033126367256,-9.3727564786762,-0.1477900929868011,0.0001457408070564,-0.0013555195182561,2.875061223055422,-0.0006216466426849
2025-04-30 01:00:36.783272200,38.27427221679688,0.0252063680730427,0.0033206180669367,0.0167477417452304,0.0027368969749659,-0.030485622475575,0.9884068964212412,-0.0578886968521026,left,3.4213066101e-05,-0.2975456877640817,0.2363033126367256,-9.3727564786762,-0.1477900929868011,-0.0058782463893294,-0.0019234977662563,2.875061223055422,-0.0020795464515686
2025-04-30 01:00:36.823272200,38.31427221679687,0.0252063680730427,0.000658432720229,0.0167477417452304,0.0018870106432586,-0.030485622475575,0.9884068964212412,-0.0578886968521026,left,0.0012708306312561,-0.2975456877640817,0.2363033126367256,-9.3727564786762,-0.1477900929868011,-0.002168541541323,-0.0012617204338312,2.875061223055422,-0.0016577243804931
2025-04-30 01:00:36.863272200,38.35427221679687,0.0252063680730427,0.0019436363363638,0.0167477417452304,-0.0001356524880975,-0.030485622475575,0.9884068964212412,-0.0578886968521026,left,0.0018655061721801,-0.2975456877640817,0.2363033126367256,-9.3727564786762,-0.1477900929868011,0.0043855756521224,-0.0027027875185012,2.875061223055422,-0.0015042424201965
2025-04-30 01:00:36.903272200,38.39427221679688,0.025295099757146,0.0027388790622353,0.0167618842517543,-0.0021602278575301,-0.0302973745889283,0.9884155750802848,-0.0574949033191391,left,0.0003300309181213,-0.2974998365435148,0.2371383021561428,-9.37286753783524,-0.147769376233414,0.0032396651804447,-0.0022488236427307,2.874631307205558,-0.0023548603057861
2025-04-30 01:00:36.943272400,38.4342724609375,0.025295099757146,-0.0011330612469464,0.0167618842517543,-0.0032785474322736,-0.0302973745889283,0.9884155750802848,-0.0574949033191391,left,-0.0003529787063598,-0.2974998365435148,0.2371383021561428,-9.37286753783524,-0.147769376233414,0.0010173174086958,-0.0023408234119415,2.874631307205558,-0.0035205483436584
2025-04-30 01:00:36.983272200,38.47427221679688,0.025295099757146,-0.0005598557181656,0.0167618842517543,-0.0035850920248776,-0.0302973745889283,0.9884155750802848,-0.0574949033191391,left,0.0001957416534423,-0.2974998365435148,0.2371383021561428,-9.37286753783524,-0.147769376233414,0.0044527780264616,-0.0023517906665802,2.874631307205558,-0.0049370229244232
2025-04-30 01:00:37.023272200,38.51427221679688,0.025295099757146,-0.0005470933392643,0.0167618842517543,0.0003920590970665,-0.0302973745889283,0.9884155750802848,-0.0574949033191391,left,-0.0020633935928344,-0.2974998365435148,0.2371383021561428,-9.37286753783524,-0.147769376233414,0.010891567915678,-0.0023016203194856,2.874631307205558,-0.0050710141658782
2025-04-30 01:00:37.063272200,38.55427221679688,0.025295099757146,0.0024856314994394,0.0167618842517543,-0.0019452336709946,-0.0302973745889283,0.9884155750802848,-0.0574949033191391,left,-0.0016212463378906,-0.2974998365435148,0.2371383021561428,-9.37286753783524,-0.147769376233414,0.0012164963409304,-0.0024775806814432,2.874631307205558,-0.0035058856010437
2025-04-30 01:00:37.103272200,38.59427221679688,0.025295099757146,0.003216108540073,0.0167618842517543,0.0003501886967569,-0.0302973745889283,0.9884155750802848,-0.0574949033191391,left,-0.0012127161026,-0.2974998365435148,0.2371383021561428,-9.37286753783524,-0.147769376233414,-0.0006089007947593,-0.0022881403565406,2.874631307205558,-0.005241185426712
2025-04-30 01:00:37.143272200,38.63427221679687,0.025295099757146,0.0035362425260245,0.0167618842517543,0.0028260084800422,-0.0302973745889283,0.9884155750802848,-0.0574949033191391,left,0.0012673735618591,-0.2974998365435148,0.2371383021561428,-9.37286753783524,-0.147769376233414,-0.0009114230051636,-0.0021516066044569,2.874631307205558,-0.0051678717136383
2025-04-30 01:00:37.183272400,38.6742724609375,0.025295099757146,0.000453877961263,0.0167618842517543,0.0009804730070754,-0.0302973745889283,0.9884155750802848,-0.0574949033191391,left,0.0008038282394409,-0.2974998365435148,0.2371383021561428,-9.37286753783524,-0.147769376233414,-0.0028037037700414,-0.0017763879150152,2.874631307205558,-0.0042644143104553
2025-04-30 01:00:37.223272400,38.7142724609375,0.025295099757146,-0.0026284866034984,0.0167618842517543,-0.0008650625823065,-0.0302973745889283,0.9884155750802848,-0.0574949033191391,left,0.0003402233123779,-0.2974998365435148,0.2371383021561428,-9.37286753783524,-0.147769376233414,-0.0046959845349192,-0.0014011692255735,2.874631307205558,-0.0033609569072723
2025-04-30 01:00:37.263272200,38.75427221679688,0.025295099757146,-0.0048106703907251,0.0167618842517543,-0.0045911618508398,-0.0302973745889283,0.9884155750802848,-0.0574949033191391,left,0.0016698837280273,-0.2974998365435148,0.2371383021561428,-9.37286753783524,-0.147769376233414,-0.0016714101657271,-0.0016247164458036,2.874631307205558,-0.0028729140758514
2025-04-30 01:00:37.303272200,38.79427221679688,0.025295099757146,-0.0042370134033262,0.0167618842517543,-0.006146959029138,-0.0302973745889283,0.9884155750802848,-0.0574949033191391,left,0.0010075569152832,-0.2974998365435148,0.2371383021561428,-9.37286753783524,-0.147769376233414,-0.0005814697360619,-0.0021210145205259,2.874631307205558,-0.0021982491016387
2025-04-30 01:00:37.343272200,38.83427221679688,0.0245478678276295,-0.0039853979833424,0.0164106710062005,-0.006829357240349,-0.0303657472607746,0.9884203313233064,-0.0577452178178193,left,-0.0010865330696105,-0.2974684642358394,0.2301367528310045,-9.373132326251268,-0.1477631226193003,-0.0001034039305523,-0.0011878162622451,2.874337292695045,-0.0025109052658081
2025-04-30 01:00:37.383272200,38.87427221679688,0.0245478678276295,-0.0084451306611299,0.0164106710062005,-0.001491755247116,-0.0303657472607746,0.9884203313233064,-0.0577452178178193,left,-0.0023260712623596,-0.2974684642358394,0.2301367528310045,-9.373132326251268,-0.1477631226193003,0.0027662492357194,-0.0009766519069671,2.874337292695045,-0.0039830207824707
2025-04-30 01:00:37.423272400,38.9142724609375,0.0240364419738933,-0.0119332065805792,0.0162062015874676,-0.0006847395561635,-0.0306639064659591,0.9884250994108752,-0.0584261153969047,left,0.0001142024993896,-0.297318865482108,0.2253533910119906,-9.373678269696237,-0.147691449355829,0.0037739244289696,-0.0014612879604101,2.8729344401597974,-0.0042628049850463
2025-04-30 01:00:37.463272400,38.9542724609375,0.0235177227921422,-0.0027149133384227,0.0159791305553972,-0.0055355657823383,-0.0308396147745114,0.9884378559404948,-0.0588606676123222,left,-0.0005831718444824,-0.2971140132966664,0.2205048915348947,-9.374382034051418,-0.1475946662643318,0.0036140163429081,-0.002158360555768,2.871013701230287,-0.0033712685108184
2025-04-30 01:00:37.503272200,38.99427221679687,0.0229991170665189,0.0065033808350563,0.0157520572787075,-0.0103863924741745,-0.0310153515224248,0.9884504822596312,-0.0592951438732123,left,-0.0012807250022888,-0.2969089192027645,0.2156567939165979,-9.375084044840932,-0.1474978622192945,0.0034541082568466,-0.0028554685413837,2.8690906242132184,-0.0024794936180114
2025-04-30 01:00:37.543272200,39.03427221679687,0.0229991170665189,0.0132414735853672,0.0157520572787075,0.0031200861558318,-0.0310153515224248,0.9884504822596312,-0.0592951438732123,left,-0.0051145553588867,-0.2969089192027645,0.2156567939165979,-9.375084044840932,-0.1474978622192945,-0.0046301311813294,-0.0031442698091268,2.8690906242132184,-0.0017800331115722
2025-04-30 01:00:37.583272200,39.07427221679688,0.0229991170665189,0.0061886315234005,0.0157520572787075,0.0040062176994979,-0.0310153515224248,0.9884504822596312,-0.0592951438732123,left,-0.0021742582321166,-0.2969089192027645,0.2156567939165979,-9.375084044840932,-0.1474978622192945,-0.0011673893313854,-0.0021285861730575,2.8690906242132184,-0.0023462772369384
2025-04-30 01:00:37.623272200,39.11427221679688,0.0229991170665189,-0.0008642100729048,0.0157520572787075,0.004892349243164,-0.0310153515224248,0.9884504822596312,-0.0592951438732123,left,0.0007660388946533,-0.2969089192027645,0.2156567939165979,-9.375084044840932,-0.1474978622192945,0.0022953525185585,-0.0011129025369882,2.8690906242132184,-0.0029124915599823
2025-04-30 01:00:37.663272200,39.15427221679688,0.0229991170665189,-0.0033089024946093,0.0157520572787075,-0.0018916185945272,-0.0310153515224248,0.9884504822596312,-0.0592951438732123,left,0.0013657808303833,-0.2969089192027645,0.2156567939165979,-9.375084044840932,-0.1474978622192945,0.0059524639509618,-0.0016474649310112,2.8690906242132184,-0.0010702013969421
2025-04-30 01:00:37.703272400,39.1942724609375,0.0229991170665189,-0.0009552382398396,0.0157520572787075,-0.0018583383643999,-0.0310153515224248,0.9884504822596312,-0.0592951438732123,left,-0.0005843639373779,-0.2969089192027645,0.2156567939165979,-9.375084044840932,-0.1474978622192945,0.0056941574439406,-0.001386135816574,2.8690906242132184,-0.0013595223426818
2025-04-30 01:00:37.743272200,39.23427221679688,0.0230609056849635,0.0002308443654328,0.0157628824342796,-0.0033641410991549,-0.0309220390182484,0.988481587452178,-0.0590998635217945,left,0.001078188419342,-0.2965228862441939,0.216261591409333,-9.376177100774646,-0.1473076362814929,0.0117157194763422,-0.0018946826457977,2.8654700956285,-0.0031365454196929
2025-04-30 01:00:37.783272200,39.27427221679688,0.0230609056849635,0.0014169269707053,0.0157628824342796,-0.0048699439503252,-0.0309220390182484,0.988481587452178,-0.0590998635217945,left,0.002629280090332,-0.2965228862441939,0.216261591409333,-9.376177100774646,-0.1473076362814929,0.0177372824400663,-0.0023415591567754,2.8654700956285,-0.0052827298641204
2025-04-30 01:00:37.823272200,39.31427221679687,0.0231579302502133,0.002833625068888,0.0157785084845238,-0.0005547110922634,-0.0307791095826619,0.9885413635707104,-0.0588016615716439,left,-0.0004221200942993,-0.2957653887434466,0.2172215042163617,-9.378323465153574,-0.1469340607803572,0.0127098895609378,-0.0022876672446727,2.8583649397984146,-0.0051657855510711
2025-04-30 01:00:37.863272200,39.35427221679687,0.0231579302502133,0.000918744248338,0.0157785084845238,-0.0039155567064881,-0.0307791095826619,0.9885413635707104,-0.0588016615716439,left,-0.000457227230072,-0.2957653887434466,0.2172215042163617,-9.378323465153574,-0.1469340607803572,0.002221006900072,-0.0030261818319559,2.8583649397984146,-0.0051712095737457
2025-04-30 01:00:37.903272200,39.39427221679688,0.0230637786360753,0.0014011304592713,0.0157096250932582,-0.000669598346576,-0.0306340841470394,0.9885566448978552,-0.0585232414404777,left,-0.0009611248970031,-0.2956265036491489,0.2163476622575894,-9.37874081378281,-0.1468690411440075,-0.0022627236321568,-0.0022055525332689,2.857062332767248,-0.0052469074726104
2025-04-30 01:00:37.943272400,39.4342724609375,0.0230637786360753,0.0007984968833625,0.0157096250932582,-0.0020811283029615,-0.0306340841470394,0.9885566448978552,-0.0585232414404777,left,0.0005965232849121,-0.2956265036491489,0.2163476622575894,-9.37874081378281,-0.1468690411440075,-0.0004893892910331,-0.0025955755263566,2.857062332767248,-0.004684180021286
2025-04-30 01:00:37.983272200,39.47427221679688,0.0230637786360753,0.000185367418453,0.0157096250932582,-0.0020417615305632,-0.0306340841470394,0.9885566448978552,-0.0585232414404777,left,-0.000662088394165,-0.2956265036491489,0.2163476622575894,-9.37874081378281,-0.1468690411440075,-0.0017084684222936,-0.0024453997611999,2.857062332767248,-0.0025385618209838
2025-04-30 01:00:38.023272200,39.51427221679688,0.0230637786360753,-0.0006715630297549,0.0157096250932582,-0.004559488967061,-0.0306340841470394,0.9885566448978552,-0.0585232414404777,left,0.0003759264945983,-0.2956265036491489,0.2163476622575894,-9.37874081378281,-0.1468690411440075,-0.0018555475398898,-0.0024368688464164,2.857062332767248,-0.0023232102394104
2025-04-30 01:00:38.063272200,39.55427221679688,0.0227730611416448,0.0006005591130815,0.0155522177055338,-0.0044656940735876,-0.0305264174046322,0.9885665254212816,-0.0583490822847476,left,-0.0001658201217651,-0.2955585123420724,0.2136255255510099,-9.378997418892382,-0.1468412474582498,0.0018138834275305,-0.0028956271708011,2.856424327124655,-0.0023480057716369
2025-04-30 01:00:38.103272200,39.59427221679688,0.0224823586849283,0.0018726813141256,0.0153948078851984,-0.0043718991801142,-0.0304186758265431,0.98857649873735,-0.0581747624223572,left,-0.0007077455520629,-0.2954906733644467,0.2109033705781214,-9.379252854958176,-0.1468134805255727,0.0054833143949508,-0.0033543948084115,2.8557877827867864,-0.002372920513153
2025-04-30 01:00:38.143272200,39.63427221679687,0.0224823586849283,0.0011910680914297,0.0153948078851984,0.000229462981224,-0.0304186758265431,0.98857649873735,-0.0581747624223572,left,-0.0013107657432556,-0.2954906733644467,0.2109033705781214,-9.379252854958176,-0.1468134805255727,0.0054409359581768,-0.0034725610166788,2.8557877827867864,-0.0038661062717437
2025-04-30 01:00:38.183272400,39.6742724609375,0.0224823586849283,-0.0046863327734172,0.0153948078851984,0.0019960256759077,-0.0304186758265431,0.98857649873735,-0.0581747624223572,left,-0.0006846189498901,-0.2954906733644467,0.2109033705781214,-9.379252854958176,-0.1468134805255727,0.0039814314804971,-0.0027463529258966,2.8557877827867864,-0.0056240558624267
2025-04-30 01:00:38.223272400,39.7142724609375,0.0224823586849283,-0.0091683007776737,0.0153948078851984,0.0076890718191862,-0.0304186758265431,0.98857649873735,-0.0581747624223572,left,-0.0019037127494812,-0.2954906733644467,0.2109033705781214,-9.379252854958176,-0.1468134805255727,0.0029844855889678,-0.0014650579541921,2.8557877827867864,-0.0043844580650329
2025-04-30 01:00:38.263272200,39.75427221679688,0.0225362763817087,-0.0043907365761697,0.0154564838713708,0.0031639710068702,-0.0306940403151648,0.9885971880580744,-0.0587266162353868,left,0.0002513527870178,-0.2950901583377426,0.2114348288400098,-9.38038390481472,-0.146610405257089,0.0047055948525667,-0.0016718916594982,2.852030183818936,-0.0044385492801666
2025-04-30 01:00:38.303272200,39.79427221679688,0.0225362763817087,0.0059302230365574,0.0154564838713708,0.0110354218631982,-0.0306940403151648,0.9885971880580744,-0.0587266162353868,left,-0.0034838318824768,-0.2950901583377426,0.2114348288400098,-9.38038390481472,-0.146610405257089,-0.0028410400263965,-0.0006288737058639,2.852030183818936,-0.0010559856891632
2025-04-30 01:00:38.343272200,39.83427221679688,0.0231687481970202,0.0044798990711569,0.0157574321996878,0.0060664564371109,-0.0306581111537996,0.9885917963421804,-0.0585598415376194,left,0.0010160207748413,-0.2951299159094573,0.2173649860739707,-9.380134898489713,-0.1466216725381938,-0.0092080533504486,-0.0015198327600955,2.8524031087845563,-0.0028512775897979
2025-04-30 01:00:38.383272200,39.87427221679688,0.0231687481970202,0.0033551247324794,0.0157574321996878,0.0031678122468292,-0.0306581111537996,0.9885917963421804,-0.0585598415376194,left,0.0017305612564086,-0.2951299159094573,0.2173649860739707,-9.380134898489713,-0.1466216725381938,-0.0054155867546796,-0.0004698745906352,2.8524031087845563,-0.0022669732570648
2025-04-30 01:00:38.423272400,39.9142724609375,0.0235096597543562,0.0037562143988907,0.0159153269017122,0.0022676766384392,-0.0305967685256841,0.9885794625491025,-0.0583839370548109,left,0.0011592507362365,-0.2952979521232218,0.2205515071555972,-9.37958077173829,-0.1467009048264029,-0.0025719134137034,-0.0003900229930877,2.8539798565819856,-0.0013712346553802
2025-04-30 01:00:38.463272400,39.9542724609375,0.0235096597543562,0.0030272896401584,0.0159153269017122,0.0014405916444957,-0.0305967685256841,0.9885794625491025,-0.0583839370548109,left,0.0001865029335021,-0.2952979521232218,0.2205515071555972,-9.37958077173829,-0.1467009048264029,-0.0023955989163368,-0.0003462377935647,2.8539798565819856,-0.0016253292560577
2025-04-30 01:00:38.503272200,39.99427221679687,0.0235096597543562,0.0006435292307287,0.0159153269017122,0.0013327944325283,-0.0305967685256841,0.9885794625491025,-0.0583839370548109,left,-0.0009856820106506,-0.2952979521232218,0.2205515071555972,-9.37958077173829,-0.1467009048264029,-0.0007434057770296,-0.0006649140268564,2.8539798565819856,-0.0031581819057464
2025-04-30 01:00:38.543272200,40.03427221679687,0.0235096597543562,0.0002291862911079,0.0159153269017122,-0.0014630329096689,-0.0305967685256841,0.9885794625491025,-0.0583839370548109,left,0.0003078579902648,-0.2952979521232218,0.2205515071555972,-9.37958077173829,-0.1467009048264029,0.0035056513734161,-0.0012942496687173,2.8539798565819856,-0.0041812360286712
2025-04-30 01:00:38.583272200,40.07427221679688,0.0235096597543562,0.0019260690314695,0.0159153269017122,0.0030020605772733,-0.0305967685256841,0.9885794625491025,-0.0583839370548109,left,-0.0025016665458679,-0.2952979521232218,0.2205515071555972,-9.37958077173829,-0.1467009048264029,0.004782429896295,-0.0009764023125171,2.8539798565819856,-0.0047072172164916
2025-04-30 01:00:38.623272200,40.11427221679688,0.0235096597543562,0.0039967354387044,0.0159153269017122,-0.004481038544327,-0.0305967685256841,0.9885794625491025,-0.0583839370548109,left,8.82148742675e-05,-0.2952979521232218,0.2205515071555972,-9.37958077173829,-0.1467009048264029,0.0008370927534997,-0.0023288764059543,2.8539798565819856,-0.0041144788265228
2025-04-30 01:00:38.663272400,40.1542724609375,0.0234557712387711,0.0035500475205481,0.0158628148644696,-0.0037806346081197,-0.0304247371081744,0.9885903461228008,-0.0580444293113834,left,0.000131070613861,-0.295225811484588,0.2200508824233897,-9.379798798403144,-0.1466687677128966,9.00216982699e-05,-0.0028942450881004,2.8533029802337286,-0.0034869015216827
2025-04-30 01:00:38.703272400,40.1942724609375,0.023401887769467,0.0031033596023917,0.0158103039495361,-0.0030802306719124,-0.0302526308549826,0.988601322489141,-0.0577047796276854,left,0.0001738667488098,-0.295153756426561,0.2195502759574912,-9.380016240546109,-0.1466366410761604,-0.0006570493569597,-0.003459595143795,2.852626980668306,-0.0028594434261322
2025-04-30 01:00:38.743272200,40.23427221679688,0.023401887769467,0.0009244990069419,0.0158103039495361,-0.0004292852245271,-0.0302526308549826,0.988601322489141,-0.0577047796276854,left,-0.0003456473350524,-0.295153756426561,0.2195502759574912,-9.380016240546109,-0.1466366410761604,-0.0032637040130794,-0.0028952062129974,2.852626980668306,-0.0035440921783447
2025-04-30 01:00:38.783272200,40.27427221679688,0.023401887769467,-0.0021138079464435,0.0158103039495361,0.0010568699799478,-0.0302526308549826,0.988601322489141,-0.0577047796276854,left,-6.15119934082e-05,-0.295153756426561,0.2195502759574912,-9.380016240546109,-0.1466366410761604,-0.0029020109213888,-0.0042040310800075,2.852626980668306,-0.003199964761734
2025-04-30 01:00:38.823272200,40.31427221679687,0.023401887769467,-0.0033430042676627,0.0158103039495361,0.0028233868069946,-0.0302526308549826,0.988601322489141,-0.0577047796276854,left,-0.0005704164505004,-0.295153756426561,0.2195502759574912,-9.380016240546109,-0.1466366410761604,-0.0012797401286661,-0.003734977915883,2.852626980668306,-0.0018022954463958
2025-04-30 01:00:38.863272200,40.35427221679687,0.023401887769467,-0.0031732132192701,0.0158103039495361,0.0057884277775883,-0.0302526308549826,0.988601322489141,-0.0577047796276854,left,-0.0005435943603515,-0.295153756426561,0.2195502759574912,-9.380016240546109,-0.1466366410761604,6.06534304097e-05,-0.0021126959472894,2.852626980668306,-0.0023314952850341
2025-04-30 01:00:38.903272200,40.39427221679688,0.023401887769467,-0.0029314141720533,0.0158103039495361,0.0040128007531166,-0.0302526308549826,0.988601322489141,-0.0577047796276854,left,-0.0001724362373352,-0.295153756426561,0.2195502759574912,-9.380016240546109,-0.1466366410761604,0.0007227674941532,-0.001174934208393,2.852626980668306,-0.0022417306900024
2025-04-30 01:00:38.943272400,40.4342724609375,0.023401887769467,-0.0033835298381745,0.0158103039495361,0.0035312799736857,-0.0302526308549826,0.988601322489141,-0.0577047796276854,left,6.4194202423e-05,-0.295153756426561,0.2195502759574912,-9.380016240546109,-0.1466366410761604,0.0023575492668896,-0.0002049449831247,2.852626980668306,-0.0024282038211822
2025-04-30 01:00:38.983272200,40.47427221679688,0.023401887769467,-0.0034277213271707,0.0158103039495361,0.0015759675297886,-0.0302526308549826,0.988601322489141,-0.0577047796276854,left,0.0013273358345031,-0.295153756426561,0.2195502759574912,-9.380016240546109,-0.1466366410761604,0.0036260252818465,0.0004873983561992,2.852626980668306,-0.0030634999275207
2025-04-30 01:00:39.023272200,40.51427221679688,0.0236687231568085,-0.0032814699225127,0.0159748049326326,0.0003432583762332,-0.0304987492086386,0.9885978892900912,-0.058163693765084,left,0.0004175305366516,-0.2950766468359213,0.2220583863209001,-9.38017698406577,-0.1465908258189333,0.0051932083442807,0.0011449977755546,2.8519033425688742,-0.0021186769008636
2025-04-30 01:00:39.063272200,40.55427221679688,0.0236687231568085,0.0005938378162682,0.0159748049326326,-0.0052803372964262,-0.0304987492086386,0.9885978892900912,-0.058163693765084,left,0.0014389157295227,-0.2950766468359213,0.2220583863209001,-9.38017698406577,-0.1465908258189333,0.0047018504701554,-0.0010939147323369,2.8519033425688742,-0.002141922712326
2025-04-30 01:00:39.103272200,40.59427221679688,0.0236687231568085,0.0074053043499588,0.0159748049326326,0.0038338266313076,-0.0304987492086386,0.9885978892900912,-0.058163693765084,left,-0.0031319260597229,-0.2950766468359213,0.2220583863209001,-9.38017698406577,-0.1465908258189333,0.0019608973525464,-0.000566953793168,2.8519033425688742,-0.0019669234752655
2025-04-30 01:00:39.143272200,40.63427221679687,0.0236687231568085,0.0064235706813633,0.0159748049326326,0.0011736673768609,-0.0304987492086386,0.9885978892900912,-0.058163693765084,left,0.0006225705146789,-0.2950766468359213,0.2220583863209001,-9.38017698406577,-0.1465908258189333,-0.00425132131204,-0.0016648396849632,2.8519033425688742,-0.0035200715065002
2025-04-30 01:00:39.183272400,40.6742724609375,0.0236687231568085,0.0029972866177558,0.0159748049326326,0.0005476420628838,-0.0304987492086386,0.9885978892900912,-0.058163693765084,left,0.0010260939598083,-0.2950766468359213,0.2220583863209001,-9.38017698406577,-0.1465908258189333,-0.0019836986903101,-0.0013641193509101,2.8519033425688742,-0.0036832988262176
2025-04-30 01:00:39.223272400,40.7142724609375,0.0236687231568085,0.0031829793006181,0.0159748049326326,-0.0017184994649142,-0.0304987492086386,0.9885978892900912,-0.058163693765084,left,0.0010389685630798,-0.2950766468359213,0.2220583863209001,-9.38017698406577,-0.1465908258189333,0.0003335291985422,-0.0020468402653932,2.8519033425688742,-0.0027636587619781
2025-04-30 01:00:39.263272200,40.75427221679688,0.0236687231568085,0.0030221510678529,0.0159748049326326,-0.0028938958421349,-0.0304987492086386,0.9885978892900912,-0.058163693765084,left,0.0001038908958435,-0.2950766468359213,0.2220583863209001,-9.38017698406577,-0.1465908258189333,-0.0005344475503079,-0.0023264121264219,2.8519033425688742,-0.0029536187648773
2025-04-30 01:00:39.303272200,40.79427221679688,0.0236687231568085,0.0028613228350877,0.0159748049326326,-0.0040692924521863,-0.0304987492086386,0.9885978892900912,-0.058163693765084,left,-0.0008312463760375,-0.2950766468359213,0.2220583863209001,-9.38017698406577,-0.1465908258189333,-0.0014024242991581,-0.0026059839874505,2.8519033425688742,-0.0031435787677764
2025-04-30 01:00:39.343272200,40.83427221679688,0.0235905091871224,0.0025588297285139,0.0158924977927034,-0.0049322629347443,-0.0301952107239908,0.9886046335491276,-0.0575609097744916,left,-0.0001136064529418,-0.2951166305969368,0.2213220348703674,-9.380080537953972,-0.1466165927579621,0.0014493636554107,-0.0025755669921636,2.852278605622053,-0.0037291049957275
2025-04-30 01:00:39.383272200,40.87427221679688,0.0235521917434055,0.0005894440691918,0.0158505281101017,0.0029445309191942,-0.0300563440123722,0.9886255709408184,-0.0572873433708566,left,-0.0022274851799011,-0.2948930690492148,0.2209776418794877,-9.380725850120186,-0.1465088135298112,0.0080738244578242,-0.0018033068627119,2.8501810488209127,-0.0046392679214477
2025-04-30 01:00:39.423272400,40.9142724609375,0.0235521917434055,-0.0002179759321734,0.0158505281101017,0.0023546137381345,-0.0300563440123722,0.9886255709408184,-0.0572873433708566,left,-0.0013473033905029,-0.2948930690492148,0.2209776418794877,-9.380725850120186,-0.1465088135298112,0.0008857133798301,-0.0026348549872636,2.8501810488209127,-0.0032622218132019
2025-04-30 01:00:39.463272400,40.9542724609375,0.0235521917434055,0.0015698127681389,0.0158505281101017,0.0028793902602046,-0.0300563440123722,0.9886255709408184,-0.0572873433708566,left,-0.0013584494590759,-0.2948930690492148,0.2209776418794877,-9.380725850120186,-0.1465088135298112,-0.0025898404419422,-0.0012589748948812,2.8501810488209127,-0.0022778809070587
2025-04-30 01:00:39.503272200,40.99427221679687,0.0235521917434055,0.0034596060868352,0.0158505281101017,0.0018230660352855,-0.0300563440123722,0.9886255709408184,-0.0572873433708566,left,0.0004660487174987,-0.2948930690492148,0.2209776418794877,-9.380725850120186,-0.1465088135298112,-0.0026302961632609,-0.0011073071509599,2.8501810488209127,-0.0026823282241821
2025-04-30 01:00:39.543272200,41.03427221679687,0.0235521917434055,0.0050645815208554,0.0158505281101017,-0.0020994951482862,-0.0300563440123722,0.9886255709408184,-0.0572873433708566,left,0.0008947849273681,-0.2948930690492148,0.2209776418794877,-9.380725850120186,-0.1465088135298112,-0.003914653789252,-0.0013154987245798,2.8501810488209127,-0.0023455619812011
2025-04-30 01:00:39.583272200,41.07427221679688,0.0237654240039688,0.0027793876361101,0.0159220970044272,-0.0023854584433138,-0.0298198661058475,0.9886109738395894,-0.0567752055044954,left,6.03199005126e-05,-0.2951727892341549,0.2229589518898166,-9.37988121598959,-0.1466479681913296,-0.0045817214995622,-0.0011425241827964,2.8528055521056053,-0.0028543770313262
2025-04-30 01:00:39.623272200,41.11427221679688,0.0237654240039688,0.001149590476416,0.0159220970044272,-0.0008055726066231,-0.0298198661058475,0.9886109738395894,-0.0567752055044954,left,9.30428504943e-05,-0.2951727892341549,0.2229589518898166,-9.37988121598959,-0.1466479681913296,-0.0031300971750169,-0.0007555875927209,2.8528055521056053,-0.0018260478973388
2025-04-30 01:00:39.663272400,41.1542724609375,0.0237654240039688,-1.12076522782e-05,0.0159220970044272,-0.0014287864323705,-0.0298198661058475,0.9886109738395894,-0.0567752055044954,left,0.0008314847946166,-0.2951727892341549,0.2229589518898166,-9.37988121598959,-0.1466479681913296,-0.0006376663222908,-0.0008983723819255,2.8528055521056053,-0.0019774138927459
2025-04-30 01:00:39.703272400,41.1942724609375,0.0237654240039688,-0.0009488863870501,0.0159220970044272,-0.0017123223515227,-0.0298198661058475,0.9886109738395894,-0.0567752055044954,left,-1.66893005371e-05,-0.2951727892341549,0.2229589518898166,-9.37988121598959,-0.1466479681913296,0.0028056423179805,-0.0012322310358285,2.8528055521056053,-0.0017221271991729
2025-04-30 01:00:39.743272200,41.23427221679688,0.0237654240039688,-0.0004462975775822,0.0159220970044272,0.0019427334191277,-0.0298198661058475,0.9886109738395894,-0.0567752055044954,left,-0.0003589987754821,-0.2951727892341549,0.2229589518898166,-9.37988121598959,-0.1466479681913296,0.0022497077006846,-0.0011174883693456,2.8528055521056053,-0.0025238096714019
2025-04-30 01:00:39.783272200,41.27427221679688,0.0237654240039688,-0.0059381863102316,0.0159220970044272,0.0020129205659031,-0.0298198661058475,0.9886109738395894,-0.0567752055044954,left,-0.0004536509513854,-0.2951727892341549,0.2229589518898166,-9.37988121598959,-0.1466479681913296,0.0024067875929176,-0.0007947664707899,2.8528055521056053,-0.0037968158721923
2025-04-30 01:00:39.823272200,41.31427221679687,0.0237654240039688,-0.0094895176589488,0.0159220970044272,-0.0031098336912691,-0.0298198661058475,0.9886109738395894,-0.0567752055044954,left,0.0004662871360778,-0.2951727892341549,0.2229589518898166,-9.37988121598959,-0.1466479681913296,0.0042037982493638,-0.0013100244104862,2.8528055521056053,-0.0039210319519042
2025-04-30 01:00:39.863272200,41.35427221679687,0.0237654240039688,-0.0026279385201632,0.0159220970044272,-0.0020569630432873,-0.0298198661058475,0.9886109738395894,-0.0567752055044954,left,-0.0022140145301818,-0.2951727892341549,0.2229589518898166,-9.37988121598959,-0.1466479681913296,0.0042913081124424,-0.0018237791955471,2.8528055521056053,-0.0040389895439147
2025-04-30 01:00:39.903272200,41.39427221679688,0.0237654240039688,0.0042336415499448,0.0159220970044272,-0.0010040923953056,-0.0298198661058475,0.9886109738395894,-0.0567752055044954,left,-0.0048943161964416,-0.2951727892341549,0.2229589518898166,-9.37988121598959,-0.1466479681913296,0.004378817975521,-0.0023375358432531,2.8528055521056053,-0.0041569769382476
2025-04-30 01:00:39.943272400,41.4342724609375,0.0237654240039688,0.0106385257095098,0.0159220970044272,0.0019453922286629,-0.0298198661058475,0.9886109738395894,-0.0567752055044954,left,-0.0026664733886718,-0.2951727892341549,0.2229589518898166,-9.37988121598959,-0.1466479681913296,-0.0029315794818103,-0.0029693078249692,2.8528055521056053,-0.0024594962596893
2025-04-30 01:00:39.983272200,41.47427221679688,0.0237654240039688,0.0039757960475981,0.0159220970044272,-0.0038863960653543,-0.0298198661058475,0.9886109738395894,-0.0567752055044954,left,0.0008080601692199,-0.2951727892341549,0.2229589518898166,-9.37988121598959,-0.1466479681913296,-0.0006402605213224,-0.00316758826375,2.8528055521056053,-0.0046353340148925
2025-04-30 01:00:40.023272200,41.51427221679688,0.0237654240039688,0.0011275769211351,0.0159220970044272,-0.0032036297488957,-0.0298198661058475,0.9886109738395894,-0.0567752055044954,left,0.0003989338874816,-0.2951727892341549,0.2229589518898166,-9.37988121598959,-0.1466479681913296,0.0037303753197193,-0.0039222221821546,2.8528055521056053,-0.0037227869033813
2025-04-30 01:00:40.063272200,41.55427221679688,0.0233429022436488,0.0005388873978517,0.015701184881924,-0.0015310668386518,-0.0297431247441607,0.9886464077393564,-0.0566857498278912,left,2.64644622802e-05,-0.2947549946812887,0.2190235304033383,-9.38116541058123,-0.146448423277511,0.001782807172276,-0.0032857526093721,2.8488851637914774,-0.0028284490108489
2025-04-30 01:00:40.103272200,41.59427221679688,0.0233429022436488,-0.0006147343083284,0.015701184881924,0.0002338206395506,-0.0297431247441607,0.9886464077393564,-0.0566857498278912,left,-0.0007524490356445,-0.2947549946812887,0.2190235304033383,-9.38116541058123,-0.146448423277511,0.0002361231017857,-0.002308577299118,2.8488851637914774,-0.0035950541496276
2025-04-30 01:00:40.143272200,41.63427221679687,0.0233429022436488,-0.000847315066494,0.015701184881924,-0.0036548406351357,-0.0297431247441607,0.9886464077393564,-0.0566857498278912,left,0.0027199387550354,-0.2947549946812887,0.2190235304033383,-9.38116541058123,-0.146448423277511,3.6551602534e-05,-0.0030870828777551,2.8488851637914774,-0.0038825273513793
2025-04-30 01:00:40.183272400,41.6742724609375,0.0233429022436488,-0.0011757409665733,0.015701184881924,-0.0017303370404988,-0.0297431247441607,0.9886464077393564,-0.0566857498278912,left,-0.0005512237548828,-0.2947549946812887,0.2190235304033383,-9.38116541058123,-0.146448423277511,0.0044988859444856,-0.0023420453071594,2.8488851637914774,-0.0045669376850128
2025-04-30 01:00:40.223272400,41.7142724609375,0.0233429022436488,-0.0005605558399111,0.015701184881924,0.0018949308432638,-0.0297431247441607,0.9886464077393564,-0.0566857498278912,left,-0.0006291270256042,-0.2947549946812887,0.2190235304033383,-9.38116541058123,-0.146448423277511,0.003068299498409,-0.0034050643444061,2.8488851637914774,-0.0041387975215911
2025-04-30 01:00:40.263272200,41.75427221679688,0.0233429022436488,-0.0013020646292716,0.015701184881924,0.0008288263343274,-0.0297431247441607,0.9886464077393564,-0.0566857498278912,left,-0.0007590055465698,-0.2947549946812887,0.2190235304033383,-9.38116541058123,-0.146448423277511,-0.0005446998402476,-0.0025618784129619,2.8488851637914774,-0.0047017335891723
2025-04-30 01:00:40.303272200,41.79427221679688,0.0233429022436488,0.0018851922359317,0.015701184881924,0.0038936820346862,-0.0297431247441607,0.9886464077393564,-0.0566857498278912,left,0.0001838207244873,-0.2947549946812887,0.2190235304033383,-9.38116541058123,-0.146448423277511,-0.0016879118047654,-0.0023538190871477,2.8488851637914774,-0.0036724209785461
2025-04-30 01:00:40.343272200,41.83427221679688,0.0233429022436488,0.0002038135426118,0.015701184881924,0.0018326702993363,-0.0297431247441607,0.9886464077393564,-0.0566857498278912,left,0.0003508925437927,-0.2947549946812887,0.2190235304033383,-9.38116541058123,-0.146448423277511,-0.0018914499087259,-0.0018231961876153,2.8488851637914774,-0.00308358669281
2025-04-30 01:00:40.383272200,41.87427221679688,0.0233429022436488,-0.0014775650342926,0.015701184881924,-0.0002283416688442,-0.0297431247441607,0.9886464077393564,-0.0566857498278912,left,0.0005179643630981,-0.2947549946812887,0.2190235304033383,-9.38116541058123,-0.146448423277511,-0.0020949880126863,-0.0012925714254379,2.8488851637914774,-0.0024947226047515
2025-04-30 01:00:40.423272400,41.9142724609375,0.0233429022436488,0.0013392221881076,0.015701184881924,-0.004016070626676,-0.0297431247441607,0.9886464077393564,-0.0566857498278912,left,0.0007807612419128,-0.2947549946812887,0.2190235304033383,-9.38116541058123,-0.146448423277511,0.0016542873345315,-0.0022795777767896,2.8488851637914774,-0.0022361874580383
2025-04-30 01:00:40.580778500,42.071778564453126,0.0231157548785577,-0.0024119969457387,0.0154915419896681,0.0018736936617642,-0.0291182124129105,0.9887094509395336,-0.0554596143064854,left,0.0011952810455113,-0.2941664823549667,0.2169313256307505,-9.382889750155806,-0.1461703766745554,0.0031217020004987,-0.0041830544359982,2.843362308716774,-0.0087974108755588
2025-04-30 01:00:40.620778500,42.111778564453125,0.0231157548785577,-0.0172455757856369,0.0154915419896681,0.0167092755436897,-0.0291182124129105,0.9887094509395336,-0.0554596143064854,left,-0.003908097743988,-0.2941664823549667,0.2169313256307505,-9.382889750155806,-0.1461703766745554,0.0022712741047143,-0.0036700908094644,2.843362308716774,-0.0039733350276947
2025-04-30 01:00:40.660778800,42.15177880859375,0.0236881110982299,-0.0136261843144893,0.0158574251713541,0.0150475492700934,-0.0297445678715167,0.9887077581104596,-0.0566441417142936,left,-0.0003334879875183,-0.2938903638787702,0.2223202338611707,-9.383548506325482,-0.1460161621286,0.007319068070501,-0.0040128584951162,2.8407708309188484,-0.0059326887130737
2025-04-30 01:00:40.700778800,42.19177880859375,0.0246327255098376,-0.0020874543115496,0.0163532806359153,0.0341889262199401,-0.0300155685921511,0.9886995824113654,-0.0570534517937411,left,-0.0067195296287536,-0.2938149476971723,0.2311892392923124,-9.383548506325482,-0.1459614653217734,-0.0110473968088626,-0.0020711626857519,2.840062974910438,0.0028313100337982
2025-04-30 01:00:40.740778800,42.23177880859375,0.0252493478888995,-0.0029599119443446,0.0166710243337493,0.0227375496178865,-0.030108824396223,0.9886592427137288,-0.0571472005724758,left,-0.0039312243461608,-0.2942748971517459,0.2369423046600073,-9.38209713847339,-0.1461788305909941,-0.0085299247875809,-0.0008455980569124,2.844379961326718,0.0017108917236328
2025-04-30 01:00:40.780778800,42.27177880859375,0.0258660078325149,-0.0038323695771396,0.0169887622320431,0.0112861720845103,-0.0302020802002949,0.9886189030160925,-0.0572406866829659,left,-0.0011435747146606,-0.2947349879135126,0.2426939452555961,-9.380639925402402,-0.1463961911829846,-0.0060124523006379,0.0003800950944423,2.848697532264888,0.0005903840065002
2025-04-30 01:00:40.820778500,42.31177856445313,0.0258660078325149,-0.0047048274427652,0.0169887622320431,-0.0001652063801884,-0.0302020802002949,0.9886189030160925,-0.0572406866829659,left,0.0017927289009094,-0.2947349879135126,0.2426939452555961,-9.380639925402402,-0.1463961911829846,-0.0034949800465255,0.0021923091262578,2.848697532264888,-8.98241996765e-05
2025-04-30 01:00:40.981524200,42.47252416992188,0.0260187508568358,0.0097475247457623,0.0170497737116059,0.0052157063037157,-0.0300946818485648,0.9886031948355548,-0.0569986446675457,left,-0.0013705611927434,-0.2949805973005615,0.2441085612938739,-9.379902843299508,-0.1465173651101917,0.0105108832940459,-0.0015387923922389,2.8510023020759223,-0.005308351945132
2025-04-30 01:00:41.021524200,42.51252416992188,0.0260187508568358,-0.0020928615704178,0.0170497737116059,-0.0091906348243355,-0.0300946818485648,0.9886031948355548,-0.0569986446675457,left,0.0019537210464477,-0.2949805973005615,0.2441085612938739,-9.379902843299508,-0.1465173651101917,0.0014712996780872,-0.0020258482545614,2.8510023020759223,-0.0047289729118347
2025-04-30 01:00:41.061524500,42.5525244140625,0.0260187508568358,0.002705420833081,0.0170497737116059,-0.0025090766139328,-0.0300946818485648,0.9886031948355548,-0.0569986446675457,left,-0.0002351999282836,-0.2949805973005615,0.2441085612938739,-9.379902843299508,-0.1465173651101917,-0.001282516401261,-0.0031720250844955,2.8510023020759223,-0.0051554441452026
2025-04-30 01:00:41.101524500,42.5925244140625,0.0256025313506866,0.0022554274182766,0.0168302892103274,-0.0046995971351861,-0.0299629382439997,0.9886023871215868,-0.0567929426403739,left,0.0002942681312561,-0.2950817094735709,0.2401970686722546,-9.379715796294809,-0.1465753385259853,-0.0019423244521021,-0.0026233177632093,2.851950981102884,-0.0047257542610168
2025-04-30 01:00:41.141524200,42.63252416992187,0.0256025313506866,0.0018054341198876,0.0168302892103274,-0.0068901176564395,-0.0299629382439997,0.9886023871215868,-0.0567929426403739,left,0.0008429288864135,-0.2950817094735709,0.2401970686722546,-9.379715796294809,-0.1465753385259853,-0.0026021325029432,-0.0024734735488891,2.851950981102884,-0.0041993260383605
2025-04-30 01:00:41.181524200,42.67252416992188,0.0256025313506866,0.0013554408214986,0.0168302892103274,-0.0090806381776928,-0.0299629382439997,0.9886023871215868,-0.0567929426403739,left,0.0013915300369262,-0.2950817094735709,0.2401970686722546,-9.379715796294809,-0.1465753385259853,-0.0032619405537843,-0.0023236293345689,2.851950981102884,-0.0036729276180267
2025-04-30 01:00:41.221524200,42.71252416992188,0.0242208577058333,-0.0007249831687659,0.0161259252585006,-0.0078541748225688,-0.029694859259556,0.988599059405228,-0.0564533559455369,left,-0.000142753124237,-0.2953489535036188,0.2272186551609076,-9.379276235833764,-0.1467308687749487,0.0016237362287938,-0.0022267140448093,2.8544582877486944,-0.0036255717277526
2025-04-30 01:00:41.382304000,42.87330395507813,0.0236536139348756,-0.0075651165097951,0.0158497502625505,-0.0068693165667355,-0.0297348735375629,0.9886473340273724,-0.0566232901996725,left,0.0055030230432748,-0.2947203068666035,0.2219406782253645,-9.381195805719496,-0.1464271622253407,0.0031658194493502,-0.0070036267861723,2.848559877359867,-0.0056785405613482
2025-04-30 01:00:41.422304300,42.91330419921875,0.0240308842577115,0.0029688104987144,0.0160439905380272,0.0234406981617212,-0.029819130561621,0.9886464466002052,-0.0567382669702934,left,-0.0099817514419555,-0.2946694693434812,0.2254833923335187,-9.381256011474132,-0.1463954819772355,-0.0093270428478717,-0.0012887511402368,2.8480826152369376,0.0004284381866455
2025-04-30 01:00:41.462304000,42.95330395507813,0.0252134423102457,-0.0014017880894243,0.0166274654096083,0.0199869386851787,-0.0298654579529983,0.9886092265876626,-0.0566536007517008,left,0.0026737451553344,-0.2950597930426968,0.2365490675587206,-9.379870694595574,-0.1465715057998299,-0.0118529601022601,-0.0017281472682952,2.851745229397714,-0.0037784576416015
2025-04-30 01:00:41.502304000,42.993303955078126,0.0254995597897894,-0.0006269051809795,0.0167935603624736,0.0013265740126371,-0.030022542460914,0.9885763340754402,-0.0569259175121832,left,0.0037112236022949,-0.2954182992957745,0.2392067241943441,-9.37877997674942,-0.1467421753786662,-0.0037039630115032,0.0006366670131683,2.8551088606119155,-0.0024134218692779
2025-04-30 01:00:41.542304000,43.033303955078125,0.0255128680561965,0.0054045286960899,0.0167895134015255,-0.0023207322228699,-0.029942621438832,0.98857061075742,-0.0567613128798199,left,2.78949737548e-05,-0.295529425378194,0.2393234459091909,-9.378459658753872,-0.1467982749253974,-0.0017263798508793,4.7627836465e-06,2.856151355402172,-1.82092189788e-05
2025-04-30 01:00:41.582304000,43.07330395507813,0.0255128680561965,0.0081545589491724,0.0167895134015255,0.0003823617007583,-0.029942621438832,0.98857061075742,-0.0567613128798199,left,-0.0005003213882446,-0.295529425378194,0.2393234459091909,-9.378459658753872,-0.1467982749253974,-0.001260453602299,0.000421954318881,2.856151355402172,-0.0022122263908386
2025-04-30 01:00:41.622304000,43.11330395507812,0.0255128680561965,-0.0076971380040049,0.0167895134015255,-0.0061845201998949,-0.029942621438832,0.98857061075742,-0.0567613128798199,left,-0.0005033612251281,-0.295529425378194,0.2393234459091909,-9.378459658753872,-0.1467982749253974,0.0013078313786536,-0.0005482658743858,2.856151355402172,-0.0047965347766876
2025-04-30 01:00:41.662304000,43.15330395507812,0.0255128680561965,-0.0089177684858441,0.0167895134015255,-0.0108065251260995,-0.029942621438832,0.98857061075742,-0.0567613128798199,left,0.0025300979614257,-0.295529425378194,0.2393234459091909,-9.378459658753872,-0.1467982749253974,0.0020542026031762,-0.0030528027564287,2.856151355402172,-0.0034562349319458
2025-04-30 01:00:41.702304000,43.19330395507812,0.0255128680561965,-0.0013330513611435,0.0167895134015255,-0.0088201574981212,-0.029942621438832,0.98857061075742,-0.0567613128798199,left,0.0034317374229431,-0.295529425378194,0.2393234459091909,-9.378459658753872,-0.1467982749253974,0.0024742069654166,-0.0036315489560365,2.856151355402172,-0.0037624537944793
2025-04-30 01:00:41.742304000,43.23330395507813,0.0255128680561965,0.0062516657635569,0.0167895134015255,-0.0068337903358042,-0.029942621438832,0.98857061075742,-0.0567613128798199,left,0.0043333172798156,-0.295529425378194,0.2393234459091909,-9.378459658753872,-0.1467982749253974,0.0028942113276571,-0.0042102932929992,2.856151355402172,-0.0040687024593353
2025-04-30 01:00:41.782304000,43.27330395507813,0.0246229106710221,0.0041074687615036,0.0163170133350099,-0.0166422929614782,-0.0296822675829745,0.9886053676664897,-0.0563691246625818,left,-0.0014141798019409,-0.2952364444255415,0.2309975161124952,-9.37950536841452,-0.1466699605829417,-0.00613908842206,-0.0016279034316539,2.8534026412159204,-0.0024141073226928
2025-04-30 01:00:41.822304000,43.313303955078126,0.0246229106710221,-0.0005264296196401,0.0163170133350099,0.0008581690490245,-0.0296822675829745,0.9886053676664897,-0.0563691246625818,left,-0.001304268836975,-0.2952364444255415,0.2309975161124952,-9.37950536841452,-0.1466699605829417,-0.0037083039060235,-0.0018169246613979,2.8534026412159204,-0.0050068199634552
2025-04-30 01:00:41.862304000,43.353303955078125,0.0246229106710221,-0.0038227287586778,0.0163170133350099,-0.0032320208847522,-0.0296822675829745,0.9886053676664897,-0.0563691246625818,left,0.0006705522537231,-0.2952364444255415,0.2309975161124952,-9.37950536841452,-0.1466699605829417,0.0096790427342057,-0.0019394475966691,2.8534026412159204,-0.0044092833995819
2025-04-30 01:00:41.902304000,43.393303955078125,0.024066069161547,0.0050899945199489,0.0160239262673083,-0.0083691012114286,-0.0295394436050961,0.98862893314914,-0.0561645124949963,left,-0.0005642175674438,-0.2950186037592525,0.225789535673242,-9.38025355643332,-0.1465721691627383,0.0035181855782866,-0.002448571845889,2.851358860428632,-0.002461552619934
2025-04-30 01:00:41.942304300,43.43330419921875,0.024066069161547,0.0140027189627289,0.0160239262673083,-0.013506181538105,-0.0295394436050961,0.98862893314914,-0.0561645124949963,left,-0.0018752813339233,-0.2950186037592525,0.225789535673242,-9.38025355643332,-0.1465721691627383,-0.0026426711119711,-0.0034887585788965,2.851358860428632,-0.000722199678421
2025-04-30 01:00:41.982304000,43.47330395507812,0.023684456391501,0.0049369120970368,0.0158023875144048,-0.0072987722232937,-0.0292990587539844,0.9886467151122388,-0.0557356750505221,left,-0.0016266107559204,-0.2949046530515955,0.2222175954706035,-9.38066389079988,-0.1465248536451935,-0.0021478007547557,-0.0025283508002758,2.8502894776314496,-0.0029810369014739
2025-04-30 01:00:42.022304000,43.51330395507812,0.023684456391501,-0.0041288947686553,0.0158023875144048,-0.0010913629084825,-0.0292990587539844,0.9886467151122388,-0.0557356750505221,left,-0.001419723033905,-0.2949046530515955,0.2222175954706035,-9.38066389079988,-0.1465248536451935,-0.0016529305139556,-0.0019321776926517,2.8502894776314496,-0.0053489208221435
2025-04-30 01:00:42.062304000,43.55330395507813,0.023684456391501,-0.0173027366399765,0.0158023875144048,-0.0021594478748738,-0.0292990587539844,0.9886467151122388,-0.0557356750505221,left,-0.0027319192886352,-0.2949046530515955,0.2222175954706035,-9.38066389079988,-0.1465248536451935,0.0021618078462779,-0.0015562307089567,2.8502894776314496,-0.0041912496089935
2025-04-30 01:00:42.102304000,43.59330395507813,0.023684456391501,0.0038700122386217,0.0158023875144048,-0.0060161901637911,-0.0292990587539844,0.9886467151122388,-0.0557356750505221,left,0.0049610137939453,-0.2949046530515955,0.2222175954706035,-9.38066389079988,-0.1465248536451935,0.0094333738088607,-0.0070536118000745,2.8502894776314496,-0.0018996894359588
2025-04-30 01:00:42.142304000,43.63330395507813,0.023684456391501,-0.0021573542617261,0.0158023875144048,-0.0032632490620017,-0.0292990587539844,0.9886467151122388,-0.0557356750505221,left,0.0045205950736999,-0.2949046530515955,0.2222175954706035,-9.38066389079988,-0.1465248536451935,0.0025942255742847,-0.0050880629569292,2.8502894776314496,-0.0031999945640563
2025-04-30 01:00:42.182304300,43.67330419921875,0.023684456391501,-0.0081847207620739,0.0158023875144048,-0.0005103079602122,-0.0292990587539844,0.9886467151122388,-0.0557356750505221,left,0.0040801763534545,-0.2949046530515955,0.2222175954706035,-9.38066389079988,-0.1465248536451935,-0.0042449231259524,-0.0031225159764289,2.8502894776314496,-0.0045002996921539
2025-04-30 01:00:42.222304000,43.713303955078125,0.023684456391501,-0.0142120867967605,0.0158023875144048,0.0022426333744078,-0.0292990587539844,0.9886467151122388,-0.0557356750505221,left,0.0036396980285644,-0.2949046530515955,0.2222175954706035,-9.38066389079988,-0.1465248536451935,-0.011084072291851,-0.0011569671332836,2.8502894776314496,-0.0058006346225738
2025-04-30 01:00:42.262304000,43.75330395507813,0.023684456391501,-0.0037697535008192,0.0158023875144048,0.0036482522264122,-0.0292990587539844,0.9886467151122388,-0.0557356750505221,left,0.0030972957611083,-0.2949046530515955,0.2222175954706035,-9.38066389079988,-0.1465248536451935,-0.0027053272351622,-0.0037196259945631,2.8502894776314496,-0.0019344687461853
2025-04-30 01:00:42.302304000,43.79330395507812,0.02398031059636,-0.0072112418711185,0.0159527810011243,0.0034884656779468,-0.0293060849157355,0.98860705027614,-0.0557020133342034,left,0.0027298331260681,-0.2954175460606472,0.2249577975568361,-9.37913478153646,-0.1467743460571714,-0.0020438632927834,-0.0020838379859924,2.855101846349239,-0.0038284361362457
2025-04-30 01:00:42.342304000,43.83330395507812,0.0242762104157777,-0.0106527302414178,0.016103169810614,0.0033286791294813,-0.0293131484953275,0.9885673390437204,-0.0556682738592082,left,0.0023620724678039,-0.2959304808707064,0.2276975064527243,-9.377602749663591,-0.1470238442686895,-0.0013823992339894,-0.000448003411293,2.85991363054514,-0.0057223439216613
2025-04-30 01:00:42.382304000,43.87330395507813,0.0242762104157777,-0.0140942195430397,0.016103169810614,0.0031688923481851,-0.0293131484953275,0.9885673390437204,-0.0556682738592082,left,0.0021505951881408,-0.2959304808707064,0.2276975064527243,-9.377602749663591,-0.1470238442686895,-0.0007209351169876,0.001467203721404,2.85991363054514,-0.007125586271286
2025-04-30 01:00:42.422304300,43.91330419921875,0.0247060382712297,-0.0121633997187018,0.0163581728061551,0.0015839943662285,-0.0296111796231371,0.9885384647946162,-0.0562053802348324,left,-0.0001124739646911,-0.2961664613889417,0.2317115461333654,-9.376828842681643,-0.1471298111325116,0.012358377687633,0.0013252831995487,2.862127214941382,-0.0056079924106597
2025-04-30 01:00:42.462304000,43.95330395507813,0.0247060382712297,0.0001128436997532,0.0163581728061551,-0.0099279163405299,-0.0296111796231371,0.9885384647946162,-0.0562053802348324,left,-0.0005092620849609,-0.2961664613889417,0.2317115461333654,-9.376828842681643,-0.1471298111325116,-0.0068433387205004,-0.0020191222429275,2.862127214941382,0.0029209852218627
2025-04-30 01:00:42.502304000,43.993303955078126,0.0240313806389667,0.0085872150957584,0.0160452701957426,-0.0064533744007349,-0.0296700953262689,0.9885146896786112,-0.0564222444253156,left,-0.0014710426330566,-0.2965192349066681,0.2253610811281017,-9.375973102635143,-0.147312424843924,-0.0156873390078544,-0.0011852867901325,2.8654359010979533,-0.0008764266967773
2025-04-30 01:00:42.542304000,44.033303955078125,0.0240313806389667,0.0062140016816556,0.0160452701957426,0.006232026964426,-0.0296700953262689,0.9885146896786112,-0.0564222444253156,left,-0.000657320022583,-0.2965192349066681,0.2253610811281017,-9.375973102635143,-0.147312424843924,0.0043686460703611,-0.0016310345381498,2.8654359010979533,-0.0054520368576049
2025-04-30 01:00:42.582304000,44.07330395507813,0.0240454505249533,-0.0037019769661128,0.0160682958189937,-0.0005448195151984,-0.0298135993536893,0.9885406028978084,-0.0567136904578351,left,-7.6293945312e-06,-0.2961084022117701,0.225521276658494,-9.377146238067745,-0.1471067979413319,0.0092645017430186,-0.0012076925486326,2.861582732801139,-0.0037406384944915
2025-04-30 01:00:42.622304000,44.11330395507812,0.0240454505249533,-0.0136179532855749,0.0160682958189937,-0.0073216659948229,-0.0298135993536893,0.9885406028978084,-0.0567136904578351,left,0.0005224347114562,-0.2961084022117701,0.225521276658494,-9.377146238067745,-0.1471067979413319,0.0141603574156761,-0.0007680058479309,2.861582732801139,-0.0024221539497375
2025-04-30 01:00:42.784889600,44.2758896484375,0.0227023398235658,-0.0047038411721587,0.0153792857692613,0.0075676278211176,-0.0295942031925182,0.9885968289376066,-0.0564737761734496,left,-0.0042530237697064,-0.2955370370930071,0.212963609309867,-9.379073406738042,-0.1468461978125412,-0.0008446963038295,-0.0020345798693597,2.856222959333658,-0.0051390323787927
2025-04-30 01:00:42.824889600,44.3158896484375,0.0227229408273808,-0.0092188715934753,0.0154115117192939,0.0028526997193694,-0.0297558293969122,0.988601980578408,-0.0567986778721811,left,-0.0023714900016784,-0.2953998514386753,0.2131657260195352,-9.379460944750903,-0.1467755712910574,0.0045953094959259,-0.0043513141572475,2.8549358421325683,-0.008001685142517
2025-04-30 01:00:42.985263600,44.476263671875,0.0244908831116434,-0.0074306735768914,0.0163373312921847,0.0074316761456429,-0.0301612213494796,0.988515656873852,-0.0573494443101159,left,0.002042444422841,-0.2962674803560871,0.2296869997695088,-9.376589773228764,-0.1471736104670017,-0.0004260097630321,-0.0009695657063275,2.863074724924564,-0.001863177283667
2025-04-30 01:00:43.025263900,44.516263916015625,0.0244908831116434,-0.0035697133280336,0.0163373312921847,0.0053328676149249,-0.0301612213494796,0.988515656873852,-0.0573494443101159,left,0.0011023879051208,-0.2962674803560871,0.2296869997695088,-9.376589773228764,-0.1471736104670017,0.00584979634732,-0.0011881496757268,2.863074724924564,-0.0028784573078155
2025-04-30 01:00:43.065263900,44.55626391601562,0.0244908831116434,0.0002912471536546,0.0163373312921847,0.0032340588513761,-0.0301612213494796,0.988515656873852,-0.0573494443101159,left,0.0001623034477233,-0.2962674803560871,0.2296869997695088,-9.376589773228764,-0.1471736104670017,0.0121256029233336,-0.0014067348092794,2.863074724924564,-0.0038937330245971
2025-04-30 01:00:43.105263600,44.596263671875,0.0244908831116434,0.004152207635343,0.0163373312921847,0.0011352500878274,-0.0301612213494796,0.988515656873852,-0.0573494443101159,left,-0.0007777214050292,-0.2962674803560871,0.2296869997695088,-9.376589773228764,-0.1471736104670017,0.0184014085680246,-0.0016253199428319,2.863074724924564,-0.0049089789390563
2025-04-30 01:00:43.145263600,44.636263671875,0.0249826340618386,0.0080528818070888,0.0165588262091921,0.0122265741229057,-0.0301409608946113,0.9885900563721062,-0.0572438095303573,left,-0.00068861246109,-0.2952257320250739,0.2343722897752188,-9.37945217692256,-0.1466521051189234,0.0111303152516484,-0.0014264173805713,2.8533021034508943,-0.0046214759349823
2025-04-30 01:00:43.185263600,44.676263671875,0.024985306345951,0.0053059933707118,0.0165612630816693,0.0058121099136769,-0.0301393446333463,0.9885820910191724,-0.0572392444922542,left,-9.4771385192e-06,-0.2953355117675583,0.2343895331709645,-9.379138288667798,-0.1467063603192371,8.4601342678e-05,-0.0013124588876962,2.854332323281467,-0.0039351880550384
2025-04-30 01:00:43.225263600,44.716263671875,0.024985306345951,0.0025591047015041,0.0165612630816693,-0.0006023538298904,-0.0301393446333463,0.9885820910191724,-0.0572392444922542,left,0.0007016062736511,-0.2953355117675583,0.2343895331709645,-9.379138288667798,-0.1467063603192371,-0.0109611134976148,-0.0011967476457357,2.854332323281467,-0.0031438767910003
2025-04-30 01:00:43.265263900,44.75626391601563,0.0248601657170174,0.0039915675297379,0.0164804598831012,-0.0027684108354151,-0.0299749124069518,0.9885638029788608,-0.0569224803397281,left,0.0002728700637817,-0.2956613650367414,0.2331926880692131,-9.3782369559139,-0.1468719471713979,-0.0068059274926781,-0.0019239038228988,2.857389372764528,-0.0040325224399566
2025-04-30 01:00:43.305263900,44.796263916015626,0.0248601657170174,0.0054240305908024,0.0164804598831012,-0.0049344678409397,-0.0299749124069518,0.9885638029788608,-0.0569224803397281,left,-6.39557838439e-05,-0.2956613650367414,0.2331926880692131,-9.3782369559139,-0.1468719471713979,-0.0026507410220801,-0.0027731079608201,2.857389372764528,-0.0046094059944152
2025-04-30 01:00:43.345263600,44.836263671875,0.0248242306205695,0.0029100331012159,0.0164578161059548,-0.0001523215323686,-0.0299097235325417,0.9885400973497152,-0.056793056153661,left,0.0002323389053344,-0.2960136864983108,0.2328306680900976,-9.377238592526316,-0.147047702624552,-0.0054321787320077,-0.0020934846252202,2.8606942595288154,-0.0046912729740142
2025-04-30 01:00:43.385263600,44.876263671875,0.0248242306205695,0.0003960353787988,0.0164578161059548,0.0046298247762024,-0.0299097235325417,0.9885400973497152,-0.056793056153661,left,0.0006305575370788,-0.2960136864983108,0.2328306680900976,-9.377238592526316,-0.147047702624552,-0.0082136169075965,-0.0014507733285427,2.8606942595288154,-0.0044361352920532
2025-04-30 01:00:43.425263600,44.916263671875,0.0248242306205695,-0.0021179621107876,0.0164578161059548,0.0094119710847735,-0.0299097235325417,0.9885400973497152,-0.056793056153661,left,0.0010287165641784,-0.2960136864983108,0.2328306680900976,-9.377238592526316,-0.147047702624552,-0.0109950546175241,-0.0008080620318651,2.8606942595288154,-0.0041810274124145
2025-04-30 01:00:43.465263600,44.956263671875,0.0249421920095772,-0.0019871941767632,0.0165217867041434,0.0026210704818367,-0.0298770823003178,0.9884704323392448,-0.0567016752339767,left,0.0016565322875976,-0.2969591239334854,0.2338692721565254,-9.374503030082582,-0.1475140428302955,-0.0031928941607475,0.0007102321833372,2.8695611643344163,-0.0031858682632446
2025-04-30 01:00:43.505263900,44.99626391601562,0.0248881116344028,0.0021181195043027,0.0164995890145324,0.0110922120511531,-0.0298944843343374,0.9884623371360725,-0.0567440798228327,left,-0.0028597116470336,-0.2970662354593457,0.2333546371652744,-9.374208431050182,-0.1475674399662778,-0.005063840188086,0.0010356623679399,2.8705656652018425,-0.00147545337677
2025-04-30 01:00:43.545263900,45.03626391601563,0.0248340198999021,0.0062234331853687,0.0164773948798418,0.0195633508265018,-0.0299119237861979,0.988454195536579,-0.0567865658019997,left,-0.0073758959770202,-0.2971733006073515,0.2328399473750963,-9.37391383201778,-0.1476208208259498,-0.0069347866810858,0.0013611037284135,2.871569581547379,0.0002349913120269
2025-04-30 01:00:43.585263600,45.076263671875,0.0254627608720647,0.0026392852887511,0.0167774859566251,0.0049878899008035,-0.0298553993061111,0.9884239241453238,-0.0565750696406162,left,0.0042786598205566,-0.2975537111691778,0.2387058254675008,-9.372672892045976,-0.1478012073271451,-0.009268308058381,-0.0017750859260559,2.8751363341182468,-0.0001020729541778
2025-04-30 01:00:43.625263600,45.116263671875,0.0254627608720647,0.0055584535002708,0.0167774859566251,-0.0013437182642519,-0.0298553993061111,0.9884239241453238,-0.0565750696406162,left,0.0021232962608337,-0.2975537111691778,0.2387058254675008,-9.372672892045976,-0.1478012073271451,0.0084093827754259,-0.0010216496884822,2.8751363341182468,-0.0017625093460083
2025-04-30 01:00:43.665263600,45.156263671875,0.0253246567259198,0.0075599681586027,0.0166574671786989,-0.0089923981577157,-0.029528515050651,0.988461230133461,-0.0559373466448407,left,0.0018925666809082,-0.2971939903956909,0.2374375956299714,-9.373739059972763,-0.1476307891301194,0.0101599376648664,-0.0022799745202064,2.871763642814756,-0.0028329789638519
2025-04-30 01:00:43.705263600,45.196263671875,0.0253246567259198,0.0055136322043836,0.0166574671786989,-0.0076355305500328,-0.029528515050651,0.988461230133461,-0.0559373466448407,left,-0.0027629137039184,-0.2971939903956909,0.2374375956299714,-9.373739059972763,-0.1476307891301194,-0.0030048303306102,-0.0024960301816463,2.871763642814756,-0.0050832629203796
2025-04-30 01:00:43.745263900,45.23626391601562,0.0247840957769454,0.0012072976678609,0.0163657026242757,-0.0008778371848165,-0.0293191221595912,0.9884664091558092,-0.0555939309991591,left,-0.002224862575531,-0.2972523650008184,0.2323663202476687,-9.373698143440484,-0.1476704315410636,-0.0024939426220953,-0.0017212871462106,2.872311047564447,-0.0031426548957824
2025-04-30 01:00:43.785263900,45.27626391601562,0.0247840957769454,-0.0004866613307967,0.0163657026242757,-0.0068029095418751,-0.0293191221595912,0.9884664091558092,-0.0555939309991591,left,0.0010068416595458,-0.2972523650008184,0.2323663202476687,-9.373698143440484,-0.1476704315410636,0.0117995720356702,-0.0030739735811948,2.872311047564447,-0.0050036311149597
2025-04-30 01:00:43.825263600,45.316263671875,0.0247840957769454,0.0011952723143622,0.0163657026242757,0.0099836867302656,-0.0293191221595912,0.9884664091558092,-0.0555939309991591,left,-0.004123568534851,-0.2972523650008184,0.2323663202476687,-9.373698143440484,-0.1476704315410636,0.0116905160248279,-0.0018074084073305,2.872311047564447,-0.0073961317539215
2025-04-30 01:00:43.865263600,45.356263671875,0.0248202459799845,0.0039681755006313,0.0163489463891598,-0.0031725987792015,-0.0291731540884895,0.9885460940321884,-0.0553016522174625,left,0.0016406178474426,-0.2962297065515507,0.2327779697884805,-9.376621337410809,-0.147166792199671,-0.0013886224478483,-0.0027197021991014,2.862720504659414,-0.0043080449104309
2025-04-30 01:00:43.905263600,45.396263671875,0.0247387514624821,0.0041950615122914,0.0163029169559803,-4.37507405877e-05,-0.0291043551443668,0.9885266748212712,-0.0551721412257773,left,-0.0005898475646972,-0.2965268214766093,0.2319927742275409,-9.375789562761785,-0.1473159057718745,-0.0087053710594773,-0.0014794897288084,2.865507212768495,-0.004606157541275
2025-04-30 01:00:43.945263600,45.436263671875,0.0247387514624821,0.0021926236804574,0.0163029169559803,-0.0012096497230231,-0.0291043551443668,0.9885266748212712,-0.0551721412257773,left,0.0010613799095153,-0.2965268214766093,0.2319927742275409,-9.375789562761785,-0.1473159057718745,-0.005115388892591,-0.0037058796733617,2.865507212768495,-0.0042740404605865
2025-04-30 01:00:43.985263600,45.476263671875,0.0246520537381377,-8.58539715409e-05,0.0162497338447627,0.0016729137860238,-0.0289779404985039,0.9884846037865536,-0.0549241504969355,left,-0.0006065368652343,-0.2971533611979574,0.2311356094089336,-9.374013200739023,-0.1476288787427182,-0.0095779672265052,-0.0011118184775114,2.87138253454268,-0.0033531785011291
2025-04-30 01:00:44.025263900,45.516263916015625,0.0245865804338635,-0.0073967226780951,0.0162359511935732,-0.0047402288764715,-0.0290608631447175,0.9884491011557888,-0.0550980172735199,left,0.0006182193756103,-0.2976052813840612,0.2304899319165386,-9.372730175191164,-0.1478517900232547,-0.0067649958655238,-0.0007768664509057,2.8756200259819624,-0.001998484134674
2025-04-30 01:00:44.065263900,45.55626391601562,0.0245865804338635,-7.67102465033e-05,0.0162359511935732,-0.0082882512360811,-0.0290608631447175,0.9884491011557888,-0.0550980172735199,left,-0.0002257227897644,-0.2976052813840612,0.2304899319165386,-9.372730175191164,-0.1478517900232547,-0.0010859398171305,-0.0021961797028779,2.8756200259819624,0.000646024942398
2025-04-30 01:00:44.105263600,45.596263671875,0.0243202730267609,0.0005663846386596,0.0160908051053107,-0.0054438728839159,-0.0289540705028982,0.9884568534192176,-0.0549221029940122,left,-0.0001184344291687,-0.2975637779771146,0.2279967999265529,-9.372910207933186,-0.1478365649272313,0.0030018761754035,-0.0017655361443758,2.875230734403431,-0.0015805065631866
2025-04-30 01:00:44.145263600,45.636263671875,0.0240539866234235,0.0012094795238226,0.0159456706161285,-0.00259949429892,-0.0288472778610789,0.9884646056826464,-0.0547461795943387,left,-1.13248825073e-05,-0.297522359498806,0.2255037775344215,-9.37308965615332,-0.1478213491856682,0.007089692633599,-0.0013349130749702,2.8748426118686794,-0.0038070976734161
2025-04-30 01:00:44.185263600,45.676263671875,0.0237882609770655,0.0003507517394609,0.0158231340034812,-0.0072961552068591,-0.0289143600069658,0.9884897616284004,-0.0549243322627799,left,0.0034054517745971,-0.2971779874223759,0.2230366385022178,-9.374138872945307,-0.1476535426427269,0.0087940543889999,-0.0035332329571247,2.8716137129500505,-0.0041950345039367
2025-04-30 01:00:44.225263600,45.716263671875,0.0237882609770655,-0.0005079759284853,0.0158231340034812,-0.0119928158819675,-0.0289143600069658,0.9884897616284004,-0.0549243322627799,left,0.0067152380943298,-0.2971779874223759,0.2230366385022178,-9.374138872945307,-0.1476535426427269,0.0104984166100621,-0.0059831347316503,2.8716137129500505,-0.0049122273921966
2025-04-30 01:00:44.265263900,45.75626391601563,0.0237882609770655,0.014118461869657,0.0158231340034812,0.0086594447493553,-0.0289143600069658,0.9884897616284004,-0.0549243322627799,left,-0.0061830878257751,-0.2971779874223759,0.2230366385022178,-9.374138872945307,-0.1476535426427269,0.0013162037357687,-0.0042041875422,2.8716137129500505,-0.0031234323978424
2025-04-30 01:00:44.305263900,45.796263916015626,0.0237882609770655,0.0064815143123269,0.0158231340034812,0.0049168155528604,-0.0289143600069658,0.9884897616284004,-0.0549243322627799,left,0.0010686516761779,-0.2971779874223759,0.2230366385022178,-9.374138872945307,-0.1476535426427269,-0.013149750418961,-0.0080183949321508,2.8716137129500505,-0.0033251941204071
2025-04-30 01:00:44.345263600,45.836263671875,0.0237882609770655,-0.0029311627149581,0.0158231340034812,0.0054794931784272,-0.0289143600069658,0.9884897616284004,-0.0549243322627799,left,-8.38041305541e-05,-0.2971779874223759,0.2230366385022178,-9.374138872945307,-0.1476535426427269,-0.0122166583314538,-0.0075889201834797,2.8716137129500505,-0.0049323737621307
2025-04-30 01:00:44.385263600,45.876263671875,0.024746124398997,0.0005259132012724,0.0162583683959088,0.0174925588071346,-0.0286813848777333,0.9884461350216563,-0.0543048671363769,left,0.0018605589866638,-0.2977812028403073,0.2319727726191282,-9.372187154355643,-0.1479428912082138,0.0009097652509808,-0.0117449965327978,2.8772692544937133,-0.0067809522151947
2025-04-30 01:00:44.425263600,45.916263671875,0.0255826433684194,-0.0096020763739943,0.0166871650350289,0.0316821373999118,-0.0288418096032393,0.9884325527183476,-0.0545038178350021,left,-0.005266785621643,-0.2978336905954038,0.2398088548059575,-9.37183877930939,-0.1479551556444588,-0.001743726665154,-0.0033358167856931,2.8777614219248293,-0.0050261914730072
2025-04-30 01:00:44.465263600,45.956263671875,0.0267321199837215,-0.0218919403851032,0.0173106326822271,0.0325159877538681,-0.0292681752505671,0.988386115888904,-0.0551911782934183,left,-0.0011998414993286,-0.2981923965330763,0.250553791910503,-9.370524774101376,-0.1481099083078585,-0.0096965366974473,0.0008963085711002,2.881123884095252,-0.0061427652835845
2025-04-30 01:00:44.505263900,45.99626391601562,0.0275682765716285,-0.018578715622425,0.0177955654805687,0.0135472808033227,-0.0297844133824685,0.988342937536386,-0.0561076387467966,left,0.0093687176704406,-0.2984922174760063,0.2583651049822569,-9.369448084780574,-0.1482377014796269,0.0021133804693818,0.0004757884889841,2.8839342653408644,-0.0059965252876281
2025-04-30 01:00:44.545263900,46.03626391601563,0.0275682765716285,-0.0019948165863752,0.0177955654805687,0.0131523059681057,-0.0297844133824685,0.988342937536386,-0.0561076387467966,left,-8.58306884765e-05,-0.2984922174760063,0.2583651049822569,-9.369448084780574,-0.1482377014796269,0.0082066729664802,0.0038812514394521,2.8839342653408644,-0.0018621385097503
2025-04-30 01:00:44.585263600,46.076263671875,0.0283108406560957,0.0043394234962761,0.0181824143761266,0.0072019891813397,-0.0299988452440637,0.9883559118220108,-0.0564334607548333,left,-0.0006930828094482,-0.2981625225597568,0.2653493561127223,-9.370203287062049,-0.1480607305252957,-0.001947434619069,0.0038682576268911,2.880843898110092,-0.001330941915512
2025-04-30 01:00:44.625263600,46.116263671875,0.0283108406560957,0.0038192030042409,0.0181824143761266,7.94678926467e-05,-0.0299988452440637,0.9883559118220108,-0.0564334607548333,left,0.0010011196136474,-0.2981625225597568,0.2653493561127223,-9.370203287062049,-0.1480607305252957,-0.0028232922777533,0.0059956610202789,2.880843898110092,-0.0031549334526062
2025-04-30 01:00:44.665263600,46.156263671875,0.0283108406560957,0.0053222151473164,0.0181824143761266,-0.0045828819274902,-0.0299988452440637,0.9883559118220108,-0.0564334607548333,left,0.0021191835403442,-0.2981625225597568,0.2653493561127223,-9.370203287062049,-0.1480607305252957,-0.0026036719791591,0.0042553022503852,2.880843898110092,-0.0025981068611145
2025-04-30 01:00:44.705263600,46.196263671875,0.0276968085901352,0.0048647141084074,0.0178534570036041,-0.0145105263218283,-0.0297562458981548,0.9883427334538768,-0.0560313376908675,left,0.0007767677307128,-0.2984945079221839,0.2595691835423931,-9.369407752770185,-0.1482376037976248,-0.0047597852535545,0.0021615531295537,2.883955892650783,-0.0016831457614898
2025-04-30 01:00:44.745263900,46.23626391601562,0.0270828736055731,0.0044072130694985,0.0175244973864623,-0.0244381725788116,-0.0295135821989648,0.9883293500395776,-0.0556292648196045,left,-0.0005661845207214,-0.2988267419426071,0.2537909837334416,-9.368607542303204,-0.1484144561164147,-0.0069158989936113,6.75972551107e-05,2.8870696407571432,-0.0007683336734771
2025-04-30 01:00:44.785263900,46.27626391601562,0.0262174078558246,0.0127464802935719,0.0170659284955489,-0.0241293497383594,-0.0292264893846284,0.9883273809474984,-0.0551763425780551,left,0.0007758736610412,-0.2990421951380701,0.2456663669288158,-9.368201299589872,-0.1485375679241135,-0.0023981900885701,-0.003108374774456,2.8890888716250656,-0.0003623068332672
2025-04-30 01:00:44.825263600,46.316263671875,0.0254458648047886,0.0133204218000173,0.0166405826406943,-0.0228020939975976,-0.0288868536627134,0.9883524887635494,-0.0546062047504937,left,0.0001130104064941,-0.2989045582750917,0.2384484349066391,-9.36878582147956,-0.1484855500915969,0.0060710813850164,-0.0051108077168464,2.8877991240754723,-0.0030837357044219
2025-04-30 01:00:44.865263600,46.356263671875,0.0247071056087051,0.0133745530620217,0.0162311951974201,-0.0178956072777509,-0.0285641406110122,0.9883919335828908,-0.054067017242537,left,-0.0025802254676818,-0.2985611126497929,0.2315515880649909,-9.369950189083816,-0.1483308439586174,0.0083734020590782,-0.0057306122034788,2.884580162028968,-0.0031543970108032
2025-04-30 01:00:44.905263600,46.396263671875,0.0247071056087051,0.0047771297395229,0.0162311951974201,-0.0084400735795497,-0.0285641406110122,0.9883919335828908,-0.054067017242537,left,-0.003527283668518,-0.2985611126497929,0.2315515880649909,-9.369950189083816,-0.1483308439586174,0.005427349358797,-0.0066809430718421,2.884580162028968,-0.0052607953548431
2025-04-30 01:00:44.945263600,46.436263671875,0.0241341528036884,-0.0052373027428984,0.0159184803123486,-0.0081403506919741,-0.0283544432788372,0.9884294872491532,-0.0537317276636373,left,0.004084289073944,-0.2981819356782312,0.2262093867868184,-9.371174177920818,-0.1481542894642949,0.002775308676064,-0.0074776615947484,2.8810259766787287,-0.007464975118637
2025-04-30 01:00:44.985263900,46.476263916015625,0.0239799617609973,0.0001523857936263,0.0158540501343672,-0.0022217649966478,-0.0284418115497716,0.9884469596333894,-0.0539336588517631,left,-0.0001813769340515,-0.2979260904852654,0.2247820939300581,-9.371945746815204,-0.1480284057994831,0.0036291119176894,-0.006627719849348,2.878627683365345,-0.0057763457298278
2025-04-30 01:00:45.025263900,46.516263916015625,0.0239799617609973,0.0055420747958123,0.0158540501343672,0.0036968206986784,-0.0284418115497716,0.9884469596333894,-0.0539336588517631,left,-0.0045257210731506,-0.2979260904852654,0.2247820939300581,-9.371945746815204,-0.1480284057994831,0.0044829151593148,-0.0059233233332633,2.878627683365345,-0.0043322741985321
2025-04-30 01:00:45.065263900,46.55626391601562,0.0239799617609973,0.0132933817803859,0.0158540501343672,0.0181325636804103,-0.0284418115497716,0.9884469596333894,-0.0539336588517631,left,-0.003696322441101,-0.2979260904852654,0.2247820939300581,-9.371945746815204,-0.1480284057994831,-0.0014960169792175,-0.0050453562289476,2.878627683365345,-0.003041535615921
2025-04-30 01:00:45.105263600,46.596263671875,0.0250874439488596,-0.0022317320108413,0.0163771915345748,0.0072608850896358,-0.0283562376481813,0.9884371368084652,-0.0535940104001852,left,0.0033480525016784,-0.2980019702294519,0.2351557317704893,-9.371472284084556,-0.1480529339395295,-0.0128051349893212,-0.0026283785700798,2.879339046505093,-0.0048480033874511
2025-04-30 01:00:45.145263600,46.636263671875,0.0250874439488596,-0.0010553064057603,0.0163771915345748,0.0047218021936714,-0.0283562376481813,0.9884371368084652,-0.0535940104001852,left,0.0009222626686096,-0.2980019702294519,0.2351557317704893,-9.371472284084556,-0.1480529339395295,-0.0054001626558601,-0.0015267934650182,2.879339046505093,-0.0015408396720886
2025-04-30 01:00:45.185263600,46.676263671875,0.0254740114454151,0.000847841030918,0.0165853891191931,0.0022556781768798,-0.0284506820258814,0.9883857336863676,-0.0537217836599387,left,0.001175045967102,-0.2986256269270744,0.2387326404091902,-9.36958369385898,-0.1483546342105973,-0.0019724562298506,-0.0023461915552616,2.885184849923849,-0.0033600628376007
2025-04-30 01:00:45.225263600,46.716263671875,0.0254740114454151,-0.0010371718090027,0.0165853891191931,0.0024236470926553,-0.0284506820258814,0.9883857336863676,-0.0537217836599387,left,-0.0016551613807678,-0.2986256269270744,0.2387326404091902,-9.36958369385898,-0.1483546342105973,-0.0067850612103939,-0.0003190767019987,2.885184849923849,-0.0019784569740295
2025-04-30 01:00:45.265263900,46.75626391601563,0.0254740114454151,-0.0033926665782928,0.0165853891191931,0.0041249147616326,-0.0284506820258814,0.9883857336863676,-0.0537217836599387,left,-0.0015790462493896,-0.2986256269270744,0.2387326404091902,-9.36958369385898,-0.1483546342105973,-0.0044555524364113,0.001590808853507,2.885184849923849,-0.0021466016769409
2025-04-30 01:00:45.305263900,46.796263916015626,0.0254740114454151,-0.0053592850454151,0.0165853891191931,0.0026441062800586,-0.0284506820258814,0.9883857336863676,-0.0537217836599387,left,-0.0018121004104614,-0.2986256269270744,0.2387326404091902,-9.36958369385898,-0.1483546342105973,0.0003850301727652,0.0007938500493764,2.885184849923849,-0.0021561980247497
2025-04-30 01:00:45.345263600,46.836263671875,0.0254740114454151,-0.0073259035125374,0.0165853891191931,0.0011632975656539,-0.0284506820258814,0.9883857336863676,-0.0537217836599387,left,-0.0020451545715332,-0.2986256269270744,0.2387326404091902,-9.36958369385898,-0.1483546342105973,0.0052256127819418,-3.108754754e-06,2.885184849923849,-0.0021658241748809
2025-04-30 01:00:45.385263600,46.876263671875,0.0254632826866019,0.0012057460844516,0.0166370257405795,-0.0022768415510654,-0.0288148512816732,0.9883617278894448,-0.0544587254243794,left,-0.000636875629425,-0.2988074850451733,0.2386187499722465,-9.36906171581149,-0.1484385466515227,-0.0117779513821005,-0.0032355841249227,2.886889315754175,-0.0017531216144561
2025-04-30 01:00:45.425263600,46.916263671875,0.0254632826866019,0.003778864396736,0.0166370257405795,-0.0012318942463025,-0.0288148512816732,0.9883617278894448,-0.0544587254243794,left,0.0003498792648315,-0.2988074850451733,0.2386187499722465,-9.36906171581149,-0.1484385466515227,-0.0022156024351716,-0.0038211550563573,2.886889315754175,-0.0045684278011322
2025-04-30 01:00:45.465263600,46.956263671875,0.0254732225972814,-0.0027302063535898,0.0166548957485529,0.00088051345665,-0.0288783198830769,0.98833771937953,-0.0545831034689433,left,-0.000852882862091,-0.2991046784161636,0.2386900251101702,-9.368201299589872,-0.1485842432092765,-0.0057472032494843,-0.0028193872421979,2.889674562558532,-0.0038640201091766
2025-04-30 01:00:45.505263900,46.99626391601562,0.0254732225972814,-0.0092392759397625,0.0166548957485529,0.0029929210431873,-0.0288783198830769,0.98833771937953,-0.0545831034689433,left,-0.0019679069519042,-0.2991046784161636,0.2386900251101702,-9.368201299589872,-0.1485842432092765,-0.0092788040637969,-0.0018103457987308,2.889674562558532,-0.0028755962848663
2025-04-30 01:00:45.545263900,47.03626391601563,0.0254732225972814,-0.0058716749772429,0.0166548957485529,0.0047470196150243,-0.0288783198830769,0.98833771937953,-0.0545831034689433,left,-0.0009714365005493,-0.2991046784161636,0.2386900251101702,-9.368201299589872,-0.1485842432092765,0.0012555578723549,-0.0023258198052644,2.889674562558532,-0.0011231005191802
2025-04-30 01:00:45.585263600,47.076263671875,0.0254732225972814,0.0043328059837222,0.0166548957485529,-0.005469171795994,-0.0288783198830769,0.98833771937953,-0.0545831034689433,left,0.0020989775657653,-0.2991046784161636,0.2386900251101702,-9.368201299589872,-0.1485842432092765,0.0065294066444039,-0.0029557906091213,2.889674562558532,-0.0015630424022674
2025-04-30 01:00:45.625263600,47.116263671875,0.0254732225972814,0.009380136616528,0.0166548957485529,-0.0104654040187597,-0.0288783198830769,0.98833771937953,-0.0545831034689433,left,0.0002248287200927,-0.2991046784161636,0.2386900251101702,-9.368201299589872,-0.1485842432092765,0.0070302137173712,-0.0016641076654195,2.889674562558532,-0.0036838054656982
2025-04-30 01:00:45.665263600,47.156263671875,0.0254732225972814,0.0064650690183043,0.0166548957485529,0.000254119746387,-0.0288783198830769,0.98833771937953,-0.0545831034689433,left,-0.001865267753601,-0.2991046784161636,0.2386900251101702,-9.368201299589872,-0.1485842432092765,0.004084013402462,-0.0019214618951082,2.889674562558532,-0.005958467721939
2025-04-30 01:00:45.705263600,47.196263671875,0.0254732225972814,-0.0103244101628661,0.0166548957485529,0.003494375385344,-0.0288783198830769,0.98833771937953,-0.0545831034689433,left,-0.0020182728767395,-0.2991046784161636,0.2386900251101702,-9.368201299589872,-0.1485842432092765,0.0016876985318958,-0.0013822596520185,2.889674562558532,-0.0078063011169433
2025-04-30 01:00:45.745263900,47.23626391601562,0.0254732225972814,-0.0192393511533737,0.0166548957485529,-0.0016318494454026,-0.0288783198830769,0.98833771937953,-0.0545831034689433,left,0.0020185708999633,-0.2991046784161636,0.2386900251101702,-9.368201299589872,-0.1485842432092765,0.0025814408436417,-0.0023104809224605,2.889674562558532,-0.0058415532112121
2025-04-30 01:00:45.785263900,47.27626391601562,0.0249300494408097,-0.0071265315636992,0.0164753834190704,-0.0004369303351268,-0.0294730485150426,0.9883632789642158,-0.0558726839094036,left,0.0001097917556762,-0.2985689241433442,0.2336399751789867,-9.369875954803824,-0.1483167132087485,0.0010490124113857,-0.0006998255848884,2.884653227265179,0.0007104277610778
2025-04-30 01:00:45.825263600,47.316263671875,0.0249300494408097,0.0091224936768412,0.0164753834190704,-0.0108931651338934,-0.0294730485150426,0.9883632789642158,-0.0558726839094036,left,-0.0016787052154541,-0.2985689241433442,0.2336399751789867,-9.369875954803824,-0.1483167132087485,0.0057854694314301,-0.0034792423248291,2.884653227265179,-0.0017069280147552
2025-04-30 01:00:45.865263600,47.356263671875,0.0246956464122632,0.0161139722913503,0.016313655157924,0.0039292518049478,-0.02918027803751,0.9884012965217374,-0.0553185048845093,left,-0.0071844458580017,-0.2981932661697478,0.2314703943212516,-9.371012849879264,-0.1481390269108493,-0.0037180972285568,-0.0020181387662887,2.881132067401707,-0.0003113448619842
2025-04-30 01:00:45.905263600,47.396263671875,0.0246956464122632,0.0093309124931693,0.016313655157924,0.0006760444957762,-0.02918027803751,0.9884012965217374,-0.0553185048845093,left,-0.0034911632537841,-0.2981932661697478,0.2314703943212516,-9.371012849879264,-0.1481390269108493,0.0022752690128982,-0.0015972889959812,2.881132067401707,-0.0015815198421478
2025-04-30 01:00:45.945263600,47.436263671875,0.0246956464122632,0.0025478531606495,0.016313655157924,-0.0025771625805646,-0.02918027803751,0.9884012965217374,-0.0553185048845093,left,0.0002020597457885,-0.2981932661697478,0.2314703943212516,-9.371012849879264,-0.1481390269108493,0.0082686338573694,-0.0011764410883188,2.881132067401707,-0.0028517246246337
2025-04-30 01:00:45.985263900,47.476263916015625,0.0248559127031778,0.0029717264696955,0.0163444093352306,-0.0030279904603958,-0.0288666788899952,0.9884075077728705,-0.0546596996762989,left,0.0019912719726562,-0.2982209516517926,0.2329702592238783,-9.370895945501326,-0.1481557607349918,0.0015339199453592,-0.0036671943962574,2.881391595120728,-0.001734048128128
2025-04-30 01:00:46.025263900,47.516263916015625,0.0248559127031778,0.005224818829447,0.0163444093352306,-0.0036717636976391,-0.0288666788899952,0.9884075077728705,-0.0546596996762989,left,-0.0020142793655395,-0.2982209516517926,0.2329702592238783,-9.370895945501326,-0.1481557607349918,-0.0089705325663089,-0.0044758468866348,2.881391595120728,-0.0019300580024719
2025-04-30 01:00:46.065263900,47.55626391601562,0.024710524850536,-0.0012994492426514,0.0162513527760767,0.0044574188068509,-0.0286803069945687,0.9883818631419712,-0.0543008212201385,left,-0.0025883316993713,-0.2986513658965349,0.2315771791639737,-9.369688907799125,-0.1483734993014359,-0.0046270745806396,-0.0052003245800733,2.8854259652033445,-0.0044005811214447
2025-04-30 01:00:46.105263600,47.596263671875,0.024710524850536,-0.010623188689351,0.0162513527760767,0.0087127219885587,-0.0286803069945687,0.9883818631419712,-0.0543008212201385,left,-0.003018319606781,-0.2986513658965349,0.2315771791639737,-9.369688907799125,-0.1483734993014359,0.0129065606743097,-0.0045096483081579,2.8854259652033445,-0.0082229077816009
2025-04-30 01:00:46.145263600,47.636263671875,0.0254866985647871,-0.0090178418904542,0.0166652149786231,0.0245442818850278,-0.0289827178435529,0.988408514247526,-0.0548009071690782,left,-0.0015929341316223,-0.2981107400340509,0.2388893470745533,-9.371064872327446,-0.148090992077034,0.0072254855185747,-0.0019398257136344,2.880358452680707,-0.0057018399238586
2025-04-30 01:00:46.185263600,47.676263671875,0.0254866985647871,-0.0034846956841647,0.0166652149786231,0.0042684432119131,-0.0289827178435529,0.988408514247526,-0.0548009071690782,left,0.0025907158851623,-0.2981107400340509,0.2388893470745533,-9.371064872327446,-0.148090992077034,-0.0055279601365327,-0.0020331144332885,2.880358452680707,-0.0032213032245635
2025-04-30 01:00:46.225263600,47.716263671875,0.0254866985647871,0.0022418303415179,0.0166652149786231,0.0034729519393295,-0.0289827178435529,0.988408514247526,-0.0548009071690782,left,0.0010128617286682,-0.2981107400340509,0.2388893470745533,-9.371064872327446,-0.148090992077034,-0.0056571629829704,-0.0008034203201532,2.880358452680707,-0.0030482113361358
2025-04-30 01:00:46.265263900,47.75626391601563,0.0261312963485535,-0.0024695438332855,0.0170008832350109,0.0024507762864232,-0.0291075101961176,0.9883661950429208,-0.0549526834510621,left,-0.0003153681755065,-0.2985759376602993,0.2448948163007386,-9.36956791176796,-0.1483102839113897,-0.0104284416884183,-0.0001752134412527,2.8847189859777687,-0.0035355389118194
2025-04-30 01:00:46.305263900,47.796263916015626,0.0261312963485535,-0.0095121003687381,0.0170008832350109,0.0064421263523399,-0.0291075101961176,0.9883661950429208,-0.0549526834510621,left,-0.0004751086235046,-0.2985759376602993,0.2448948163007386,-9.36956791176796,-0.1483102839113897,-0.0122093940153718,-0.0006896499544382,2.8847189859777687,-0.0028414726257324
2025-04-30 01:00:46.345263600,47.836263671875,0.0262403432345413,-0.0089070126414299,0.0171190716653604,-0.0006328071467578,-0.0294738775695222,0.9882899013324996,-0.0556699236900081,left,0.001685619354248,-0.2994454429809648,0.2458506374545395,-9.36703050224483,-0.1487322907229051,-0.0045474711805582,-0.000554971396923,2.8928675133809447,-0.0008788108825683
2025-04-30 01:00:46.385263600,47.876263671875,0.0262403432345413,0.002746844664216,0.0171190716653604,-0.0065705250017344,-0.0294738775695222,0.9882899013324996,-0.0556699236900081,left,0.0007103085517883,-0.2994454429809648,0.2458506374545395,-9.36703050224483,-0.1487322907229051,6.93993642926e-05,-0.0013246610760688,2.8928675133809447,-0.0003218948841094
2025-04-30 01:00:46.425263600,47.916263671875,0.0262403432345413,0.0116780092939734,0.0171190716653604,-0.0075960559770464,-0.0294738775695222,0.9882899013324996,-0.0556699236900081,left,0.0011163353919982,-0.2994454429809648,0.2458506374545395,-9.36703050224483,-0.1487322907229051,0.0012217723997309,-0.0022579450160264,2.8928675133809447,-0.0019892454147338
2025-04-30 01:00:46.465263600,47.956263671875,0.0256244672285397,0.0054642288014292,0.0167714813248358,-0.0048149391077458,-0.0291471837283704,0.9883095959088396,-0.0551021987287144,left,-0.0011385083198547,-0.2993638528198323,0.2400877082799561,-9.367416286692023,-0.1487057955392931,8.51829536259e-05,-0.0024246349930763,2.8921032510101794,-0.00456103682518
2025-04-30 01:00:46.505263900,47.99626391601562,0.0256244672285397,0.0007973383180797,0.0167714813248358,-0.0029416701290756,-0.0291471837283704,0.9883095959088396,-0.0551021987287144,left,-2.0682811737e-05,-0.2993638528198323,0.2400877082799561,-9.367416286692023,-0.1487057955392931,-0.0007335589616559,-0.0043318942189216,2.8921032510101794,-0.0038548111915588
2025-04-30 01:00:46.545263900,48.03626391601563,0.0256244672285397,-0.000514991232194,0.0167714813248358,-0.0026497947983443,-0.0291471837283704,0.9883095959088396,-0.0551021987287144,left,-0.0025233626365661,-0.2993638528198323,0.2400877082799561,-9.367416286692023,-0.1487057955392931,0.0028146058320999,-0.0026423167437314,2.8921032510101794,-0.00392946600914
2025-04-30 01:00:46.585263600,48.076263671875,0.0256244672285397,0.0013494363520294,0.0167714813248358,0.0002575644757598,-0.0291471837283704,0.9883095959088396,-0.0551021987287144,left,0.0030626058578491,-0.2993638528198323,0.2400877082799561,-9.367416286692023,-0.1487057955392931,0.002169749001041,-0.0058329422026872,2.8921032510101794,-0.003490924835205
2025-04-30 01:00:46.625263600,48.116263671875,0.0256244672285397,0.0035800044424831,0.0167714813248358,0.0003054751723539,-0.0291471837283704,0.9883095959088396,-0.0551021987287144,left,-0.0048809051513671,-0.2993638528198323,0.2400877082799561,-9.367416286692023,-0.1487057955392931,0.0069276597350835,-0.0053504966199398,2.8921032510101794,-0.0046893954277038
2025-04-30 01:00:46.665263600,48.156263671875,0.0256244672285397,0.0107927042990922,0.0167714813248358,0.0076558855362236,-0.0291471837283704,0.9883095959088396,-0.0551021987287144,left,-0.0011038780212402,-0.2993638528198323,0.2400877082799561,-9.367416286692023,-0.1487057955392931,-0.0069954507052898,-0.0062630362808704,2.8921032510101794,-0.0012584030628204
2025-04-30 01:00:46.705263600,48.196263671875,0.0256244672285397,0.0066284108906984,0.0167714813248358,-0.0025338563136756,-0.0291471837283704,0.9883095959088396,-0.0551021987287144,left,0.0035979151725769,-0.2993638528198323,0.2400877082799561,-9.367416286692023,-0.1487057955392931,-0.0084545267745852,-0.0053210761398077,2.8921032510101794,-0.0055665969848632
2025-04-30 01:00:46.745263900,48.23626391601562,0.0256307495284056,0.0030792118050158,0.0167158953310031,0.0090989433228969,-0.0287437017054081,0.9883080990570016,-0.0542832010447721,left,-0.0014392733573913,-0.2995407058953609,0.240133447117824,-9.366903076472878,-0.1487999754082671,-0.0002520624548196,-0.003027169033885,2.8937603705674406,-0.0031997561454772
2025-04-30 01:00:46.785263900,48.27626391601562,0.0260356059756168,-0.0045056082308292,0.0169373870937595,0.0087705627083778,-0.0289039514194978,0.9882893217787914,-0.0545451581053728,left,-0.0006402730941772,-0.2996959661448117,0.2439139703035354,-9.366355963984132,-0.1488686648027872,-0.0016214351635426,-0.0012062098830938,2.895214953289926,-0.003213882446289
2025-04-30 01:00:46.825263600,48.316263671875,0.0260356059756168,-0.0120904278010129,0.0169373870937595,0.0084421820938587,-0.0289039514194978,0.9882893217787914,-0.0545451581053728,left,0.0002145767211914,-0.2996959661448117,0.2439139703035354,-9.366355963984132,-0.1488686648027872,-0.0029908078722655,0.0010002497583627,2.895214953289926,-0.0030796527862548
2025-04-30 01:00:46.865263600,48.356263671875,0.0263146278905148,-0.007664447184652,0.0171270496680698,-0.0066615501418709,-0.0292457320364084,0.9882561424159148,-0.0551922225216033,left,0.0050625205039978,-0.299982316188435,0.2465055576993152,-9.365458138361571,-0.1490006050933312,-0.0021677694749087,-0.0019547138363122,2.8978979087635874,-0.0016278624534606
2025-04-30 01:00:46.905263600,48.396263671875,0.0263146278905148,0.0009614215232431,0.0171270496680698,-0.0041611948981881,-0.0292457320364084,0.9882561424159148,-0.0551922225216033,left,-0.0015134215354919,-0.299982316188435,0.2465055576993152,-9.365458138361571,-0.1490006050933312,0.0052538495510816,-0.0009198449552059,2.8978979087635874,-0.0026575028896331
2025-04-30 01:00:46.945263600,48.436263671875,0.0263146278905148,0.0078155072405934,0.0171270496680698,0.0113161588087677,-0.0292457320364084,0.9882561424159148,-0.0551922225216033,left,-0.0015200972557067,-0.299982316188435,0.2465055576993152,-9.365458138361571,-0.1490006050933312,0.008793412707746,-0.00087296590209,2.8978979087635874,-0.0042124688625335
2025-04-30 01:00:46.985263900,48.476263916015625,0.0263146278905148,-0.00154017098248,0.0171270496680698,-0.0038292808458209,-0.0292457320364084,0.9882561424159148,-0.0551922225216033,left,0.0020210146903991,-0.299982316188435,0.2465055576993152,-9.365458138361571,-0.1490006050933312,-0.0034749275073409,-0.0004892870783805,2.8978979087635874,-0.0045996904373168
2025-04-30 01:00:47.025263900,48.516263916015625,0.0263146278905148,-0.0007731686346232,0.0171270496680698,0.0003919997252523,-0.0292457320364084,0.9882561424159148,-0.0551922225216033,left,0.0001153349876403,-0.299982316188435,0.2465055576993152,-9.365458138361571,-0.1490006050933312,-0.0036278588231652,-0.0021311324089765,2.8978979087635874,-0.0051546692848205
2025-04-30 01:00:47.065263900,48.55626391601562,0.0263146278905148,-0.0024065296165645,0.0171270496680698,-0.0022351993247866,-0.0292457320364084,0.9882561424159148,-0.0551922225216033,left,-0.0002995133399963,-0.299982316188435,0.2465055576993152,-9.365458138361571,-0.1490006050933312,-0.0009803492575883,-0.0021146927028894,2.8978979087635874,-0.0016331076622009
2025-04-30 01:00:47.105263600,48.596263671875,0.0263146278905148,-0.0004142688121646,0.0171270496680698,-0.0035286110360175,-0.0292457320364084,0.9882561424159148,-0.0551922225216033,left,0.0006588697433471,-0.299982316188435,0.2465055576993152,-9.365458138361571,-0.1490006050933312,0.0004354957491159,-0.0020394250750541,2.8978979087635874,-0.0017077922821044
2025-04-30 01:00:47.145263600,48.636263671875,0.0263146278905148,0.0015779917594045,0.0171270496680698,-0.0048220227472484,-0.0292457320364084,0.9882561424159148,-0.0551922225216033,left,0.0016172528266906,-0.299982316188435,0.2465055576993152,-9.365458138361571,-0.1490006050933312,0.0018513407558202,-0.001964159309864,2.8978979087635874,-0.001782476902008
2025-04-30 01:00:47.185263600,48.676263671875,0.0263146278905148,0.0046972371637821,0.0171270496680698,-0.0037641297094523,-0.0292457320364084,0.9882561424159148,-0.0551922225216033,left,1.22189521789e-05,-0.299982316188435,0.2465055576993152,-9.365458138361571,-0.1490006050933312,0.0055053671821951,-0.0020235534757375,2.8978979087635874,-0.002626359462738
2025-04-30 01:00:47.225263600,48.716263671875,0.0258622466026331,0.0048671220429241,0.016858955812135,-0.0062469150871038,-0.0289731228131967,0.9883205273383704,-0.0547150477100348,left,-0.0012634992599487,-0.2992649820492604,0.2423224815947003,-9.367644250229,-0.1486567445003438,0.0104847885668277,-0.0023799575865268,2.891176491554081,-0.0045973658561706
2025-04-30 01:00:47.265263900,48.75626391601563,0.0258622466026331,0.0002253325656056,0.016858955812135,-0.0010572406463325,-0.0289731228131967,0.9883205273383704,-0.0547150477100348,left,-0.0027530789375305,-0.2992649820492604,0.2423224815947003,-9.367644250229,-0.1486567445003438,0.0053675048984587,-0.0028060004115104,2.891176491554081,-0.0065191388130187
2025-04-30 01:00:47.305263900,48.796263916015626,0.0256060797182972,-0.0033408058807253,0.0167300847792497,0.000731210457161,-0.0289797523440413,0.9883602552942145,-0.0547714607853232,left,-0.0017387866973876,-0.2987503073774279,0.2399608487635851,-9.36919264871478,-0.1484056194334913,0.0018107516225427,-0.0025144014507532,2.8863533091813323,-0.005265861749649
2025-04-30 01:00:47.345263600,48.836263671875,0.0256060797182972,-0.0033449148759245,0.0167300847792497,0.0031860368326306,-0.0289797523440413,0.9883602552942145,-0.0547714607853232,left,0.0007916092872619,-0.2987503073774279,0.2399608487635851,-9.36919264871478,-0.1484056194334913,-0.0016360231675207,-0.0013133268803358,2.8863533091813323,-0.003116101026535
2025-04-30 01:00:47.385263600,48.876263671875,0.0256060797182972,-0.001079871552065,0.0167300847792497,0.0009115634020417,-0.0289797523440413,0.9883602552942145,-0.0547714607853232,left,-0.0003460645675659,-0.2987503073774279,0.2399608487635851,-9.36919264871478,-0.1484056194334913,-0.0003637069603428,-0.0020265188068151,2.8863533091813323,-0.0027064383029937
2025-04-30 01:00:47.425263600,48.916263671875,0.0256060797182972,0.0011851720046252,0.0167300847792497,-0.0013629102613776,-0.0289797523440413,0.9883602552942145,-0.0547714607853232,left,-0.0014837384223937,-0.2987503073774279,0.2399608487635851,-9.36919264871478,-0.1484056194334913,0.0009086092468351,-0.0027397107332944,2.8863533091813323,-0.0022968053817749
2025-04-30 01:00:47.465263600,48.956263671875,0.0256060797182972,0.0027074143290519,0.0167300847792497,-0.0006331240292638,-0.0289797523440413,0.9883602552942145,-0.0547714607853232,left,-0.0042134523391723,-0.2987503073774279,0.2399608487635851,-9.36919264871478,-0.1484056194334913,0.0013207343872636,-0.0045676846057176,2.8863533091813323,-0.0029967129230499
2025-04-30 01:00:47.505263900,48.99626391601562,0.0256060797182972,0.0107651343569159,0.0167300847792497,0.0184761751443147,-0.0289797523440413,0.9883602552942145,-0.0547714607853232,left,-0.0043978691101074,-0.2987503073774279,0.2399608487635851,-9.36919264871478,-0.1484056194334913,-0.0089930230751633,-0.0028570685535669,2.8863533091813323,-0.0035146474838256
2025-04-30 01:00:47.545263900,49.03626391601563,0.0256060797182972,-0.002326893620193,0.0167300847792497,0.0050873979926109,-0.0289797523440413,0.9883602552942145,-0.0547714607853232,left,0.0032312273979187,-0.2987503073774279,0.2399608487635851,-9.36919264871478,-0.1484056194334913,-0.0139838811010122,-0.0022877659648656,2.8863533091813323,-0.0048987567424774
2025-04-30 01:00:47.585263600,49.076263671875,0.0261460461784334,-0.0026504108682274,0.0170095423181048,0.0029626751784235,-0.0290596489258795,0.9883131234164396,-0.0548470855817371,left,0.0011495947837829,-0.2993072838553086,0.244977800142765,-9.367453111571074,-0.1486724041106266,-0.0015149600803852,-0.0006842780858278,2.8915730896562337,-0.0014073252677917
2025-04-30 01:00:47.625263600,49.116263671875,0.0261460461784334,0.0011262986809015,0.0170095423181048,-0.0014588760677725,-0.0290596489258795,0.9883131234164396,-0.0548470855817371,left,0.0006599426269531,-0.2993072838553086,0.244977800142765,-9.367453111571074,-0.1486724041106266,0.0021736694034188,-0.0009738933295011,2.8915730896562337,-0.0004693269729614
2025-04-30 01:00:47.665263600,49.156263671875,0.0261460461784334,0.0054957019165158,0.0170095423181048,-0.0048280516639351,-0.0290596489258795,0.9883131234164396,-0.0548470855817371,left,-0.0003983378410339,-0.2993072838553086,0.244977800142765,-9.367453111571074,-0.1486724041106266,-0.0037121784407645,-0.0003187581896781,2.8915730896562337,-0.0005341470241546
2025-04-30 01:00:47.705263600,49.196263671875,0.0261460461784334,0.0034006293863058,0.0170095423181048,-0.0040236203931272,-0.0290596489258795,0.9883131234164396,-0.0548470855817371,left,-0.0010501146316528,-0.2993072838553086,0.244977800142765,-9.367453111571074,-0.1486724041106266,0.0039727576076984,-0.0006072260439395,2.8915730896562337,-0.0030455887317657
2025-04-30 01:00:47.745263900,49.23626391601562,0.0261460461784334,0.0013055568560957,0.0170095423181048,-0.0032191891223192,-0.0290596489258795,0.9883131234164396,-0.0548470855817371,left,-0.0017019510269165,-0.2993072838553086,0.244977800142765,-9.367453111571074,-0.1486724041106266,0.0116576943546533,-0.0008956957608461,2.8915730896562337,-0.0055570006370544
2025-04-30 01:00:47.785263900,49.27626391601562,0.0261460461784334,-9.50420508161e-05,0.0170095423181048,0.0010315007530152,-0.0290596489258795,0.9883131234164396,-0.0548470855817371,left,-0.0020820498466491,-0.2993072838553086,0.244977800142765,-9.367453111571074,-0.1486724041106266,0.0078923739492893,-0.0013569258153438,2.8915730896562337,-0.0051508545875549
2025-04-30 01:00:47.825263600,49.316263671875,0.0261460461784334,-0.0011391317239031,0.0170095423181048,-0.0136248506605625,-0.0290596489258795,0.9883131234164396,-0.0548470855817371,left,0.0002129673957824,-0.2993072838553086,0.244977800142765,-9.367453111571074,-0.1486724041106266,-0.0029110927134752,-0.0045521240681409,2.8915730896562337,-0.0047335922718048
2025-04-30 01:00:47.865263600,49.356263671875,0.0252753245789424,0.0089200912043452,0.0165404365811729,-0.0080578718334436,-0.0287446381148742,0.9883350422779658,-0.0543414502660102,left,-0.0011420845985412,-0.2992076898621758,0.2368285420872271,-9.367950539699196,-0.1486400263584731,-0.008979657664895,-0.0057185441255569,2.890639900459349,-0.0034093856811523
2025-04-30 01:00:47.905263600,49.396263671875,0.0251581332092399,0.0114559028297662,0.0164440258141197,-0.0048913466744124,-0.0284547108367696,0.98832006699872,-0.0537696231743025,left,0.000118613243103,-0.2995317711471889,0.2357071185755543,-9.367041608160733,-0.1488065698538426,-0.0129124261438846,-0.0071091223508119,2.893676491676271,-0.0033541321754455
2025-04-30 01:00:47.945263600,49.436263671875,0.0251581332092399,0.0045244023203849,0.0164440258141197,-0.0019894356373697,-0.0284547108367696,0.98832006699872,-0.0537696231743025,left,-0.0009030103683471,-0.2995317711471889,0.2357071185755543,-9.367041608160733,-0.1488065698538426,-0.0099700167775154,-0.005925890058279,2.893676491676271,-0.0040171146392822
2025-04-30 01:00:47.985263900,49.476263916015625,0.0251581332092399,-0.0030798879452049,0.0164440258141197,0.0053088767454028,-0.0284547108367696,0.98832006699872,-0.0537696231743025,left,-0.0012351870536804,-0.2995317711471889,0.2357071185755543,-9.367041608160733,-0.1488065698538426,-0.0033689481206238,-0.0050934515893459,2.893676491676271,-0.0039218962192535
2025-04-30 01:00:48.025263900,49.516263916015625,0.0251581332092399,-0.0106841772794723,0.0164440258141197,0.0126071888953447,-0.0284547108367696,0.98832006699872,-0.0537696231743025,left,-0.0015673637390136,-0.2995317711471889,0.2357071185755543,-9.367041608160733,-0.1488065698538426,0.0032321200706064,-0.0042610131204128,2.893676491676271,-0.0038266479969024
2025-04-30 01:00:48.065263900,49.55626391601562,0.0256976711343801,-0.0120946345850825,0.0167622716619267,0.0150113236159086,-0.0287981441245234,0.9882690771952064,-0.0543789662768454,left,-0.0019052624702453,-0.3000359539604083,0.2407234306339174,-9.365452877664566,-0.1490429665199844,-0.0018375334329903,-0.0043103843927383,2.898400305327773,-0.0019373595714569
2025-04-30 01:00:48.105263600,49.596263671875,0.0263326249847954,-0.0096017830073833,0.0171125295745847,0.0176762584596872,-0.0290602401666617,0.9882315903772818,-0.0548105089276319,left,-0.0008047819137573,-0.300382355290163,0.2466435779305174,-9.364294355279206,-0.1492012992925551,-0.0059233237989246,-0.000573992729187,2.901645570859313,-0.0022308230400085
2025-04-30 01:00:48.145263600,49.636263671875,0.0263326249847954,-0.0119675826281309,0.0171125295745847,0.0129778943955898,-0.0290602401666617,0.9882315903772818,-0.0548105089276319,left,0.0024309158325195,-0.300382355290163,0.2466435779305174,-9.364294355279206,-0.1492012992925551,0.0019876412115991,0.0016415286809206,2.901645570859313,-0.0030634999275207
2025-04-30 01:00:48.185263600,49.676263671875,0.0270380582712849,-0.0157138314098119,0.0175244763248687,0.0045604715123772,-0.0295334004213337,0.9882136272441404,-0.0556616866337544,left,0.0009899139404296,-0.3003736116722556,0.2532500817897729,-9.364142964109778,-0.1491792806786077,0.0016446589725092,0.0032483525574207,2.901563445533812,-0.0015952885150909
2025-04-30 01:00:48.225263600,49.716263671875,0.0270380582712849,-0.0107107190415263,0.0175244763248687,0.0025506007950752,-0.0295334004213337,0.9882136272441404,-0.0556616866337544,left,0.001156747341156,-0.3003736116722556,0.2532500817897729,-9.364142964109778,-0.1491792806786077,-0.0044851405546069,0.0030059777200222,2.901563445533812,-0.0003838837146759
2025-04-30 01:00:48.265263900,49.75626391601563,0.026888355698816,-0.0050510480068624,0.0175314442960291,-0.0026015646290034,-0.0300538991367119,0.9881947894506,-0.0567372026078298,left,0.0001901388168334,-0.3004286175816922,0.2518439413188956,-9.364021383556723,-0.1491992672647919,0.0084602534770965,0.0034333765506744,2.902078701579571,-0.0015963315963745
2025-04-30 01:00:48.305263900,49.796263916015626,0.0266648288177054,0.0044084205292165,0.0174004771079963,-0.0034072482958436,-0.0299414154784694,0.9882364683113892,-0.0565477565451456,left,-0.0032760500907897,-0.299936266737328,0.2497888902189209,-9.365504900112748,-0.1489609718732775,0.0028386767953634,0.0021172519773244,2.8974665316089987,-0.0006317496299743
2025-04-30 01:00:48.345263600,49.836263671875,0.0266648288177054,0.0138678885996341,0.0174004771079963,-0.0042129317298531,-0.0299414154784694,0.9882364683113892,-0.0565477565451456,left,-0.0068934559822082,-0.299936266737328,0.2497888902189209,-9.365504900112748,-0.1489609718732775,-0.0027828989550471,0.0005915649235248,2.8974665316089987,-0.0001374781131744
2025-04-30 01:00:48.385263600,49.876263671875,0.0265353780311735,0.0140994172543287,0.0172773025769984,-0.0092879263684153,-0.0295392068505948,0.9882496284546918,-0.0557533091938441,left,0.0007086396217346,-0.299933342692841,0.2485767562164925,-9.365545232123136,-0.148968338433976,-0.0168378632515668,-0.0012438464909791,2.897439059080184,-0.0030288398265838
2025-04-30 01:00:48.425263600,49.916263671875,0.0265353780311735,0.0021286541596055,0.0172773025769984,-0.0097309863194823,-0.0295392068505948,0.9882496284546918,-0.0557533091938441,left,0.0018516182899475,-0.299933342692841,0.2485767562164925,-9.365545232123136,-0.148968338433976,-0.0043517351150512,-0.0027757175266742,2.897439059080184,-0.0059050023555755
2025-04-30 01:00:48.465263600,49.956263671875,0.0258225489879014,0.0011756063904613,0.0169008556734704,-0.01176561973989,-0.0293028485844641,0.9882401050933316,-0.0553799696833193,left,0.000142753124237,-0.300215668379699,0.2418795236001722,-9.36490225804448,-0.1491215281140332,0.0006472184322774,-0.0030628759413957,2.9000840206310152,-0.0038672983646392
2025-04-30 01:00:48.505263900,49.99626391601562,0.0258225489879014,0.002382295904681,0.0169008556734704,-0.0127094704657793,-0.0293028485844641,0.9882401050933316,-0.0553799696833193,left,-0.0016760826110839,-0.300215668379699,0.2418795236001722,-9.36490225804448,-0.1491215281140332,-0.0036308681592345,-0.0054178666323423,2.9000840206310152,-0.0017445683479309
2025-04-30 01:00:48.545263900,50.03626391601563,0.0248630348899275,0.0050317412242293,0.0164130346382466,-0.0091655757278203,-0.0291347759862399,0.9882456051880536,-0.0551840302526773,left,-0.0016790628433227,-0.3002870095158401,0.2328885174908675,-9.36492330083251,-0.1491724341734565,-0.0020592007786035,-0.0034636184573173,2.900752421411872,-0.0030356049537658
2025-04-30 01:00:48.585263600,50.076263671875,0.0248630348899275,0.0055098691955208,0.0164130346382466,-0.0072933319024741,-0.0291347759862399,0.9882456051880536,-0.0551840302526773,left,-0.0002278685569763,-0.3002870095158401,0.2328885174908675,-9.36492330083251,-0.1491724341734565,0.0052091511897742,-0.0056684594601392,2.900752421411872,-0.0066355764865875
2025-04-30 01:00:48.625263600,50.116263671875,0.0243906279729029,-0.0007782774046063,0.0161571074082923,0.0051044314168393,-0.0289942489492188,0.98829338248045,-0.0549753397816888,left,-0.0043296217918396,-0.2997399179047066,0.2285031054808758,-9.366617245268822,-0.1489106421140479,0.0118648195639252,-0.0026264190673828,2.89562674896121,-0.0078080892562866
2025-04-30 01:00:48.665263600,50.156263671875,0.0243906279729029,-0.0040974263101816,0.0161571074082923,0.003409935394302,-0.0289942489492188,0.98829338248045,-0.0549753397816888,left,-0.0020529627799987,-0.2997399179047066,0.2285031054808758,-9.366617245268822,-0.1489106421140479,-0.0008726986125111,-0.0048304535448551,2.89562674896121,-0.0056576430797576
2025-04-30 01:00:48.705263600,50.196263671875,0.0243906279729029,-0.0023562056012451,0.0161571074082923,0.0036077452823519,-0.0289942489492188,0.98829338248045,-0.0549753397816888,left,-0.0012434124946594,-0.2997399179047066,0.2285031054808758,-9.366617245268822,-0.1489106421140479,-0.0087602380663156,-0.0032182298600673,2.89562674896121,-0.0033977329730987
2025-04-30 01:00:48.745263900,50.23626391601562,0.0243906279729029,0.0046455366536974,0.0161571074082923,0.003492996096611,-0.0289942489492188,0.98829338248045,-0.0549753397816888,left,0.0006179809570312,-0.2997399179047066,0.2285031054808758,-9.366617245268822,-0.1489106421140479,-0.0100393341854214,-0.0027269981801509,2.89562674896121,-0.0020419657230377
2025-04-30 01:00:48.785263900,50.27626391601562,0.0248332086523023,0.0056104715913534,0.0163789819678611,0.003484125714749,-0.0290077033695269,0.9882523932062868,-0.0549316842970385,left,-0.000398576259613,-0.3002479142265529,0.2326120021044276,-9.365043127819895,-0.1491556245195886,-0.0069700125604867,-0.001713428646326,2.900386218447983,-0.0040483772754669
2025-04-30 01:00:48.825263600,50.316263671875,0.0248332086523023,-0.0037179319187998,0.0163789819678611,-4.82480973005e-05,-0.0290077033695269,0.9882523932062868,-0.0549316842970385,left,9.90033149719e-05,-0.3002479142265529,0.2326120021044276,-9.365043127819895,-0.1491556245195886,-0.0058457111008465,-0.0001697838306427,2.900386218447983,-0.0029656887054443
2025-04-30 01:00:48.865263600,50.356263671875,0.0248332086523023,-0.0061272410675883,0.0163789819678611,-0.0033247403334826,-0.0290077033695269,0.9882523932062868,-0.0549316842970385,left,0.0006361603736877,-0.3002479142265529,0.2326120021044276,-9.365043127819895,-0.1491556245195886,-0.0015142224729061,-0.0006772391498088,2.900386218447983,-0.0018780827522277
2025-04-30 01:00:48.905263600,50.396263671875,0.0248332086523023,0.0019386699423193,0.0163789819678611,-0.0030086406040936,-0.0290077033695269,0.9882523932062868,-0.0549316842970385,left,0.0004544854164123,-0.3002479142265529,0.2326120021044276,-9.365043127819895,-0.1491556245195886,0.0064198886975646,-0.002641936764121,2.900386218447983,-0.0023604929447174
2025-04-30 01:00:48.945263600,50.436263671875,0.0248332086523023,0.0040833763778209,0.0163789819678611,-0.002481507603079,-0.0290077033695269,0.9882523932062868,-0.0549316842970385,left,-0.0011110305786132,-0.3002479142265529,0.2326120021044276,-9.365043127819895,-0.1491556245195886,0.0034592188894748,-0.0023072101175785,2.900386218447983,-0.0034913122653961
2025-04-30 01:00:48.985263900,50.476263916015625,0.0248332086523023,0.0023170278873294,0.0163789819678611,0.0029789740219712,-0.0290077033695269,0.9882523932062868,-0.0549316842970385,left,-0.0013518929481506,-0.3002479142265529,0.2326120021044276,-9.365043127819895,-0.1491556245195886,-0.0030991910025477,-0.0014849361032247,2.900386218447983,-0.0040091574192047
2025-04-30 01:00:49.025263900,50.516263916015625,0.0248332086523023,-0.002248367993161,0.0163789819678611,0.0026454466860741,-0.0290077033695269,0.9882523932062868,-0.0549316842970385,left,-0.0016739964485168,-0.3002479142265529,0.2326120021044276,-9.365043127819895,-0.1491556245195886,-0.0008241748437285,-0.0012708697468042,2.900386218447983,-0.0037869215011596
2025-04-30 01:00:49.065263900,50.55626391601562,0.0248332086523023,-0.0068137627094984,0.0163789819678611,0.002311919350177,-0.0290077033695269,0.9882523932062868,-0.0549316842970385,left,-0.001996099948883,-0.3002479142265529,0.2326120021044276,-9.365043127819895,-0.1491556245195886,0.00145084108226,-0.0010568015277385,2.900386218447983,-0.0035646855831146
2025-04-30 01:00:49.105263600,50.596263671875,0.0248332086523023,-0.0009490340016782,0.0163789819678611,-0.0038114613853394,-0.0290077033695269,0.9882523932062868,-0.0549316842970385,left,-6.30021095275e-05,-0.3002479142265529,0.2326120021044276,-9.365043127819895,-0.1491556245195886,0.0100041981786489,-0.0023670177906751,2.900386218447983,-0.0067049860954284
2025-04-30 01:00:49.145263600,50.636263671875,0.0247588494681993,0.0061631668359041,0.016373842974611,0.0104070752859115,-0.029264432314158,0.9882941958148508,-0.0554678357396103,left,-0.0065325498580932,-0.2995922246728198,0.231962653083913,-9.366959775096175,-0.1488282933664341,-0.0013981470838189,-0.0006540417671203,2.894242893387377,-0.0003959834575653
2025-04-30 01:00:49.185263600,50.676263671875,0.0252444578266439,0.0105424616485834,0.0165910849408116,0.0026613702066242,-0.0291237464744863,0.988271244576718,-0.0551072630086879,left,0.0018897652626037,-0.2999166067506979,0.2364876014287583,-9.365907051172853,-0.1489844764444493,-0.017786830663681,-0.0032888799905776,2.8972821149528025,-0.0029570460319519
2025-04-30 01:00:49.225263600,50.716263671875,0.0252982667527555,0.0084936004132032,0.0165938865008831,-0.000601713778451,-0.028932170716161,0.9882409436811,-0.0547073962911849,left,0.0014828443527221,-0.3003939000682681,0.2369565523810684,-9.36451062837839,-0.1492228683730994,-0.0072028692811727,-0.001935264095664,2.901753707408905,-0.0036500096321105
2025-04-30 01:00:49.265263900,50.75626391601563,0.0252982667527555,0.0038512046448886,0.0165938865008831,0.0024311272427439,-0.028932170716161,0.9882409436811,-0.0547073962911849,left,-0.0006382465362548,-0.3003939000682681,0.2369565523810684,-9.36451062837839,-0.1492228683730994,-0.0027478332631289,-0.0011446177959442,2.901753707408905,-0.0037411749362945
2025-04-30 01:00:49.305263900,50.796263916015626,0.0252982667527555,-0.0055649955756962,0.0165938865008831,0.0027300708461552,-0.028932170716161,0.9882409436811,-0.0547073962911849,left,-0.0016515254974365,-0.3003939000682681,0.2369565523810684,-9.36451062837839,-0.1492228683730994,-0.0004211287014186,-0.0006786249577999,2.901753707408905,-0.0032734870910644
2025-04-30 01:00:49.345263600,50.836263671875,0.0252982667527555,-0.0023535541258752,0.0165938865008831,-3.23376152664e-05,-0.028932170716161,0.9882409436811,-0.0547073962911849,left,-0.0010122060775756,-0.3003939000682681,0.2369565523810684,-9.36451062837839,-0.1492228683730994,0.0045023076236248,-0.001337431371212,2.901753707408905,-0.0034414529800415
2025-04-30 01:00:49.385263600,50.876263671875,0.0252982667527555,0.0008578873239457,0.0165938865008831,-0.0027947463095188,-0.028932170716161,0.9882409436811,-0.0547073962911849,left,-0.0003728866577148,-0.3003939000682681,0.2369565523810684,-9.36451062837839,-0.1492228683730994,0.0094257434830069,-0.001996237784624,2.901753707408905,-0.0036094486713409
2025-04-30 01:00:49.425263600,50.916263671875,0.0252982667527555,0.0061036371625959,0.0165938865008831,0.0051615657284855,-0.028932170716161,0.9882409436811,-0.0547073962911849,left,-0.0022859573364257,-0.3003939000682681,0.2369565523810684,-9.36451062837839,-0.1492228683730994,0.0079623702913522,-0.0013597477227449,2.901753707408905,-0.0053482949733734
2025-04-30 01:00:49.465263600,50.956263671875,0.0252982667527555,-0.0010720309801399,0.0165938865008831,-0.00190538354218,-0.028932170716161,0.9882409436811,-0.0547073962911849,left,0.0001004338264465,-0.3003939000682681,0.2369565523810684,-9.36451062837839,-0.1492228683730994,-0.0018601985648274,-0.0032999496906995,2.901753707408905,-0.0062132775783538
2025-04-30 01:00:49.505263900,50.99626391601562,0.0252982667527555,-0.0009673290187492,0.0165938865008831,0.0009249199647456,-0.028932170716161,0.9882409436811,-0.0547073962911849,left,-0.0012036561965942,-0.3003939000682681,0.2369565523810684,-9.36451062837839,-0.1492228683730994,-0.0046069133095443,-0.0022316426038742,2.901753707408905,-0.0045498609542846
2025-04-30 01:00:49.545263900,51.03626391601563,0.0252982667527555,0.000799335190095,0.0165938865008831,0.0032491129823029,-0.028932170716161,0.9882409436811,-0.0547073962911849,left,0.0001823902130126,-0.3003939000682681,0.2369565523810684,-9.36451062837839,-0.1492228683730994,-0.0002897651866078,-0.0012189727276563,2.901753707408905,-0.0036966502666473
2025-04-30 01:00:49.585263600,51.076263671875,0.0252982667527555,0.0007565519190393,0.0165938865008831,0.0027583166956901,-0.028932170716161,0.9882409436811,-0.0547073962911849,left,-0.0016402602195739,-0.3003939000682681,0.2369565523810684,-9.36451062837839,-0.1492228683730994,-0.0026611746288836,-0.0013041663914918,2.901753707408905,-0.0033113360404968
2025-04-30 01:00:49.625263600,51.116263671875,0.0252982667527555,-0.002107250271365,0.0165938865008831,-0.0009391633793711,-0.028932170716161,0.9882409436811,-0.0547073962911849,left,0.0005093812942504,-0.3003939000682681,0.2369565523810684,-9.36451062837839,-0.1492228683730994,-0.0023770385887473,-0.0014910046011209,2.901753707408905,-0.0025204718112945
2025-04-30 01:00:49.665263600,51.156263671875,0.0252982667527555,-0.0013142458628863,0.0165938865008831,-0.0017292607808485,-0.028932170716161,0.9882409436811,-0.0547073962911849,left,0.0009205937385559,-0.3003939000682681,0.2369565523810684,-9.36451062837839,-0.1492228683730994,0.0006180955097079,-0.0023578461259603,2.901753707408905,-0.0020846426486968
2025-04-30 01:00:49.705263600,51.196263671875,0.0252982667527555,0.0026589545886963,0.0165938865008831,-0.0021629186812788,-0.028932170716161,0.9882409436811,-0.0547073962911849,left,-0.0001869201660156,-0.3003939000682681,0.2369565523810684,-9.36451062837839,-0.1492228683730994,0.0053375735878944,-0.0031437035650014,2.901753707408905,-0.0020122528076171
2025-04-30 01:00:49.745263900,51.23626391601562,0.0252982667527555,0.0031744295265525,0.0165938865008831,-0.003320513293147,-0.028932170716161,0.9882409436811,-0.0547073962911849,left,-0.001025915145874,-0.3003939000682681,0.2369565523810684,-9.36451062837839,-0.1492228683730994,0.0031067221425473,-0.0038074329495429,2.901753707408905,-0.0036538839340209
2025-04-30 01:00:49.785263900,51.27626391601562,0.0252982667527555,0.0012674148892983,0.0165938865008831,0.0021798540838062,-0.028932170716161,0.9882409436811,-0.0547073962911849,left,-0.0010427832603454,-0.3003939000682681,0.2369565523810684,-9.36451062837839,-0.1492228683730994,0.0048297988250851,-0.0031871236860752,2.901753707408905,-0.0066139698028564
2025-04-30 01:00:49.825263600,51.316263671875,0.0255783633058712,-0.0063473130576312,0.0167262737927601,0.0061411689966917,-0.0289779919160769,0.9882991084660177,-0.0547649238373322,left,-0.0015221238136291,-0.299574641848303,0.2396402385070919,-9.366817736276984,-0.1488134662891731,0.0073385876603424,-0.0036492776125669,2.8940783504754304,-0.00616055727005
2025-04-30 01:00:49.865263600,51.356263671875,0.0255783633058712,-0.0130391512066125,0.0167262737927601,0.0043867398053407,-0.0289779919160769,0.9882991084660177,-0.0547649238373322,left,-0.0023660063743591,-0.299574641848303,0.2396402385070919,-9.366817736276984,-0.1488134662891731,0.00318902451545,-0.0044152867048978,2.8940783504754304,-0.0066570937633514
2025-04-30 01:00:49.905263600,51.396263671875,0.0259107960753903,-0.0070561626926064,0.0169417338441362,0.005260445177555,-0.0293657452247192,0.9883069105260778,-0.0555020732830855,left,0.0014726519584655,-0.2992876599814686,0.2427755591244436,-9.36756709333956,-0.1486605987066264,-0.0018363404087722,-0.0053817145526409,2.891389257521927,-0.0040739178657531
2025-04-30 01:00:49.945263600,51.436263671875,0.0263177157322638,0.002691457979381,0.0171537310641024,0.0204428415745496,-0.0294659479945657,0.9882989740464588,-0.0556433537282215,left,-0.0045902132987976,-0.2993203181579819,0.2465849065458402,-9.367373032072186,-0.1486695420153293,-0.0057318499311804,-0.0008888486772775,2.8916952547311783,-0.0044475197792053
2025-04-30 01:00:49.985263900,51.476263916015625,0.0275784706361194,0.0037856807466596,0.0177655523799736,0.0270351991057395,-0.0294536504999817,0.9882613368449412,-0.0554249882021182,left,0.0006890892982482,-0.2997191070269685,0.2583628582262434,-9.365901205953955,-0.1488499630561163,-0.0148860178887844,0.0007665082812309,2.8954318109109995,-0.0041809976100921
2025-04-30 01:00:50.025263900,51.516263916015625,0.0281435521499695,-0.0075100371614098,0.0180624000066213,0.0025135036557912,-0.0295651600150598,0.9882093772827036,-0.0555596265559896,left,0.0050787329673767,-0.3003188194267682,0.2636064031692222,-9.364016122859717,-0.149136783535899,-0.013164147734642,0.0010481961071491,2.901050235314667,-0.0029883384704589
2025-04-30 01:00:50.065263900,51.55626391601562,0.0281435521499695,0.0010883584618568,0.0180624000066213,-0.0021137590520083,-0.0295651600150598,0.9882093772827036,-0.0555596265559896,left,0.0019494891166687,-0.3003188194267682,0.2636064031692222,-9.364016122859717,-0.149136783535899,-0.0048400638625025,0.0007256064563989,2.901050235314667,0.0011234283447265
2025-04-30 01:00:50.105263600,51.596263671875,0.0281435521499695,0.0062509798444807,0.0180624000066213,-0.0030753670725971,-0.0295651600150598,0.9882093772827036,-0.0555596265559896,left,0.0016229152679443,-0.3003188194267682,0.2636064031692222,-9.364016122859717,-0.149136783535899,0.0030624261125922,0.0001359898597002,2.901050235314667,0.0006789863109588
2025-04-30 01:00:50.145263600,51.636263671875,0.0282023227990412,0.0072698141448199,0.0180520965485476,-0.0056977570056915,-0.0292974716580383,0.9882061348876116,-0.0550075521897691,left,0.000650405883789,-0.3004645921496271,0.2641448026285506,-9.36357831596434,-0.1492129246114258,0.008998779579997,0.0007414724677801,2.90241597070992,-0.0022118389606475
2025-04-30 01:00:50.185263600,51.676263671875,0.0282023227990412,0.0069839884527027,0.0180520965485476,-0.0102336723357439,-0.0292974716580383,0.9882061348876116,-0.0550075521897691,left,0.0010828971862792,-0.3004645921496271,0.2641448026285506,-9.36357831596434,-0.1492129246114258,0.0124308383092284,-0.0008183922618627,2.90241597070992,-0.0027384757995605
2025-04-30 01:00:50.225263600,51.716263671875,0.0275341887510267,0.0056680873967707,0.0176718723517603,-0.0158481802791357,-0.0289648696328294,0.9882676211018004,-0.0544413986982276,left,-0.0003398656845092,-0.2998323300734978,0.2579390798562206,-9.365584979611636,-0.1489152776367095,0.0105226738378405,-0.0025841929018497,2.896492718140781,-0.0058316588401794
2025-04-30 01:00:50.265263900,51.75626391601563,0.0271304156905545,0.0031853090040385,0.0174449108448615,-0.0064443303272128,-0.0287914651107012,0.9883127740932658,-0.0541560671874967,left,-0.0013302564620971,-0.2993315669681877,0.2541968063216656,-9.367136885228753,-0.148676128065416,0.0063397386111319,-0.0038044732064008,2.8918004686713217,-0.0069258511066436
2025-04-30 01:00:50.305263900,51.796263916015626,0.0271304156905545,-0.0011684508062899,0.0174449108448615,-0.0075853071175515,-0.0287914651107012,0.9883127740932658,-0.0541560671874967,left,-0.0011405944824218,-0.2993315669681877,0.2541968063216656,-9.367136885228753,-0.148676128065416,5.9783924371e-05,-0.004014927893877,2.8918004686713217,-0.0058885812759399
2025-04-30 01:00:50.345263600,51.836263671875,0.0271304156905545,0.0010026600211858,0.0174449108448615,-0.0024967174977064,-0.0287914651107012,0.9883127740932658,-0.0541560671874967,left,-0.0002633929252624,-0.2993315669681877,0.2541968063216656,-9.367136885228753,-0.148676128065416,-0.0049603111110627,-0.0053277015686035,2.8918004686713217,-0.0039743185043334
2025-04-30 01:00:50.385263600,51.876263671875,0.0271304156905545,0.0035753156989812,0.0174449108448615,-0.0029658894054591,-0.0287914651107012,0.9883127740932658,-0.0541560671874967,left,0.0001516342163085,-0.2993315669681877,0.2541968063216656,-9.367136885228753,-0.148676128065416,-0.0072412360459566,-0.0043789763003587,2.8918004686713217,-0.0015565752983093
2025-04-30 01:00:50.425263600,51.916263671875,0.0267582094496417,0.0005030736792832,0.0172385526393352,9.84005164355e-05,-0.0285736136814338,0.9882817273522436,-0.0537662385665879,left,-0.0009623169898986,-0.2998645251162815,0.2506690157880075,-9.365689024508,-0.1489482382476719,-0.0046187238767743,-0.0023003034293651,2.896794331435859,-0.0043023824691772
2025-04-30 01:00:50.465263600,51.956263671875,0.0267582094496417,-0.0014339942717924,0.0172385526393352,0.0005235549178905,-0.0285736136814338,0.9882817273522436,-0.0537662385665879,left,-0.0003355741500854,-0.2998645251162815,0.2506690157880075,-9.365689024508,-0.1489482382476719,-0.0022208583541214,-0.0021628811955451,2.896794331435859,-0.0031624436378479
2025-04-30 01:00:50.505263900,51.99626391601562,0.0267582094496417,-0.0033710626885294,0.0172385526393352,0.0009487093193456,-0.0285736136814338,0.9882817273522436,-0.0537662385665879,left,0.0002912282943725,-0.2998645251162815,0.2506690157880075,-9.365689024508,-0.1489482382476719,0.0001770071685314,-0.00202545709908,2.896794331435859,-0.0020224750041961
2025-04-30 01:00:50.545263900,52.03626391601563,0.0267582094496417,0.0010698013938963,0.0172385526393352,-0.0015528398798778,-0.0285736136814338,0.9882817273522436,-0.0537662385665879,left,-0.0010491013526916,-0.2998645251162815,0.2506690157880075,-9.365689024508,-0.1489482382476719,-0.0008939915569499,-0.0019487272948026,2.896794331435859,-0.00232395529747
2025-04-30 01:00:50.585263600,52.076263671875,0.0267582094496417,0.0008291729609481,0.0172385526393352,-0.000438233371824,-0.0285736136814338,0.9882817273522436,-0.0537662385665879,left,-0.0014004707336425,-0.2998645251162815,0.2506690157880075,-9.365689024508,-0.1489482382476719,-0.0033754538744688,-0.0018602274358272,2.896794331435859,-0.0023732781410217
2025-04-30 01:00:50.625263600,52.116263671875,0.0267582094496417,5.513429641723633e-07,0.0172385526393352,0.0003237901837565,-0.0285736136814338,0.9882817273522436,-0.0537662385665879,left,-0.0003551840782165,-0.2998645251162815,0.2506690157880075,-9.365689024508,-0.1489482382476719,-0.002251787809655,-0.0019103214144706,2.896794331435859,-0.0043387115001678
2025-04-30 01:00:50.665263600,52.156263671875,0.0265826943745862,-0.004007005598396,0.0171827511602853,0.0016390397213399,-0.0287665520632918,0.9882780566678536,-0.0541832406665861,left,-0.0013522505760192,-0.2998542360799437,0.2490259795550256,-9.3657626742661,-0.1489420770464316,-0.0001393074635416,-0.0011154673993587,2.896697885324061,-0.0031235516071319
2025-04-30 01:00:50.705263600,52.196263671875,0.0265826943745862,-0.0080145634710788,0.0171827511602853,0.002954289317131,-0.0287665520632918,0.9882780566678536,-0.0541832406665861,left,-0.0023568868637084,-0.2998542360799437,0.2490259795550256,-9.3657626742661,-0.1489420770464316,0.0019731726497411,-0.0004881583154201,2.896697885324061,-0.0019181966781616
2025-04-30 01:00:50.745263900,52.23626391601562,0.0265826943745862,0.0051361946389079,0.0171827511602853,-0.0063614463433623,-0.0287665520632918,0.9882780566678536,-0.0541832406665861,left,0.0030505657196044,-0.2998542360799437,0.2490259795550256,-9.3657626742661,-0.1489420770464316,-8.24220478534e-05,-0.0031324028968811,2.896697885324061,-0.0027800500392913
2025-04-30 01:00:50.785263900,52.27626391601562,0.0265826943745862,0.0201514810323715,0.0171827511602853,0.0020108241587877,-0.0287665520632918,0.9882780566678536,-0.0541832406665861,left,-0.0026437044143676,-0.2998542360799437,0.2490259795550256,-9.3657626742661,-0.1489420770464316,-0.0019501094939187,-0.0008031167089939,2.896697885324061,-0.0024877488613128
2025-04-30 01:00:50.825263600,52.316263671875,0.026665793712799,0.007631067186594,0.0172039442005578,0.0011789097916334,-0.028606408029355,0.9882487546532468,-0.053842488085862,left,-0.0009682178497314,-0.3003016015068557,0.2497696923281065,-9.364445746448636,-0.1491648922690979,-0.0048036305233836,-0.0012865215539932,2.9008889072731137,-0.0036123096942901
2025-04-30 01:00:50.865263600,52.356263671875,0.026665793712799,-0.0048893466591835,0.0172039442005578,0.0003469953080639,-0.028606408029355,0.9882487546532468,-0.053842488085862,left,0.0008416175842285,-0.3003016015068557,0.2497696923281065,-9.364445746448636,-0.1491648922690979,-0.0076571512036025,-0.0016940906643867,2.9008889072731137,-0.0043095350265502
2025-04-30 01:00:50.905263600,52.396263671875,0.026665793712799,-0.0052928985096514,0.0172039442005578,0.0017872651806101,-0.028606408029355,0.9882487546532468,-0.053842488085862,left,3.45110893249e-05,-0.3003016015068557,0.2497696923281065,-9.364445746448636,-0.1491648922690979,-0.0009148470126092,-0.0024464223533868,2.9008889072731137,-0.0001153051853179
2025-04-30 01:00:50.945263600,52.436263671875,0.026665793712799,0.0026565245352685,0.0172039442005578,0.0021424889564514,-0.028606408029355,0.9882487546532468,-0.053842488085862,left,0.0008686184883117,-0.3003016015068557,0.2497696923281065,-9.364445746448636,-0.1491648922690979,0.0010833896230906,-0.0020516235381364,2.9008889072731137,0.0007778704166412
2025-04-30 01:00:50.985263900,52.476263916015625,0.026665793712799,0.0018669611308723,0.0172039442005578,-0.001585827441886,-0.028606408029355,0.9882487546532468,-0.053842488085862,left,-0.0010244846343994,-0.3003016015068557,0.2497696923281065,-9.364445746448636,-0.1491648922690979,0.0068685850128531,-0.0004319585859775,2.9008889072731137,-0.0021388530731201
2025-04-30 01:00:51.025263900,52.516263916015625,0.026665793712799,-0.0018229901324957,0.0172039442005578,-0.0074624856933951,-0.028606408029355,0.9882487546532468,-0.053842488085862,left,0.0021626949310302,-0.3003016015068557,0.2497696923281065,-9.364445746448636,-0.1491648922690979,0.0104684922844171,-0.0019748676568269,2.9008889072731137,-0.004651516675949
2025-04-30 01:00:51.065263900,52.55626391601562,0.026665793712799,-0.0030770506709814,0.0172039442005578,0.000687051564455,-0.028606408029355,0.9882487546532468,-0.053842488085862,left,-0.0027078390121459,-0.3003016015068557,0.2497696923281065,-9.364445746448636,-0.1491648922690979,0.013305808417499,-2.67624855041e-05,2.9008889072731137,-0.0056016147136688
2025-04-30 01:00:51.105263600,52.596263671875,0.026665793712799,-0.0018537036376073,0.0172039442005578,-0.0007887567626312,-0.028606408029355,0.9882487546532468,-0.053842488085862,left,-0.001582384109497,-0.3003016015068557,0.2497696923281065,-9.364445746448636,-0.1491648922690979,0.0036342944949865,-0.0014613009989261,2.9008889072731137,-0.004409909248352
2025-04-30 01:00:51.145263600,52.636263671875,0.026665793712799,0.0036612679250538,0.0172039442005578,-0.0033508320339024,-0.028606408029355,0.9882487546532468,-0.053842488085862,left,-0.0016284584999084,-0.3003016015068557,0.2497696923281065,-9.364445746448636,-0.1491648922690979,-0.0051811812445521,-0.0015253536403179,2.9008889072731137,-0.004730612039566
2025-04-30 01:00:51.185263600,52.676263671875,0.0263117859165854,0.005238402634859,0.0170056570236248,-0.0040835170075297,-0.0284545274291043,0.9882839296985944,-0.0535920259726507,left,0.0003864169120788,-0.2999196938868158,0.2464837294599972,-9.365640509191154,-0.1489833546972848,-0.0077021718025207,-0.0027964562177658,2.897311048786342,-0.0057615637779235
2025-04-30 01:00:51.225263600,52.716263671875,0.0263117859165854,0.0015884379390627,0.0170056570236248,-0.0040527787059545,-0.0284545274291043,0.9882839296985944,-0.0535920259726507,left,-0.0008116960525512,-0.2999196938868158,0.2464837294599972,-9.365640509191154,-0.1489833546972848,-0.009131234139204,-0.0018745679408311,2.897311048786342,-0.0043181777000427
2025-04-30 01:00:51.265263900,52.75626391601563,0.0259478837545246,-0.0024680464994162,0.0168443826177504,-0.0036274197045713,-0.0285292824138145,0.9882635867673524,-0.0537957285036354,left,-0.000104010105133,-0.3001930410065243,0.2430549788540229,-9.36493732935786,-0.1491219083250401,-0.0051823747344315,-0.0026849452406167,2.899872131446004,-0.0032050311565399
2025-04-30 01:00:51.305263900,52.796263916015626,0.0259478837545246,-0.0065245311707258,0.0168443826177504,-0.0032020604703575,-0.0285292824138145,0.9882635867673524,-0.0537957285036354,left,0.0006753802299499,-0.3001930410065243,0.2430549788540229,-9.36493732935786,-0.1491219083250401,-0.0012335148639976,-0.0038449484854936,2.899872131446004,-0.0018307268619537
2025-04-30 01:00:51.345263600,52.836263671875,0.0253618231614468,-0.0007177372463047,0.0165840451117424,-0.0041026389226317,-0.028658288999341,0.988243196971442,-0.0541429131470419,left,0.0007193684577941,-0.3004637743330636,0.2375465906960889,-9.364293186235429,-0.1492611816586451,-0.0001407223753631,-0.004480181261897,2.902408079664409,-0.0014766752719879
2025-04-30 01:00:51.385263600,52.876263671875,0.0253618231614468,0.0046108574606478,0.0165840451117424,-0.0037401297595351,-0.028658288999341,0.988243196971442,-0.0541429131470419,left,-0.0005683898925781,-0.3004637743330636,0.2375465906960889,-9.364293186235429,-0.1492611816586451,-0.0017097600502893,-0.0038847010582685,2.902408079664409,-0.0010619759559631
2025-04-30 01:00:51.425263600,52.916263671875,0.0253618231614468,-0.0029334826394915,0.0165840451117424,0.0007783465553075,-0.028658288999341,0.988243196971442,-0.0541429131470419,left,-2.21729278564e-05,-0.3004637743330636,0.2375465906960889,-9.364293186235429,-0.1492611816586451,0.0009487118804827,-0.0031959246844053,2.902408079664409,-0.0029384195804595
2025-04-30 01:00:51.465263600,52.956263671875,0.0253618231614468,-0.0104778241366148,0.0165840451117424,0.0052968235686421,-0.028658288999341,0.988243196971442,-0.0541429131470419,left,0.0005240440368652,-0.3004637743330636,0.2375465906960889,-9.364293186235429,-0.1492611816586451,0.0036071841605007,-0.0025071483105421,2.902408079664409,-0.004814863204956
2025-04-30 01:00:51.505263900,52.99626391601562,0.0251524234738265,-0.0172835402190685,0.0165313037755184,0.003184855217114,-0.0289774842800953,0.9882342244548152,-0.0548204198154394,left,-0.0022506713867187,-0.300476937397617,0.2355847525712102,-9.364304292151331,-0.1492650882964203,0.0054910159669816,-0.0011413861066102,2.902531413783133,-0.0038495957851409
2025-04-30 01:00:51.545263900,53.03626391601563,0.0251524234738265,-0.0094754146412014,0.0165313037755184,0.0026108853053301,-0.0289774842800953,0.9882342244548152,-0.0548204198154394,left,0.005305528640747,-0.300476937397617,0.2355847525712102,-9.364304292151331,-0.1492650882964203,0.0058602946810424,-0.0039012487977743,2.902531413783133,-0.0046839118003845
2025-04-30 01:00:51.585263600,53.076263671875,0.0253501973884878,0.0017652520909905,0.0166674881651374,0.0078891767188906,-0.0292754846078445,0.9882509629745616,-0.0553966768453866,left,-0.0043901801109313,-0.300120373409823,0.2374629675332456,-9.365291549623011,-0.1490812127100872,0.0018705991096794,-0.0012547969818115,2.899191163444519,-0.000328779220581
2025-04-30 01:00:51.625263600,53.116263671875,0.026060436654364,0.0102666839957237,0.0169972775481726,0.0100307147949934,-0.0291698104831674,0.9882323572586394,-0.0550736249108642,left,0.0004933476448059,-0.3003515601447395,0.2440970352528616,-9.364450422623753,-0.1491878047359262,-0.0102477632462978,-0.0019232667982578,2.9013571093067525,-0.0016274452209472
2025-04-30 01:00:51.665263600,53.156263671875,0.026060436654364,0.0054183476604521,0.0169972775481726,0.0022396463900804,-0.0291698104831674,0.9882323572586394,-0.0550736249108642,left,0.0028283596038818,-0.3003515601447395,0.2440970352528616,-9.364450422623753,-0.1491878047359262,-0.0007947804406285,-0.0010529700666666,2.9013571093067525,-0.0056110620498657
2025-04-30 01:00:51.705263600,53.196263671875,0.026060436654364,-0.0013123452663421,0.0169972775481726,0.0042742323130369,-0.0291698104831674,0.9882323572586394,-0.0550736249108642,left,-3.64184379577e-05,-0.3003515601447395,0.2440970352528616,-9.364450422623753,-0.1491878047359262,0.0073035070672631,-0.0003554504364728,2.9013571093067525,-0.0057590305805206
2025-04-30 01:00:51.745263900,53.23626391601562,0.026060436654364,-0.0079350229352712,0.0169972775481726,0.0035767948720604,-0.0291698104831674,0.9882323572586394,-0.0550736249108642,left,-0.0015164613723754,-0.3003515601447395,0.2440970352528616,-9.364450422623753,-0.1491878047359262,-0.0015852740034461,0.000123281031847,2.9013571093067525,-0.0034579634666442
2025-04-30 01:00:51.785263900,53.27626391601562,0.026060436654364,-0.0018039783462882,0.0169972775481726,-0.0017547372262924,-0.0291698104831674,0.9882323572586394,-0.0550736249108642,left,-0.000436246395111,-0.3003515601447395,0.2440970352528616,-9.364450422623753,-0.1491878047359262,-0.0102610932663083,-0.0001310799270868,2.9013571093067525,-0.0028328299522399
2025-04-30 01:00:51.825263600,53.316263671875,0.026060436654364,0.0057890014722943,0.0169972775481726,-0.0124787045642733,-0.0291698104831674,0.9882323572586394,-0.0550736249108642,left,0.0032750964164733,-0.3003515601447395,0.2440970352528616,-9.364450422623753,-0.1491878047359262,-0.0038173953071236,-0.0017333328723907,2.9013571093067525,-0.0045336484909057
2025-04-30 01:00:51.865263600,53.356263671875,0.026060436654364,0.0081053506582975,0.0169972775481726,-0.0029630120843648,-0.0291698104831674,0.9882323572586394,-0.0550736249108642,left,-0.0032647252082824,-0.3003515601447395,0.2440970352528616,-9.364450422623753,-0.1491878047359262,0.0023910594172775,-0.0012600626796483,2.9013571093067525,-0.0056475102901458
2025-04-30 01:00:51.905263600,53.396263671875,0.026197366791289,0.0003612269647419,0.0170140955028114,-0.0005740539636462,-0.028848242884328,0.988245695540889,-0.0544027357072608,left,-0.0007440447807312,-0.3002875883840177,0.2453841707202605,-9.364602398315071,-0.1491599133317977,-0.0002506638411432,-0.0030948854982852,2.9007576821088787,-0.0053719282150268
2025-04-30 01:00:51.945263600,53.436263671875,0.026197366791289,-0.0059202169068157,0.0170140955028114,-0.0005968525656498,-0.028848242884328,0.988245695540889,-0.0544027357072608,left,-0.0007568001747131,-0.3002875883840177,0.2453841707202605,-9.364602398315071,-0.1491599133317977,-0.0078757843002676,-0.0022999178618192,2.9007576821088787,-0.0035482048988342
2025-04-30 01:00:51.985263900,53.476263916015625,0.026197366791289,-0.0003588981926441,0.0170140955028114,0.0007572717149741,-0.028848242884328,0.988245695540889,-0.0544027357072608,left,0.0008789300918579,-0.3002875883840177,0.2453841707202605,-9.364602398315071,-0.1491599133317977,-0.00524278357625,-0.003897950053215,2.9007576821088787,-0.0011253058910369
2025-04-30 01:00:52.025263900,53.516263916015625,0.0262828955893038,0.0036638830788433,0.0170497238926002,0.0004213560314383,-0.0287715777107223,0.9882098246924284,-0.0542301356455882,left,0.0005239844322204,-0.3007901042074287,0.2461467708569019,-9.363122973412274,-0.1494084694518348,-0.002193869324401,-0.0032946392893791,2.905464836886525,-0.0021672248840332
2025-04-30 01:00:52.065263900,53.55626391601562,0.0262828955893038,-0.001696559600532,0.0170497238926002,-0.000916265300475,-0.0287715777107223,0.9882098246924284,-0.0542301356455882,left,0.0002235770225524,-0.3007901042074287,0.2461467708569019,-9.363122973412274,-0.1494084694518348,-0.0005455880891531,-0.001937486231327,2.905464836886525,-0.0031737685203552
2025-04-30 01:00:52.105263600,53.596263671875,0.0262828955893038,-0.0071945274248719,0.0170497238926002,-0.0023447880521416,-0.0287715777107223,0.9882098246924284,-0.0542301356455882,left,0.0004633069038391,-0.3007901042074287,0.2461467708569019,-9.363122973412274,-0.1494084694518348,0.0060362806543707,-0.0019073151051998,2.905464836886525,-0.0019870102405548
2025-04-30 01:00:52.145263600,53.636263671875,0.0262828955893038,-0.001162966247648,0.0170497238926002,-0.0028327291365712,-0.0287715777107223,0.9882098246924284,-0.0542301356455882,left,0.0003661513328552,-0.3007901042074287,0.2461467708569019,-9.363122973412274,-0.1494084694518348,0.0081788022071123,-0.0026773996651172,2.905464836886525,-0.001603364944458
2025-04-30 01:00:52.185263600,53.676263671875,0.0262828955893038,0.0065587451681494,0.0170497238926002,0.0004833990242332,-0.0287715777107223,0.9882098246924284,-0.0542301356455882,left,-0.0015345811843872,-0.3007901042074287,0.2461467708569019,-9.363122973412274,-0.1494084694518348,0.0104412864893674,-0.002508457750082,2.905464836886525,-0.0039163827896118
2025-04-30 01:00:52.225263600,53.716263671875,0.0262828955893038,0.0013308650813996,0.0170497238926002,0.0023863115347921,-0.0287715777107223,0.9882098246924284,-0.0542301356455882,left,-0.002094566822052,-0.3007901042074287,0.2461467708569019,-9.363122973412274,-0.1494084694518348,0.0055664754472672,-0.0022888015955686,2.905464836886525,-0.0068947076797485
2025-04-30 01:00:52.265263900,53.75626391601563,0.0261088074528798,-0.00800471752882,0.0169650164301497,0.001227585831657,-0.0288269552303222,0.9882665842767056,-0.0543753759636595,left,-0.0020672082901,-0.3000245353135765,0.244574754033517,-9.36538624216914,-0.1490314208741966,0.0033387069124728,-0.0021520871669054,2.8982933378219604,-0.0071781277656555
2025-04-30 01:00:52.305263900,53.796263916015626,0.0261088074528798,-0.0079142907634377,0.0169650164301497,-0.0021082290913909,-0.0288269552303222,0.9882665842767056,-0.0543753759636595,left,0.0032536387443542,-0.3000245353135765,0.244574754033517,-9.36538624216914,-0.1490314208741966,0.0025656097568571,-0.0039874482899904,2.8982933378219604,-0.0059342980384826
2025-04-30 01:00:52.345263600,53.836263671875,0.0260397803736505,0.0028982460498809,0.0169521981025995,0.0054134624078869,-0.0289970566964887,0.988294268570986,-0.054733864560797,left,-0.0038561820983886,-0.299592560431267,0.2439608781851828,-9.366654070147872,-0.1488159052981613,0.0004923965316265,-0.0023915413767099,2.89424610825777,-0.0034802556037902
2025-04-30 01:00:52.385263600,53.876263671875,0.0260397803736505,0.0101918298751115,0.0169521981025995,0.0096093956381082,-0.0289970566964887,0.988294268570986,-0.054733864560797,left,2.7060508728e-05,-0.299592560431267,0.2439608781851828,-9.366654070147872,-0.1488159052981613,-0.0116198407486081,-0.002160295844078,2.89424610825777,-0.0017956495285034
2025-04-30 01:00:52.425263600,53.916263671875,0.0265821422661372,0.005384876858443,0.017189587834281,0.0017551267519593,-0.0287875240120384,0.9882522423573378,-0.0542226691812582,left,0.0010421276092529,-0.3001904015415619,0.248994908563327,-9.364788860797882,-0.1491078870692479,-0.0087565407156944,-0.0010990425944328,2.899847289265692,-0.0034150779247283
2025-04-30 01:00:52.465263600,53.956263671875,0.0265821422661372,0.0045034075155854,0.017189587834281,0.0015907394699752,-0.0287875240120384,0.9882522423573378,-0.0542226691812582,left,0.0004119277000427,-0.3001904015415619,0.248994908563327,-9.364788860797882,-0.1491078870692479,-0.0029164906591176,-0.0007758643478155,2.899847289265692,-0.0026207566261291
2025-04-30 01:00:52.505263900,53.99626391601562,0.0265821422661372,0.0012251315638422,0.017189587834281,0.0009233301971107,-0.0287875240120384,0.9882522423573378,-0.0542226691812582,left,9.69171524047e-05,-0.3001904015415619,0.248994908563327,-9.364788860797882,-0.1491078870692479,-0.0021759900264441,-0.0012499578297138,2.899847289265692,-0.0021927058696746
2025-04-30 01:00:52.545263900,54.03626391601563,0.0267413783845954,-0.0033162529580295,0.0172489210188748,0.0001106065465137,-0.0286526526171869,0.9882372730145548,-0.0539234704180305,left,-0.0008996725082397,-0.3004304698889069,0.250467501866538,-9.364052947738768,-0.1492267981740562,-0.0001269918866455,-0.0011491738259792,2.902096237236261,-0.0034204721450805
2025-04-30 01:00:52.585263600,54.076263671875,0.0267413783845954,-0.0032089571468532,0.0172489210188748,-0.0022364039905369,-0.0286526526171869,0.9882372730145548,-0.0539234704180305,left,0.0020221471786499,-0.3004304698889069,0.250467501866538,-9.364052947738768,-0.1492267981740562,0.0038148458115756,-0.002018753439188,2.902096237236261,-0.0049836635589599
2025-04-30 01:00:52.625263600,54.116263671875,0.0267413783845954,0.000543104019016,0.0172489210188748,0.0003993234131485,-0.0286526526171869,0.9882372730145548,-0.0539234704180305,left,0.0016037225723266,-0.3004304698889069,0.250467501866538,-9.364052947738768,-0.1492267981740562,0.0041192220523953,-0.002057496458292,2.902096237236261,-0.0047013759613037
2025-04-30 01:00:52.665263600,54.156263671875,0.0267413783845954,0.0042951647192239,0.0172489210188748,0.0030350508168339,-0.0286526526171869,0.9882372730145548,-0.0539234704180305,left,0.0011852979660034,-0.3004304698889069,0.250467501866538,-9.364052947738768,-0.1492267981740562,0.0044235978275537,-0.0020962413400411,2.902096237236261,-0.004419058561325
2025-04-30 01:00:52.705263600,54.196263671875,0.0267413783845954,0.0023062725085765,0.0172489210188748,-0.0034020217135548,-0.0286526526171869,0.9882372730145548,-0.0539234704180305,left,-0.0011441111564636,-0.3004304698889069,0.250467501866538,-9.364052947738768,-0.1492267981740562,-0.000187745783478,-0.0013695079833269,2.902096237236261,-0.0050652921199798
2025-04-30 01:00:52.745263900,54.23626391601562,0.0267413783845954,0.0003280835226178,0.0172489210188748,-0.0002794496249407,-0.0286526526171869,0.9882372730145548,-0.0539234704180305,left,-0.0004609823226928,-0.3004304698889069,0.250467501866538,-9.364052947738768,-0.1492267981740562,-0.0025315792299807,-0.0014859177172183,2.902096237236261,-0.0054693818092346
2025-04-30 01:00:52.785263900,54.27626391601562,0.0267413783845954,-0.002364826388657,0.0172489210188748,-0.0007145635318011,-0.0286526526171869,0.9882372730145548,-0.0539234704180305,left,0.0001540184020996,-0.3004304698889069,0.250467501866538,-9.364052947738768,-0.1492267981740562,-0.0048321625217795,-0.001483155414462,2.902096237236261,-0.0030461251735687
2025-04-30 01:00:52.825263600,54.316263671875,0.0267413783845954,-0.0021108030341565,0.0172489210188748,-0.0003389648045413,-0.0286526526171869,0.9882372730145548,-0.0539234704180305,left,-5.04851341247e-05,-0.3004304698889069,0.250467501866538,-9.364052947738768,-0.1492267981740562,-0.004194526001811,-0.001310221850872,2.902096237236261,-0.0016612410545349
2025-04-30 01:00:52.865263600,54.356263671875,0.0267413783845954,-0.002320592990145,0.0172489210188748,-0.0041377120651304,-0.0286526526171869,0.9882372730145548,-0.0539234704180305,left,0.0012701749801635,-0.3004304698889069,0.250467501866538,-9.364052947738768,-0.1492267981740562,-0.0010373531840741,-0.001731926575303,2.902096237236261,-0.0015317201614379
2025-04-30 01:00:52.905263600,54.396263671875,0.0267413783845954,0.0016945835668593,0.0172489210188748,-0.0042573767714202,-0.0286526526171869,0.9882372730145548,-0.0539234704180305,left,9.17315483093e-05,-0.3004304698889069,0.250467501866538,-9.364052947738768,-0.1492267981740562,0.0024766034912317,-0.0032384563237428,2.902096237236261,-0.0016570687294006
2025-04-30 01:00:52.945263600,54.436263671875,0.0267413783845954,0.0018888297490775,0.0172489210188748,-0.0030538323335349,-0.0286526526171869,0.9882372730145548,-0.0539234704180305,left,-0.0019629001617431,-0.3004304698889069,0.250467501866538,-9.364052947738768,-0.1492267981740562,0.0028354283422231,-0.00226391851902,2.902096237236261,-0.0023498833179473
2025-04-30 01:00:52.985263900,54.476263916015625,0.0267413783845954,0.0026635152753442,0.0172489210188748,0.0021845763549208,-0.0286526526171869,0.9882372730145548,-0.0539234704180305,left,-0.0017616748809814,-0.3004304698889069,0.250467501866538,-9.364052947738768,-0.1492267981740562,0.0030517869163304,-0.0026067290455102,2.902096237236261,-0.0044037699699401
2025-04-30 01:00:53.025263900,54.516263916015625,0.0267413783845954,-0.0027622480411082,0.0172489210188748,0.0040470547974109,-0.0286526526171869,0.9882372730145548,-0.0539234704180305,left,0.0006641149520874,-0.3004304698889069,0.250467501866538,-9.364052947738768,-0.1492267981740562,0.0027398380916565,-0.002244533970952,2.902096237236261,-0.0048215985298156
2025-04-30 01:00:53.065263900,54.55626391601562,0.0267413783845954,-0.0089060300961136,0.0172489210188748,0.0014017252251505,-0.0286526526171869,0.9882372730145548,-0.0539234704180305,left,-0.0017556548118591,-0.3004304698889069,0.250467501866538,-9.364052947738768,-0.1492267981740562,0.0036820613313466,-0.0012559909373521,2.902096237236261,-0.0039141476154327
2025-04-30 01:00:53.105263600,54.596263671875,0.0267413783845954,-0.0045801089145243,0.0172489210188748,-0.0035282340832054,-0.0286526526171869,0.9882372730145548,-0.0539234704180305,left,0.0022231340408325,-0.3004304698889069,0.250467501866538,-9.364052947738768,-0.1492267981740562,0.0015585313085466,-0.0034062061458826,2.902096237236261,-0.0043062269687652
2025-04-30 01:00:53.145263600,54.636263671875,0.0267413783845954,0.0083466358482837,0.0172489210188748,0.0083845313638448,-0.0286526526171869,0.9882372730145548,-0.0539234704180305,left,-0.0040512084960937,-0.3004304698889069,0.250467501866538,-9.364052947738768,-0.1492267981740562,-0.00491788610816,-0.001108456403017,2.902096237236261,-0.0019282400608062
2025-04-30 01:00:53.185263600,54.676263671875,0.0267413783845954,0.0058800028637051,0.0172489210188748,0.0067469715140759,-0.0286526526171869,0.9882372730145548,-0.0539234704180305,left,0.0008640885353088,-0.3004304698889069,0.250467501866538,-9.364052947738768,-0.1492267981740562,-0.0105706695467233,-0.0012822151184082,2.902096237236261,-0.0037677288055419
2025-04-30 01:00:53.225263600,54.716263671875,0.0267413783845954,0.0037826194893568,0.0172489210188748,0.0035682476591318,-0.0286526526171869,0.9882372730145548,-0.0539234704180305,left,0.0004631876945495,-0.3004304698889069,0.250467501866538,-9.364052947738768,-0.1492267981740562,-0.0048944195732474,-0.0012127738445997,2.902096237236261,-0.0031881630420684
2025-04-30 01:00:53.265263900,54.75626391601563,0.0267413783845954,0.0016852358821779,0.0172489210188748,0.0003895238041877,-0.0286526526171869,0.9882372730145548,-0.0539234704180305,left,6.2346458435e-05,-0.3004304698889069,0.250467501866538,-9.364052947738768,-0.1492267981740562,0.0007818294689059,-0.0011433325707912,2.902096237236261,-0.0026085972785949
2025-04-30 01:00:53.305263900,54.796263916015626,0.0267413783845954,0.0005681983893737,0.0172489210188748,0.0001313328102696,-0.0286526526171869,0.9882372730145548,-0.0539234704180305,left,2.47955322265e-05,-0.3004304698889069,0.250467501866538,-9.364052947738768,-0.1492267981740562,0.0002636035787872,-0.000242855399847,2.902096237236261,-0.0017697513103485
2025-04-30 01:00:53.345263600,54.836263671875,0.0267413783845954,-0.0014069298049435,0.0172489210188748,-0.0004497516492847,-0.0286526526171869,0.9882372730145548,-0.0539234704180305,left,-0.0008745789527893,-0.3004304698889069,0.250467501866538,-9.364052947738768,-0.1492267981740562,0.001576947979629,-0.0004157721996307,2.902096237236261,-0.0032050013542175
2025-04-30 01:00:53.385263600,54.876263671875,0.0267413783845954,-0.0009677985799498,0.0172489210188748,-0.0018707029521465,-0.0286526526171869,0.9882372730145548,-0.0539234704180305,left,0.0027514696121215,-0.3004304698889069,0.250467501866538,-9.364052947738768,-0.1492267981740562,0.002802119590342,-0.0021416582167148,2.902096237236261,-0.0046539008617401
2025-04-30 01:00:53.425263600,54.916263671875,0.0267413783845954,0.0027115335687994,0.0172489210188748,0.0022252523340284,-0.0286526526171869,0.9882372730145548,-0.0539234704180305,left,-0.0022192597389221,-0.3004304698889069,0.250467501866538,-9.364052947738768,-0.1492267981740562,0.0096519151702523,-0.0002989284694194,2.902096237236261,-0.0053282082080841
2025-04-30 01:00:53.465263600,54.956263671875,0.0273207684777732,0.0009236732730641,0.0174929998586102,0.0007580234669148,-0.0284684479163536,0.988290025935984,-0.0534697799128912,left,-0.0009657740592956,-0.2997449948985156,0.2559471936529502,-9.36589243812561,-0.14888371659305,0.0032878872007131,-0.002460429444909,2.8956743874952195,-0.0048678517341613
2025-04-30 01:00:53.505263900,54.99626391601562,0.0273207684777732,0.00128882646095,0.0174929998586102,0.0002311781281605,-0.0284684479163536,0.988290025935984,-0.0534697799128912,left,-0.0003502368927001,-0.2997449948985156,0.2559471936529502,-9.36589243812561,-0.14888371659305,-0.0045457147061824,-0.0016395431011915,2.8956743874952195,-0.004310667514801
2025-04-30 01:00:53.545263900,55.03626391601563,0.0273207684777732,-0.0003775145160034,0.0174929998586102,0.0016851826803758,-0.0284684479163536,0.988290025935984,-0.0534697799128912,left,-0.0002647042274475,-0.2997449948985156,0.2559471936529502,-9.36589243812561,-0.14888371659305,-0.0063673872500658,-0.0025187022984027,2.8956743874952195,-0.0034633874893188
2025-04-30 01:00:53.585263600,55.076263671875,0.0273207684777732,-0.000129578373162,0.0174929998586102,0.0005784233799204,-0.0284684479163536,0.988290025935984,-0.0534697799128912,left,0.000455617904663,-0.2997449948985156,0.2559471936529502,-9.36589243812561,-0.14888371659305,-0.0021855467930436,-0.0016249418258666,2.8956743874952195,-0.0029910504817962
2025-04-30 01:00:53.625263600,55.116263671875,0.0273207684777732,-0.0003298983501736,0.0174929998586102,-0.0036248266696929,-0.0284684479163536,0.988290025935984,-0.0534697799128912,left,0.0002608299255371,-0.2997449948985156,0.2559471936529502,-9.36589243812561,-0.14888371659305,0.0021241717040538,-0.001241996884346,2.8956743874952195,-0.0023943781852722
2025-04-30 01:00:53.665263600,55.156263671875,0.0273207684777732,-0.0006789985345676,0.0174929998586102,-0.0054554240778088,-0.0284684479163536,0.988290025935984,-0.0534697799128912,left,0.0004733204841613,-0.2997449948985156,0.2559471936529502,-9.36589243812561,-0.14888371659305,0.0076227947138249,-0.0018051341176033,2.8956743874952195,-0.0017353892326354
2025-04-30 01:00:53.705263600,55.196263671875,0.0273207684777732,0.000986959435977,0.0174929998586102,-0.0042829946614801,-0.0284684479163536,0.988290025935984,-0.0534697799128912,left,-0.0008849501609802,-0.2997449948985156,0.2559471936529502,-9.36589243812561,-0.14888371659305,0.0098149348050355,-0.0023131482303142,2.8956743874952195,-0.0031498074531555
2025-04-30 01:00:53.745263900,55.23626391601562,0.02682742959491,0.0007465219241566,0.0172368445514863,-0.0039943964220583,-0.0283743107623886,0.9883201597673998,-0.0533566415088817,left,-0.0015048384666442,-0.2994207792154778,0.2513517738877796,-9.36695568344295,-0.1487314795187395,0.005221162457019,-0.0030285976827144,2.8926366272345185,-0.0022498965263366
2025-04-30 01:00:53.785263900,55.27626391601562,0.02682742959491,0.0029294516425579,0.0172368445514863,-0.0004001811612397,-0.0283743107623886,0.9883201597673998,-0.0533566415088817,left,-0.0002070665359497,-0.2994207792154778,0.2513517738877796,-9.36695568344295,-0.1487314795187395,0.0016897565219551,-0.0028895735740661,2.8926366272345185,-0.0036127567291259
2025-04-30 01:00:53.825263600,55.316263671875,0.02682742959491,-0.0045513762161135,0.0172368445514863,0.0002282736240886,-0.0283743107623886,0.9883201597673998,-0.0533566415088817,left,-0.000173807144165,-0.2994207792154778,0.2513517738877796,-9.36695568344295,-0.1487314795187395,0.0030795799102634,-0.0024591889232397,2.8926366272345185,-0.0044002532958984
2025-04-30 01:00:53.865263600,55.356263671875,0.02682742959491,-0.0120322043076157,0.0172368445514863,0.0008567284676246,-0.0283743107623886,0.9883201597673998,-0.0533566415088817,left,-0.0001405477523803,-0.2994207792154778,0.2513517738877796,-9.36695568344295,-0.1487314795187395,0.0044694035314023,-0.0020288042724132,2.8926366272345185,-0.0051877796649932
2025-04-30 01:00:53.905263600,55.396263671875,0.0267789854479507,-0.0091170975938439,0.0172449775327504,0.0043502761982381,-0.0286204704148073,0.9883487674589598,-0.0538664996896841,left,0.0016197562217712,-0.2989463986560478,0.2509346992531791,-9.368338662233947,-0.1484933203437334,0.0064627174288034,-0.0021447222679853,2.888191046002507,-0.0032321810722351
2025-04-30 01:00:53.945263600,55.436263671875,0.0267789854479507,0.0006728358566761,0.0172449775327504,0.0018318672664463,-0.0286204704148073,0.9883487674589598,-0.0538664996896841,left,-0.00322026014328,-0.2989463986560478,0.2509346992531791,-9.368338662233947,-0.1484933203437334,0.0098346266895532,-0.0020321924239397,2.888191046002507,-0.0049682557582855
2025-04-30 01:00:53.985263900,55.476263916015625,0.0267789854479507,0.0107204485684633,0.0172449775327504,0.0040457625873386,-0.0286204704148073,0.9883487674589598,-0.0538664996896841,left,-0.0020154118537902,-0.2989463986560478,0.2509346992531791,-9.368338662233947,-0.1484933203437334,-0.0039518931880593,-0.0024542454630136,2.888191046002507,-0.0020571649074554
2025-04-30 01:00:54.025263900,55.516263916015625,0.0267789854479507,0.0047336295247077,0.0172449775327504,-0.0002977917902171,-0.0286204704148073,0.9883487674589598,-0.0538664996896841,left,0.00103759765625,-0.2989463986560478,0.2509346992531791,-9.368338662233947,-0.1484933203437334,-0.0075331274420022,-0.0025846138596534,2.888191046002507,-0.0057836771011352
2025-04-30 01:00:54.065263900,55.55626391601562,0.0267789854479507,0.0001126253046095,0.0172449775327504,0.0011064859572798,-0.0286204704148073,0.9883487674589598,-0.0538664996896841,left,0.0007261633872985,-0.2989463986560478,0.2509346992531791,-9.368338662233947,-0.1484933203437334,-0.0006427569314837,-0.0023207496851682,2.888191046002507,-0.0047345459461212
2025-04-30 01:00:54.105263600,55.596263671875,0.0267789854479507,-0.0017189438221976,0.0172449775327504,0.00199631229043,-0.0286204704148073,0.9883487674589598,-0.0538664996896841,left,5.60879707336e-05,-0.2989463986560478,0.2509346992531791,-9.368338662233947,-0.1484933203437334,0.0006073019467294,-0.0023339185863733,2.888191046002507,-0.0029876828193664
2025-04-30 01:00:54.145263600,55.636263671875,0.0267789854479507,-0.0014907692093402,0.0172449775327504,-0.0001802714541554,-0.0286204704148073,0.9883487674589598,-0.0538664996896841,left,-0.0008746981620788,-0.2989463986560478,0.2509346992531791,-9.368338662233947,-0.1484933203437334,6.87051215209e-05,-0.0012941434979438,2.888191046002507,-0.0036988854408264
2025-04-30 01:00:54.185263600,55.676263671875,0.0267789854479507,0.0005495636723935,0.0172449775327504,0.0004303007153794,-0.0286204704148073,0.9883487674589598,-0.0538664996896841,left,0.0013090372085571,-0.2989463986560478,0.2509346992531791,-9.368338662233947,-0.1484933203437334,0.0013493322767317,-0.0015827938914299,2.888191046002507,-0.0028558373451232
2025-04-30 01:00:54.225263600,55.716263671875,0.0267789854479507,-0.0003545479266904,0.0172449775327504,-0.0006051065865904,-0.0286204704148073,0.9883487674589598,-0.0538664996896841,left,0.0003594756126403,-0.2989463986560478,0.2509346992531791,-9.368338662233947,-0.1484933203437334,0.0083732008934021,-0.0016542468219995,2.888191046002507,-0.0055905282497406
2025-04-30 01:00:54.265263900,55.75626391601563,0.0272709035503563,-0.0018765996210277,0.0174685238103355,0.001379997935146,-0.0285762501786476,0.9883945784490444,-0.0537092709649005,left,-7.59363174438e-05,-0.2983042157612794,0.255593649241235,-9.370065924417972,-0.1481702624329803,0.0038235518150031,-0.002889797091484,2.882172224104404,-0.004973292350769
2025-04-30 01:00:54.305263900,55.796263916015626,0.0272709035503563,0.0002717324532568,0.0174685238103355,-0.0028955596499145,-0.0285762501786476,0.9883945784490444,-0.0537092709649005,left,-0.0010298490524291,-0.2983042157612794,0.255593649241235,-9.370065924417972,-0.1481702624329803,-0.0052764783613383,-0.002300476655364,2.882172224104404,-0.0042334198951721
2025-04-30 01:00:54.345263600,55.836263671875,0.0272709035503563,0.0010495774913579,0.0174685238103355,0.0022920290939509,-0.0285762501786476,0.9883945784490444,-0.0537092709649005,left,-0.000745415687561,-0.2983042157612794,0.255593649241235,-9.370065924417972,-0.1481702624329803,-0.0062916646711528,-0.0018505007028579,2.882172224104404,-0.0051196217536926
2025-04-30 01:00:54.385263600,55.876263671875,0.0272709035503563,5.84498047828e-05,0.0174685238103355,0.0057290773838758,-0.0285762501786476,0.9883945784490444,-0.0537092709649005,left,-0.0004808902740478,-0.2983042157612794,0.255593649241235,-9.370065924417972,-0.1481702624329803,-0.0085834190249443,-7.8335404396e-05,2.882172224104404,-0.002940684556961
2025-04-30 01:00:54.425263600,55.916263671875,0.0274605537720621,-0.0020936836954206,0.0175830374890822,0.0003275196067988,-0.0286913275642229,0.9883537662141876,-0.0539089849457151,left,0.0007086992263793,-0.2987913606309962,0.2573321086727083,-9.368612803000213,-0.1484065637494913,-0.0059341490268707,-0.0005674343556165,2.886738216845691,-0.0016228854656219
2025-04-30 01:00:54.465263600,55.956263671875,0.0274605537720621,-0.0042458171956241,0.0175830374890822,-0.0050740386359393,-0.0286913275642229,0.9883537662141876,-0.0539089849457151,left,0.0020464062690734,-0.2987913606309962,0.2573321086727083,-9.368612803000213,-0.1484065637494913,-0.0032848794944584,-0.0008792504668235,2.886738216845691,0.0001605451107025
2025-04-30 01:00:54.505263900,55.99626391601562,0.0274605537720621,0.0018604407086968,0.0175830374890822,-0.005771969910711,-0.0286913275642229,0.9883537662141876,-0.0539089849457151,left,0.000568687915802,-0.2987913606309962,0.2573321086727083,-9.368612803000213,-0.1484065637494913,0.0022384021431207,-0.0020947698503732,2.886738216845691,0.001049518585205
2025-04-30 01:00:54.545263900,56.03626391601563,0.0274605537720621,0.0053427908569574,0.0175830374890822,-0.0009184125810861,-0.0286913275642229,0.9883537662141876,-0.0539089849457151,left,-0.0003806352615356,-0.2987913606309962,0.2573321086727083,-9.368612803000213,-0.1484065637494913,0.0083816479891538,-0.0028474368155002,2.886738216845691,-0.0020110607147216
2025-04-30 01:00:54.585263600,56.076263671875,0.0274605537720621,-0.0009259786456823,0.0175830374890822,0.0016610014718025,-0.0286913275642229,0.9883537662141876,-0.0539089849457151,left,-0.0010501146316528,-0.2987913606309962,0.2573321086727083,-9.368612803000213,-0.1484065637494913,0.008184915408492,-0.0021856129169464,2.886738216845691,-0.005076915025711
2025-04-30 01:00:54.625263600,56.116263671875,0.0274605537720621,-0.009070748463273,0.0175830374890822,0.0010761669836938,-0.0286913275642229,0.9883537662141876,-0.0539089849457151,left,-0.0013647079467773,-0.2987913606309962,0.2573321086727083,-9.368612803000213,-0.1484065637494913,0.0099285431206226,-0.0021997056901454,2.886738216845691,-0.0072534680366516
2025-04-30 01:00:54.665263600,56.156263671875,0.0275710712547899,-0.0065738260746002,0.0176582817034539,0.0031583227682858,-0.0288827909331759,0.9883913274947952,-0.0542855570936374,left,0.0017967224121093,-0.2982012412681219,0.2584144057503901,-9.370285704648492,-0.1481099947924898,0.0064300615340471,-0.0037749130278825,2.8812068862035867,-0.0044346451759338
2025-04-30 01:00:54.705263600,56.196263671875,0.0275710712547899,-0.000678121112287,0.0176582817034539,0.0029034761246293,-0.0288827909331759,0.9883913274947952,-0.0542855570936374,left,-0.0032094717025756,-0.2982012412681219,0.2584144057503901,-9.370285704648492,-0.1481099947924898,0.0026441549416631,-0.0034496039152145,2.8812068862035867,-0.0040713548660278
2025-04-30 01:00:54.745263900,56.23626391601562,0.0275710712547899,0.0101455403491854,0.0176582817034539,0.0158546138554811,-0.0288827909331759,0.9883913274947952,-0.0542855570936374,left,-0.0019240379333496,-0.2982012412681219,0.2584144057503901,-9.370285704648492,-0.1481099947924898,-0.0130213480442762,-0.0026035904884338,2.8812068862035867,-0.0014534592628479
2025-04-30 01:00:54.785263900,56.27626391601562,0.0283972079816683,0.0061917542479932,0.0180381633507779,0.004622558131814,-0.0287254666353686,0.9883622320769524,-0.0538395808901917,left,0.0032635331153869,-0.2985795518022799,0.2661244869373738,-9.368978713703155,-0.1482890503904491,-0.0122052868828177,-0.0022184159606695,2.8847528882473705,-0.0042608082294464
2025-04-30 01:00:54.825263600,56.316263671875,0.0283972079816683,0.0043996651656925,0.0180381633507779,0.0026734836865216,-0.0287254666353686,0.9883622320769524,-0.0538395808901917,left,0.0021131634712219,-0.2985795518022799,0.2661244869373738,-9.368978713703155,-0.1482890503904491,-0.0019037304446101,-0.0014481153339147,2.8847528882473705,-0.003869354724884
2025-04-30 01:00:54.865263600,56.356263671875,0.0283972079816683,0.0016256244853138,0.0180381633507779,0.0009878207929432,-0.0287254666353686,0.9883622320769524,-0.0538395808901917,left,-0.0001519322395324,-0.2985795518022799,0.2661244869373738,-9.368978713703155,-0.1482890503904491,-0.0007034060545265,-0.0011247713118791,2.8847528882473705,-0.0028812587261199
2025-04-30 01:00:54.905263600,56.396263671875,0.0283972079816683,-0.0023692138493061,0.0180381633507779,-0.0014687119983136,-0.0287254666353686,0.9883622320769524,-0.0538395808901917,left,-0.0004359483718872,-0.2985795518022799,0.2661244869373738,-9.368978713703155,-0.1482890503904491,-0.0029940789099782,-0.0007097106426954,2.8847528882473705,-0.0030112266540527
2025-04-30 01:00:54.945263600,56.436263671875,0.0283972079816683,-0.0008836251217871,0.0180381633507779,-0.0038408453110605,-0.0287254666353686,0.9883622320769524,-0.0538395808901917,left,0.0035907626152038,-0.2985795518022799,0.2661244869373738,-9.368978713703155,-0.1482890503904491,-0.0022104610688984,-0.0026901960372924,2.8847528882473705,-0.0031472742557525
2025-04-30 01:00:54.985263900,56.476263916015625,0.0283972079816683,0.0054011009633541,0.0180381633507779,0.0009692206513136,-0.0287254666353686,0.9883622320769524,-0.0538395808901917,left,-0.0007429718971252,-0.2985795518022799,0.2661244869373738,-9.368978713703155,-0.1482890503904491,0.0029337406158447,-0.0011512488126754,2.8847528882473705,-0.0031401216983795
2025-04-30 01:00:55.025263900,56.516263916015625,0.0286202439328961,0.002148448023945,0.0181207772660737,-0.0002307910472154,-0.0285616341010017,0.9883689310941232,-0.0534750832151484,left,-0.0012463331222534,-0.2985315828883139,0.2682180616831406,-9.369057624158264,-0.1482654547658138,0.000923431944102,-0.0010076612234115,2.884303390914201,-0.0032314956188201
2025-04-30 01:00:55.065263900,56.55626391601562,0.0288433007593745,-0.0011042049154639,0.0182033981032187,-0.0014308028621599,-0.0283977267309528,0.988375722903936,-0.0531104542470413,left,-0.0017497539520263,-0.2984836150634151,0.2703118738909252,-9.36913595009148,-0.1482418742951788,-0.0010868769604712,-0.0008640885353088,2.883853601320088,-0.0033228695392608
2025-04-30 01:00:55.105263600,56.596263671875,0.0288433007593745,-0.0013871922856196,0.0182033981032187,0.0013755663530901,-0.0283977267309528,0.988375722903936,-0.0531104542470413,left,0.0001531243324279,-0.2984836150634151,0.2703118738909252,-9.36913595009148,-0.1482418742951788,-0.0061305379495024,-0.0015185978263616,2.883853601320088,-0.0024795532226562
2025-04-30 01:00:55.145263600,56.636263671875,0.0288433007593745,0.0016445171786472,0.0182033981032187,-0.0010505454847589,-0.0283977267309528,0.988375722903936,-0.0531104542470413,left,0.0004848837852478,-0.2984836150634151,0.2703118738909252,-9.36913595009148,-0.1482418742951788,-0.0057970127090811,-0.0015806555747985,2.883853601320088,-0.0016236901283264
2025-04-30 01:00:55.185263600,56.676263671875,0.0288433007593745,0.0014701171312481,0.0182033981032187,0.0004658456891775,-0.0283977267309528,0.988375722903936,-0.0531104542470413,left,-0.0005349516868591,-0.2984836150634151,0.2703118738909252,-9.36913595009148,-0.1482418742951788,-0.0020352778956294,-0.0012735966593027,2.883853601320088,-0.0026607811450958
2025-04-30 01:00:55.225263900,56.71626391601563,0.0288433007593745,-0.0018066172488033,0.0182033981032187,-0.0027835350483655,-0.0283977267309528,0.988375722903936,-0.0531104542470413,left,0.000263512134552,-0.2984836150634151,0.2703118738909252,-9.36913595009148,-0.1482418742951788,-5.14788553118e-05,-0.0015751961618661,2.883853601320088,-0.0015614330768585
2025-04-30 01:00:55.265263900,56.75626391601563,0.0285786817095381,0.0014003149699419,0.018064800049537,-0.0049896431155502,-0.0282891897079776,0.9883442412075332,-0.0529254703102367,left,-0.0001925230026245,-0.2989733208708511,0.267792237486504,-9.36779388783276,-0.148489330792062,0.0009092951077036,-0.0025749951601028,2.888443559458852,-0.0008344948291778
2025-04-30 01:00:55.305263900,56.796263916015626,0.0285786817095381,0.0060031376779079,0.018064800049537,-0.0040215528570115,-0.0282891897079776,0.9883442412075332,-0.0529254703102367,left,-0.0008502602577209,-0.2989733208708511,0.267792237486504,-9.36779388783276,-0.148489330792062,0.0012940324377268,-0.0040913261473178,2.888443559458852,-0.0014746189117431
2025-04-30 01:00:55.345263600,56.836263671875,0.0285786817095381,0.0031215108465403,0.018064800049537,-0.0006666767876595,-0.0282891897079776,0.9883442412075332,-0.0529254703102367,left,-0.0012540817260742,-0.2989733208708511,0.267792237486504,-9.36779388783276,-0.148489330792062,0.000631496484857,-0.0032451972365379,2.888443559458852,-0.0035988390445709
2025-04-30 01:00:55.385263600,56.876263671875,0.0285786817095381,-0.0047391150146722,0.018064800049537,-0.0013612252660095,-0.0282891897079776,0.9883442412075332,-0.0529254703102367,left,-5.5193901062e-05,-0.2989733208708511,0.267792237486504,-9.36779388783276,-0.148489330792062,0.0008777752518653,-0.0026769489049911,2.888443559458852,-0.0049794018268585
2025-04-30 01:00:55.425263600,56.916263671875,0.0285786817095381,-0.0060214889235794,0.018064800049537,0.0033317375928163,-0.0282891897079776,0.9883442412075332,-0.0529254703102367,left,-0.0006611347198486,-0.2989733208708511,0.267792237486504,-9.36779388783276,-0.148489330792062,0.0023368378169834,-0.0024683568626642,2.888443559458852,-0.0019974112510681
2025-04-30 01:00:55.465263600,56.956263671875,0.0285786817095381,0.0033546457998454,0.018064800049537,0.0052538597956299,-0.0282891897079776,0.9883442412075332,-0.0529254703102367,left,-0.0026376843452453,-0.2989733208708511,0.267792237486504,-9.36779388783276,-0.148489330792062,0.0051324707455933,-0.0026468262076377,2.888443559458852,-0.0027560889720916
2025-04-30 01:00:55.505263900,56.99626391601562,0.0285786817095381,0.010252546519041,0.018064800049537,0.0128747839480638,-0.0282891897079776,0.9883442412075332,-0.0529254703102367,left,-0.0029483437538146,-0.2989733208708511,0.267792237486504,-9.36779388783276,-0.148489330792062,-0.0036767148412764,-0.0022074803709983,2.888443559458852,-0.002596229314804
2025-04-30 01:00:55.545263900,57.03626391601563,0.0285786817095381,0.0048342333175241,0.018064800049537,0.0048983925953507,-0.0282891897079776,0.9883442412075332,-0.0529254703102367,left,0.0010082125663757,-0.2989733208708511,0.267792237486504,-9.36779388783276,-0.148489330792062,-0.0067222104407846,-0.0019158367067575,2.888443559458852,-0.0044555366039276
2025-04-30 01:00:55.585263600,57.076263671875,0.0291206705695223,0.002694638678804,0.0182994445020779,0.002727162791416,-0.0280953431303399,0.9883327071199444,-0.0524498860126393,left,0.0016461610794067,-0.2991515731923105,0.2728544345132075,-9.367132793575523,-0.1485741121631116,-0.0024357191286981,-0.0013321936130523,2.890113830758631,-0.0028567314147949
2025-04-30 01:00:55.625263600,57.116263671875,0.0291206705695223,0.0025869782548397,0.0182994445020779,0.0009746591094881,-0.0280953431303399,0.9883327071199444,-0.0524498860126393,left,0.0007910728454589,-0.2991515731923105,0.2728544345132075,-9.367132793575523,-0.1485741121631116,-0.0026970156468451,-0.0010337401181459,2.890113830758631,-0.0029370188713073
2025-04-30 01:00:55.665263600,57.156263671875,0.0291206705695223,0.0024793175980448,0.0182994445020779,-0.0007778445724397,-0.0280953431303399,0.9883327071199444,-0.0524498860126393,left,-6.40153884887e-05,-0.2991515731923105,0.2728544345132075,-9.367132793575523,-0.1485741121631116,-0.002958312164992,-0.0007352866232395,2.890113830758631,-0.0030173063278198
2025-04-30 01:00:55.705263600,57.196263671875,0.0291206705695223,0.0026292239781469,0.0182994445020779,-0.0018264511600136,-0.0280953431303399,0.9883327071199444,-0.0524498860126393,left,-0.0012261271476745,-0.2991515731923105,0.2728544345132075,-9.367132793575523,-0.1485741121631116,-0.0019347986672073,-0.0002914704382419,2.890113830758631,-0.0022680163383483
2025-04-30 01:00:55.745263900,57.23626391601562,0.0291206705695223,0.0011305753141641,0.0182994445020779,-0.0050331358797848,-0.0280953431303399,0.9883327071199444,-0.0524498860126393,left,-3.7133693695e-05,-0.2991515731923105,0.2728544345132075,-9.367132793575523,-0.1485741121631116,0.004189321771264,-0.0013766344636678,2.890113830758631,-0.0043997764587402
2025-04-30 01:00:55.785263900,57.27626391601562,0.0291206705695223,0.0030697546899318,0.0182994445020779,0.0010829959064722,-0.0280953431303399,0.9883327071199444,-0.0524498860126393,left,-8.60691070556e-05,-0.2991515731923105,0.2728544345132075,-9.367132793575523,-0.1485741121631116,0.0085779409855604,-0.0015557892620563,2.890113830758631,-0.0051380097866058
2025-04-30 01:00:55.825263600,57.316263671875,0.0291206705695223,0.0036869358737021,0.0182994445020779,-0.0050703468732535,-0.0280953431303399,0.9883327071199444,-0.0524498860126393,left,0.0006086826324462,-0.2991515731923105,0.2728544345132075,-9.367132793575523,-0.1485741121631116,0.0010680821724236,-0.0021149218082427,2.890113830758631,-0.004473477602005
2025-04-30 01:00:55.865263600,57.356263671875,0.0289884067772256,0.0052149947732687,0.0181859232178072,-0.0050209085457026,-0.0277771384006327,0.9883548833511736,-0.0518275933450896,left,-0.0001831650733947,-0.2989869112272834,0.2716292948987335,-9.367644250229,-0.1485002571619655,-0.003798505757004,-0.0014257561415433,2.8885706929698585,-0.0037614703178405
2025-04-30 01:00:55.905263600,57.396263671875,0.0289884067772256,0.0049761673435568,0.0181859232178072,-0.0042430283501744,-0.0277771384006327,0.9883548833511736,-0.0518275933450896,left,0.000597596168518,-0.2989869112272834,0.2716292948987335,-9.367644250229,-0.1485002571619655,-0.0052918759174644,-0.0026871655136346,2.8885706929698585,-0.0033463239669799
2025-04-30 01:00:55.945263600,57.436263671875,0.0287319184917854,0.0027688706759363,0.0180268219133116,-0.0040107616223394,-0.0275260123876669,0.988346390921961,-0.0513555242800071,left,-0.0002804994583129,-0.2992194242789302,0.269207291916199,-9.367042192682623,-0.1486229898191682,-0.0029910432640463,-0.0022083558142185,2.8907497905746102,-0.0031374394893646
2025-04-30 01:00:55.985263900,57.476263916015625,0.0287319184917854,-0.0012242558877915,0.0180268219133116,-0.004458010662347,-0.0275260123876669,0.988346390921961,-0.0513555242800071,left,0.0001484155654907,-0.2992194242789302,0.269207291916199,-9.367042192682623,-0.1486229898191682,-0.0004702589940279,-0.0026936829090118,2.8907497905746102,-0.0018971860408782
2025-04-30 01:00:56.025263900,57.516263916015625,0.0287319184917854,0.0005368031561374,0.0180268219133116,-0.0044670412316918,-0.0275260123876669,0.988346390921961,-0.0513555242800071,left,-0.0003169178962707,-0.2992194242789302,0.269207291916199,-9.367042192682623,-0.1486229898191682,3.7032586988e-06,-0.0039657466113567,2.8907497905746102,-0.0007419884204864
2025-04-30 01:00:56.065263900,57.55626391601562,0.0287319184917854,0.0052975448779761,0.0180268219133116,-0.00578991509974,-0.0275260123876669,0.988346390921961,-0.0513555242800071,left,-0.0004640817642211,-0.2992194242789302,0.269207291916199,-9.367042192682623,-0.1486229898191682,0.0041273399256169,-0.0047747287899255,2.8907497905746102,-0.0030423402786254
2025-04-30 01:00:56.105263600,57.596263671875,0.0282140788838528,0.003479009727016,0.0177459203652406,-0.0009587495587766,-0.0273450588462833,0.9883796361968136,-0.0510706177588103,left,-0.0019378066062927,-0.2988889382146171,0.2643835615541786,-9.368134664094448,-0.1484692973171638,0.0056218029931187,-0.0035034697502851,2.887652701342106,-0.0050696432590484
2025-04-30 01:00:56.145263600,57.636263671875,0.0282140788838528,-0.0037764857988804,0.0177459203652406,0.0029237139970064,-0.0273450588462833,0.9883796361968136,-0.0510706177588103,left,-0.0008324980735778,-0.2988889382146171,0.2643835615541786,-9.368134664094448,-0.1484692973171638,0.002925130771473,-0.0025224443525075,2.887652701342106,-0.0053783357143402
2025-04-30 01:00:56.185263600,57.676263671875,0.0282140788838528,-0.0066348919644951,0.0177459203652406,-0.0003116887528449,-0.0273450588462833,0.9883796361968136,-0.0510706177588103,left,-0.0016437768936157,-0.2988889382146171,0.2643835615541786,-9.368134664094448,-0.1484692973171638,0.0002767699770629,-0.0021568443626165,2.887652701342106,-0.0059719085693359
2025-04-30 01:00:56.225263900,57.71626391601563,0.0282140788838528,0.000255255959928,0.0177459203652406,0.0029635073151439,-0.0273450588462833,0.9883796361968136,-0.0510706177588103,left,-0.0036800503730773,-0.2988889382146171,0.2643835615541786,-9.368134664094448,-0.1484692973171638,-0.0010919093620032,-0.0018800795078277,2.887652701342106,-0.0052951276302337
2025-04-30 01:00:56.265263900,57.75626391601563,0.0282140788838528,0.0071454043500125,0.0177459203652406,0.0062387036159634,-0.0273450588462833,0.9883796361968136,-0.0510706177588103,left,-0.005716323852539,-0.2988889382146171,0.2643835615541786,-9.368134664094448,-0.1484692973171638,-0.0024605887010693,-0.0016033146530389,2.887652701342106,-0.0046183168888092
2025-04-30 01:00:56.305263900,57.796263916015626,0.0282140788838528,0.0070976694114506,0.0177459203652406,0.0112436190247535,-0.0273450588462833,0.9883796361968136,-0.0510706177588103,left,-0.0019208192825317,-0.2988889382146171,0.2643835615541786,-9.368134664094448,-0.1484692973171638,-0.0088446903973817,-0.001548221334815,2.887652701342106,-0.0035375952720642
2025-04-30 01:00:56.345263600,57.836263671875,0.0282140788838528,0.0022558169439435,0.0177459203652406,0.0055694966576993,-0.0273450588462833,0.9883796361968136,-0.0510706177588103,left,0.0006839632987976,-0.2988889382146171,0.2643835615541786,-9.368134664094448,-0.1484692973171638,-0.0068203750997781,-0.0005065891891717,2.887652701342106,-0.0031417310237884
2025-04-30 01:00:56.385263600,57.876263671875,0.0282140788838528,0.0050055645406246,0.0177459203652406,0.0047871144488453,-0.0273450588462833,0.9883796361968136,-0.0510706177588103,left,0.00063157081604,-0.2988889382146171,0.2643835615541786,-9.368134664094448,-0.1484692973171638,-0.0025543547235429,-0.0010107439011335,2.887652701342106,-0.0008577406406402
2025-04-30 01:00:56.425263600,57.916263671875,0.0288354615469177,0.0040795854292809,0.0180259291093918,0.0019771137740463,-0.0271794924120407,0.9883468034162074,-0.0506375451394044,left,0.0002508759498596,-0.2993324322012582,0.2701677527124993,-9.366687387895585,-0.1486839016224,-0.0038586193695664,-0.0006656665354967,2.8918086519777773,-0.001129925251007
2025-04-30 01:00:56.465263600,57.956263671875,0.0290924036538842,-0.0001960978843271,0.0181416105641932,0.001074528787285,-0.0270994430437281,0.988321680151259,-0.0504332281167224,left,-0.0010385513305664,-0.2996749143863074,0.2725456242923624,-9.365627649709582,-0.1488515205763436,-0.0023878586944192,-0.0004466921091079,2.8950176771521567,-0.003450334072113
2025-04-30 01:00:56.505263900,57.99626391601562,0.0290924036538842,0.0004605712601915,0.0181416105641932,-0.0004720460856333,-0.0270994430437281,0.988321680151259,-0.0504332281167224,left,-0.0007373094558715,-0.2996749143863074,0.2725456242923624,-9.365627649709582,-0.1488515205763436,0.0019336773548275,0.000210590660572,2.8950176771521567,-0.0042477548122406
2025-04-30 01:00:56.545263900,58.03626391601563,0.0290924036538842,0.0011172404047101,0.0181416105641932,-0.0020186207257211,-0.0270994430437281,0.988321680151259,-0.0504332281167224,left,-0.0004361271858215,-0.2996749143863074,0.2725456242923624,-9.365627649709582,-0.1488515205763436,0.0062552131712436,0.0008678715676069,2.8950176771521567,-0.0050451755523681
2025-04-30 01:00:56.585263600,58.076263671875,0.0290924036538842,0.0018224846571683,0.0181416105641932,-0.0026502078399062,-0.0270994430437281,0.988321680151259,-0.0504332281167224,left,0.0009576678276062,-0.2996749143863074,0.2725456242923624,-9.365627649709582,-0.1488515205763436,0.0054083601571619,-0.000395318493247,2.8950176771521567,-0.004221498966217
2025-04-30 01:00:56.625263600,58.116263671875,0.0290924036538842,0.0007961523951962,0.0181416105641932,-0.0050478847697377,-0.0270994430437281,0.988321680151259,-0.0504332281167224,left,-8.91685485839e-05,-0.2996749143863074,0.2725456242923624,-9.365627649709582,-0.1488515205763436,-0.0041533610783517,-0.0008256994187831,2.8950176771521567,-0.0038760900497436
2025-04-30 01:00:56.665263600,58.156263671875,0.0290924036538842,0.0003903261385858,0.0181416105641932,-0.0013167466968297,-0.0270994430437281,0.988321680151259,-0.0504332281167224,left,-0.0004270076751708,-0.2996749143863074,0.2725456242923624,-9.365627649709582,-0.1488515205763436,-0.0064279013313353,-0.0013258401304483,2.8950176771521567,-0.004242718219757
2025-04-30 01:00:56.705263600,58.196263671875,0.0290924036538842,-0.0046566543169319,0.0181416105641932,-0.0031845578923821,-0.0270994430437281,0.988321680151259,-0.0504332281167224,left,0.0009355545043945,-0.2996749143863074,0.2725456242923624,-9.365627649709582,-0.1488515205763436,-0.0076365582644939,-0.0024265069514513,2.8950176771521567,-0.0021952092647552
2025-04-30 01:00:56.745263900,58.23626391601562,0.0286436084321172,-0.0056942054070532,0.017937884573769,-0.0050411615520715,-0.0271527089679075,0.98828829475674,-0.0506036873367138,left,0.0001001954078674,-0.3001439215174582,0.268303438411653,-9.364390216869117,-0.1490878594445559,-0.0074191694147884,-0.0026153419166803,2.899411820457876,-0.0003418326377868
2025-04-30 01:00:56.785263900,58.27626391601562,0.0282745699042259,-0.0027498186100274,0.0177667544268115,-0.0051471926271915,-0.0271836919951973,0.9882732342694758,-0.0507197491303168,left,0.0004814863204956,-0.3003685008884511,0.2648291864298284,-9.363837843683362,-0.1492028149438946,-0.0014831493608653,-0.0033603087067604,2.9015158069998024,0.0006286203861236
2025-04-30 01:00:56.825263600,58.316263671875,0.0282745699042259,-0.0005212419200688,0.0177667544268115,-0.0040810666978359,-0.0271836919951973,0.9882732342694758,-0.0507197491303168,left,-0.0002063512802124,-0.3003685008884511,0.2648291864298284,-9.363837843683362,-0.1492028149438946,0.0032419646158814,-0.0038110129535198,2.9015158069998024,-0.0007240772247314
2025-04-30 01:00:56.865263600,58.356263671875,0.0282745699042259,0.0017073347698897,0.0177667544268115,-0.003014940302819,-0.0271836919951973,0.9882732342694758,-0.0507197491303168,left,-0.0008941888809204,-0.3003685008884511,0.2648291864298284,-9.363837843683362,-0.1492028149438946,0.0079670781269669,-0.0042617172002792,2.9015158069998024,-0.0020767748355865
2025-04-30 01:00:56.905263600,58.396263671875,0.0277468643266225,0.0006279427325353,0.0174884466715901,-0.0003851135261356,-0.0270715478806079,0.9883256009162582,-0.0505786241697731,left,-0.0015811920166015,-0.2997560075247031,0.2599370487404056,-9.365750983828306,-0.1489085297581557,0.0084824543446302,-0.0027147158980369,2.895777555608749,-0.0044015645980834
2025-04-30 01:00:56.945263600,58.436263671875,0.0277468643266225,-0.0017967134481295,0.0174884466715901,-0.0002250870020361,-0.0270715478806079,0.9883256009162582,-0.0505786241697731,left,0.0004278421401977,-0.2997560075247031,0.2599370487404056,-9.365750983828306,-0.1489085297581557,0.0062558418139815,-0.0028520002961158,2.895777555608749,-0.0064201056957244
2025-04-30 01:00:56.985263900,58.476263916015625,0.0273856748407932,-0.0065670828334987,0.0173290987888361,-0.0023373018484562,-0.027204283180383,0.9883582205460671,-0.0509061214978399,left,-0.001441478729248,-0.2993022886357171,0.2565901677316055,-9.367156758973,-0.1486863407058257,0.0015643485821783,-0.0016927141696214,2.8915263279050585,-0.0050276815891265
2025-04-30 01:00:57.025263900,58.516263916015625,0.0273856748407932,-0.0025133397430181,0.0173290987888361,-0.0090581132099032,-0.027204283180383,0.9883582205460671,-0.0509061214978399,left,0.0016813278198242,-0.2993022886357171,0.2565901677316055,-9.367156758973,-0.1486863407058257,-0.0008616640698164,-0.0031867418438196,2.8915263279050585,-0.0057583749294281
2025-04-30 01:00:57.065263900,58.55626391601562,0.0273856748407932,0.0052968463860452,0.0173290987888361,0.0007704142481088,-0.027204283180383,0.9883582205460671,-0.0509061214978399,left,-0.0043585300445556,-0.2993022886357171,0.2565901677316055,-9.367156758973,-0.1486863407058257,-0.00608850736171,-0.0019460991024971,2.8915263279050585,-0.0023292899131774
2025-04-30 01:00:57.105263600,58.596263671875,0.0273856748407932,0.0059645567089319,0.0173290987888361,0.0034236453939229,-0.027204283180383,0.9883582205460671,-0.0509061214978399,left,0.0010170936584472,-0.2993022886357171,0.2565901677316055,-9.367156758973,-0.1486863407058257,-0.0144025888293981,-0.0023797638714313,2.8915263279050585,-0.0022865235805511
2025-04-30 01:00:57.145263600,58.636263671875,0.0274083199008639,0.0024555267300456,0.0173333543599465,0.0014094680082052,-0.0271210925337807,0.9883199967952344,-0.0507290309333422,left,0.0028219819068908,-0.2998433594219333,0.2567593685523606,-9.365585564133523,-0.1489549743586401,-0.0059293489903211,-0.0021205078810453,2.8965958862543104,-0.0031336843967437
2025-04-30 01:00:57.185263600,58.676263671875,0.0274083199008639,0.0011955400696024,0.0173333543599465,0.0002224937779828,-0.0271210925337807,0.9883199967952344,-0.0507290309333422,left,0.0015157461166381,-0.2998433594219333,0.2567593685523606,-9.365585564133523,-0.1489549743586401,-0.0013705128803849,-0.0015793908387422,2.8965958862543104,-0.0013395845890045
2025-04-30 01:00:57.225263900,58.71626391601563,0.0274083199008639,-0.0024579502642154,0.0173333543599465,-0.0012595043517649,-0.0271210925337807,0.9883199967952344,-0.0507290309333422,left,0.000197947025299,-0.2998433594219333,0.2567593685523606,-9.365585564133523,-0.1489549743586401,-0.0041873413138091,-0.0017618499696254,2.8965958862543104,-0.0021041631698608
2025-04-30 01:00:57.265263900,58.75626391601563,0.0274083199008639,-0.0058146594092249,0.0173333543599465,-0.0022962398361414,-0.0271210925337807,0.9883199967952344,-0.0507290309333422,left,8.23736190795e-05,-0.2998433594219333,0.2567593685523606,-9.365585564133523,-0.1489549743586401,-0.0015087514184415,-0.0021279845386743,2.8965958862543104,-0.0026809275150299
2025-04-30 01:00:57.305263900,58.796263916015626,0.0271056412580655,-0.0048143984749913,0.0172100001718781,-0.0079749068245291,-0.027245303934842,0.9882904562174212,-0.0510223560166251,left,2.9981136322e-05,-0.3002203974313837,0.2538949920971878,-9.36457024961114,-0.1491428799929834,-0.0025606486015021,-0.0019056014716625,2.900128444294632,-0.0041796267032623
2025-04-30 01:00:57.345263600,58.836263671875,0.0271056412580655,-0.0005861762911081,0.0172100001718781,-0.002874466124922,-0.027245303934842,0.9882904562174212,-0.0510223560166251,left,-0.0028331279754638,-0.3002203974313837,0.2538949920971878,-9.36457024961114,-0.1491428799929834,-0.0023775920271873,-0.0023059453815221,2.900128444294632,-0.0049893856048583
2025-04-30 01:00:57.385263600,58.876263671875,0.0271056412580655,-0.0011591218644753,0.0172100001718781,-0.0040038144215941,-0.027245303934842,0.9882904562174212,-0.0510223560166251,left,-0.0017628669738769,-0.3002203974313837,0.2538949920971878,-9.36457024961114,-0.1491428799929834,-0.0078621935099363,-0.0039088856428861,2.900128444294632,-0.0046876072883605
2025-04-30 01:00:57.425263600,58.916263671875,0.0269868216230483,-0.0011894439812749,0.0171612517378367,-0.0006657596677541,-0.0272642720893346,0.9882510804659216,-0.0510735764605503,left,-0.0006701350212097,-0.3007496236546522,0.2527408353596925,-9.363065105745196,-0.1494055985146189,-0.0073391934856772,-0.0032052900642156,2.9050857744410634,-0.0037890672683715
2025-04-30 01:00:57.465263600,58.956263671875,0.0269868216230483,-0.0012197659816592,0.0171612517378367,0.0026722950860857,-0.0272642720893346,0.9882510804659216,-0.0510735764605503,left,0.0005760192871093,-0.3007496236546522,0.2527408353596925,-9.363065105745196,-0.1494055985146189,-0.0068161939270794,-0.0026193764060735,2.9050857744410634,-0.0023850202560424
2025-04-30 01:00:57.505263900,58.99626391601562,0.0269868216230483,-0.0018437759717926,0.0171612517378367,0.0044310595840215,-0.0272642720893346,0.9882510804659216,-0.0510735764605503,left,-5.50150871276e-05,-0.3007496236546522,0.2527408353596925,-9.363065105745196,-0.1494055985146189,-0.0051574520766735,-0.0019198507070541,2.9050857744410634,-0.0013638138771057
2025-04-30 01:00:57.545263900,59.03626391601563,0.0271503508529966,-0.0023550847545266,0.0172664407650718,0.0032992272172123,-0.0273883911928355,0.9881953540026436,-0.0512934294800428,left,0.0011645555496215,-0.3014325489746241,0.2542180500390939,-9.361037983831762,-0.1497389498955706,-0.0014074698556214,-0.001367449760437,2.911481612958014,-0.001654177904129
2025-04-30 01:00:57.585263600,59.076263671875,0.0271503508529966,-0.0025751015637069,0.0172664407650718,-0.0017385350074619,-0.0273883911928355,0.9881953540026436,-0.0512934294800428,left,0.0007811188697814,-0.3014325489746241,0.2542180500390939,-9.361037983831762,-0.1497389498955706,-0.001362164504826,-0.0018696244806051,2.911481612958014,-0.00044447183609
2025-04-30 01:00:57.625263600,59.116263671875,0.0271503508529966,0.0008590447250753,0.0172664407650718,-0.002879282226786,-0.0273883911928355,0.9881953540026436,-0.0512934294800428,left,0.0005132555961608,-0.3014325489746241,0.2542180500390939,-9.361037983831762,-0.1497389498955706,0.0007996934000402,-0.0029773358255624,2.911481612958014,-0.0005619525909423
2025-04-30 01:00:57.665263600,59.156263671875,0.0271503508529966,0.0026623727753758,0.0172664407650718,-0.0025472952984273,-0.0273883911928355,0.9881953540026436,-0.0512934294800428,left,-0.0011206269264221,-0.3014325489746241,0.2542180500390939,-9.361037983831762,-0.1497389498955706,0.0043320450931787,-0.0029584430158138,2.911481612958014,-0.0017221570014953
2025-04-30 01:00:57.705263600,59.196263671875,0.0271503508529966,-0.0033427276648581,0.0172664407650718,0.0024956767447292,-0.0273883911928355,0.9881953540026436,-0.0512934294800428,left,-0.001461923122406,-0.3014325489746241,0.2542180500390939,-9.361037983831762,-0.1497389498955706,0.008029144257307,-0.0020695086568593,2.911481612958014,-0.0030972957611083
2025-04-30 01:00:57.745263900,59.23626391601562,0.0271503508529966,-0.0093478290364146,0.0172664407650718,0.0075386487878859,-0.0273883911928355,0.9881953540026436,-0.0512934294800428,left,-0.0018031597137451,-0.3014325489746241,0.2542180500390939,-9.361037983831762,-0.1497389498955706,0.0117262424901127,-0.0011805742979049,2.911481612958014,-0.0044724643230438
2025-04-30 01:00:57.785263900,59.27626391601562,0.0270603218367247,-0.0050538419745862,0.0172474782863474,0.001358039677143,-0.0276010967375945,0.9882424659906178,-0.0517442836767639,left,0.0012000203132629,-0.3007330818148732,0.253430315461196,-9.36309433183968,-0.1493906498285196,0.0129624800756573,-0.0021887011826038,2.904930876140296,-0.0059521794319152
2025-04-30 01:00:57.825263600,59.316263671875,0.0270603218367247,0.0060480977408587,0.0172474782863474,0.0110637508332729,-0.0276010967375945,0.9882424659906178,-0.0517442836767639,left,-0.0045241713523864,-0.3007330818148732,0.253430315461196,-9.36309433183968,-0.1493906498285196,-0.0008224388584494,-0.0008898023515939,2.904930876140296,-0.0020997524261474
2025-04-30 01:00:57.865263600,59.356263671875,0.0270603218367247,0.0081945145502686,0.0172474782863474,0.0055940845049917,-0.0276010967375945,0.9882424659906178,-0.0517442836767639,left,0.0011215806007385,-0.3007330818148732,0.253430315461196,-9.36309433183968,-0.1493906498285196,-0.0106149138882756,-0.0018966272473335,2.904930876140296,-0.003641128540039
2025-04-30 01:00:57.905263600,59.396263671875,0.0275932546925659,0.0058306036517024,0.0174769420654337,0.000232845544815,-0.0274031941741613,0.9882302643074844,-0.0512613308271746,left,0.0020419359207153,-0.3009225257501187,0.258404998601228,-9.362407518619298,-0.1494811310139602,-0.0056244903244078,-0.0018006395548582,2.90670519233644,-0.0037294030189514
2025-04-30 01:00:57.945263600,59.436263671875,0.0275932546925659,0.0016983896493911,0.0174769420654337,0.0008127113687805,-0.0274031941741613,0.9882302643074844,-0.0512613308271746,left,0.0007049441337585,-0.3009225257501187,0.258404998601228,-9.362407518619298,-0.1494811310139602,-0.0020216365810483,-0.0023415014147758,2.90670519233644,-0.003456175327301
2025-04-30 01:00:57.985263900,59.476263916015625,0.0275932546925659,-0.0004169747699052,0.0174769420654337,0.0002562286099418,-0.0274031941741613,0.9882302643074844,-0.0512613308271746,left,-0.0005416274070739,-0.3009225257501187,0.258404998601228,-9.362407518619298,-0.1494811310139602,-0.0030913078226149,-0.001697938889265,2.90670519233644,-0.002756267786026
2025-04-30 01:00:58.025263900,59.516263916015625,0.0275932546925659,0.0022857750300318,0.0174769420654337,-0.0018034899840131,-0.0274031941741613,0.9882302643074844,-0.0512613308271746,left,-0.0002616643905639,-0.3009225257501187,0.258404998601228,-9.362407518619298,-0.1494811310139602,0.0007405567448586,-0.002438137307763,2.90670519233644,-0.0025862455368041
2025-04-30 01:00:58.065263900,59.55626391601562,0.0275932546925659,0.0049885250627994,0.0174769420654337,-0.0038632084615528,-0.0274031941741613,0.9882302643074844,-0.0512613308271746,left,1.8298625946e-05,-0.3009225257501187,0.258404998601228,-9.362407518619298,-0.1494811310139602,0.0045724213123321,-0.0031783357262611,2.90670519233644,-0.0024162232875823
2025-04-30 01:00:58.105263600,59.596263671875,0.0275932546925659,0.0075361472554504,0.0174769420654337,0.0046747433952987,-0.0274031941741613,0.9882302643074844,-0.0512613308271746,left,-0.0027086734771728,-0.3009225257501187,0.258404998601228,-9.362407518619298,-0.1494811310139602,0.0079222470521926,-0.0013479124754667,2.90670519233644,-0.004965990781784
2025-04-30 01:00:58.145263600,59.636263671875,0.0279827282519194,-0.0006656651385128,0.0176337900532255,-0.0004347036592662,-0.0272252519694603,0.988262339238996,-0.0508463276475009,left,-0.0001744627952575,-0.3005248929908018,0.2620837053802795,-9.363460827064513,-0.1492829559952646,0.003245934844017,-0.0026758350431919,2.902980618855357,-0.0043416917324066
2025-04-30 01:00:58.185263600,59.676263671875,0.0279827282519194,-0.0021968393120914,0.0176337900532255,0.0004324361216276,-0.0272252519694603,0.988262339238996,-0.0508463276475009,left,-9.56654548645e-05,-0.3005248929908018,0.2620837053802795,-9.363460827064513,-0.1492829559952646,-0.0004541494417935,-0.0018351953476667,2.902980618855357,-0.00416961312294
2025-04-30 01:00:58.225263900,59.71626391601563,0.0279827282519194,0.001030690735206,0.0176337900532255,-0.0012429821072146,-0.0272252519694603,0.988262339238996,-0.0508463276475009,left,0.0005611777305603,-0.3005248929908018,0.2620837053802795,-9.363460827064513,-0.1492829559952646,-0.0033872111234813,-0.0020986180752515,2.902980618855357,-0.002150684595108
2025-04-30 01:00:58.265263900,59.75626391601563,0.0279827282519194,0.0012212510919198,0.0176337900532255,0.0002501457929611,-0.0272252519694603,0.988262339238996,-0.0508463276475009,left,-0.0002161264419555,-0.3005248929908018,0.2620837053802795,-9.363460827064513,-0.1492829559952646,-0.0013279193080961,-0.0018795114010572,2.902980618855357,-0.0025759935379028
2025-04-30 01:00:58.305263900,59.796263916015626,0.0279827282519194,-0.0007478351471945,0.0176337900532255,-0.0017736521549522,-0.0272252519694603,0.988262339238996,-0.0508463276475009,left,-0.0002384185791015,-0.3005248929908018,0.2620837053802795,-9.363460827064513,-0.1492829559952646,0.001791276037693,-0.0016421023756265,2.902980618855357,-0.0021514594554901
2025-04-30 01:00:58.345263600,59.836263671875,0.0279827282519194,-0.0027169212698936,0.0176337900532255,-0.003797449870035,-0.0272252519694603,0.988262339238996,-0.0508463276475009,left,-0.0002607107162475,-0.3005248929908018,0.2620837053802795,-9.363460827064513,-0.1492829559952646,0.0049104713834822,-0.0014046933501958,2.902980618855357,-0.0017269253730773
2025-04-30 01:00:58.385263600,59.876263671875,0.0279827282519194,-0.0004675132222473,0.0176337900532255,-0.0030279904603958,-0.0272252519694603,0.988262339238996,-0.0508463276475009,left,-0.0007928013801574,-0.3005248929908018,0.2620837053802795,-9.363460827064513,-0.1492829559952646,0.0062760910950601,-0.0016906186938285,2.902980618855357,-0.0011669695377349
2025-04-30 01:00:58.425263600,59.916263671875,0.0279873487882575,0.0051469733007252,0.0176374315951401,0.0005073908250778,-0.0272781287796076,0.9883064383739,-0.050958820670028,left,-0.0008204579353332,-0.2999154406247779,0.2621764251650311,-9.365226667693255,-0.1489807104626318,0.0071447743102908,-0.0018106885254383,2.8972713012978435,-0.0022087693214416
2025-04-30 01:00:58.465263600,59.956263671875,0.0279873487882575,0.0027643516659736,0.0176374315951401,0.0021509402431547,-0.0272781287796076,0.9883064383739,-0.050958820670028,left,-0.0008695721626281,-0.2999154406247779,0.2621764251650311,-9.365226667693255,-0.1489807104626318,0.0071958731859922,-0.0016982518136501,2.8972713012978435,-0.0047279000282287
2025-04-30 01:00:58.505263900,59.99626391601562,0.0281487082228266,-0.0046173217706382,0.0177100818672942,0.0014178166165947,-0.0272842389261633,0.9883480446521676,-0.0509527392934738,left,9.18507575988e-05,-0.2993407615118651,0.2637344134630635,-9.366846962371469,-0.1486945501074232,0.0066361678764224,-0.0013919044286012,2.8918866856500505,-0.0055420994758605
2025-04-30 01:00:58.545263900,60.03626391601563,0.0281752168945338,-0.0043163867667317,0.0177399570601737,0.0027226200327277,-0.0274231586964002,0.9883703373194516,-0.0512334761561491,left,-0.0004348158836364,-0.2989881066949593,0.2640114403061568,-9.367858769762517,-0.1485174000739237,0.0039813667535781,-0.0014333855360746,2.8885820911467075,-0.0033671259880065
2025-04-30 01:00:58.585263600,60.076263671875,0.0281752168945338,0.0035097561776638,0.0177399570601737,0.002193788299337,-0.0274231586964002,0.9883703373194516,-0.0512334761561491,left,-0.0020444393157958,-0.2989881066949593,0.2640114403061568,-9.367858769762517,-0.1485174000739237,0.0011530111078172,-0.0023887194693088,2.8885820911467075,-0.0026710331439971
2025-04-30 01:00:58.625263600,60.116263671875,0.0286427278157284,0.0025534084998071,0.0179467411416633,0.0018281342927366,-0.0272916815711658,0.988365686142417,-0.0508964704475533,left,0.0004096627235412,-0.299054970194018,0.2683854541392996,-9.367541374376415,-0.1485470732164346,-0.0036824524868279,-0.0023431535810232,2.8892086986124514,-0.0032751858234405
2025-04-30 01:00:58.665263600,60.156263671875,0.0291102915834085,0.0015970608219504,0.0181535332673127,0.0014624801697209,-0.0271602134244115,0.9883611187795448,-0.0505594523195729,left,0.0028635263442993,-0.2991218005714476,0.2727597237007692,-9.367221640902756,-0.1485767719897157,-0.0085179163143038,-0.0022976156324148,2.8898350138172506,-0.0038792788982391
2025-04-30 01:00:58.705263600,60.196263671875,0.0291102915834085,0.0009411657229065,0.0181535332673127,0.0024456190876662,-0.0271602134244115,0.9883611187795448,-0.0505594523195729,left,0.0023866891860961,-0.2991218005714476,0.2727597237007692,-9.367221640902756,-0.1485767719897157,-0.0066842483356595,-0.0018311999738216,2.8898350138172506,-0.0023596286773681
2025-04-30 01:00:58.745263900,60.23626391601562,0.0291102915834085,0.0019468216923996,0.0181535332673127,0.0026201496366411,-0.0271602134244115,0.9883611187795448,-0.0505594523195729,left,0.0018009543418884,-0.2991218005714476,0.2727597237007692,-9.367221640902756,-0.1485767719897157,-0.002671361900866,-0.0018763337284326,2.8898350138172506,-0.0028018355369567
2025-04-30 01:00:58.785263900,60.27626391601562,0.0291102915834085,0.0002640895545482,0.0181535332673127,0.001503690960817,-0.0271602134244115,0.9883611187795448,-0.0505594523195729,left,-1.68681144714e-05,-0.2991218005714476,0.2727597237007692,-9.367221640902756,-0.1485767719897157,0.0002181774470955,-0.0016985107213258,2.8898350138172506,-0.0031674206256866
2025-04-30 01:00:58.825263600,60.316263671875,0.0291102915834085,0.0001159856619779,0.0181535332673127,0.0006604069494642,-0.0271602134244115,0.9883611187795448,-0.0505594523195729,left,-0.0011960268020629,-0.2991218005714476,0.2727597237007692,-9.367221640902756,-0.1485767719897157,9.58214950514e-05,-0.0011856202036142,2.8898350138172506,-0.0022517442703247
2025-04-30 01:00:58.865263600,60.356263671875,0.0291102915834085,0.0009227870032191,0.0181535332673127,-0.0014195046387612,-0.0271602134244115,0.9883611187795448,-0.0505594523195729,left,-0.0005926489830017,-0.2991218005714476,0.2727597237007692,-9.367221640902756,-0.1485767719897157,0.0051645901985466,-0.0014806203544139,2.8898350138172506,-0.0029717981815338
2025-04-30 01:00:58.905263600,60.396263671875,0.0291102915834085,0.002464672550559,0.0181535332673127,0.0057563008740544,-0.0271602134244115,0.9883611187795448,-0.0505594523195729,left,-0.0004180073738098,-0.2991218005714476,0.2727597237007692,-9.367221640902756,-0.1485767719897157,0.0075559560209512,-0.0017797779291868,2.8898350138172506,-0.0043186843395233
2025-04-30 01:00:58.945263600,60.436263671875,0.0295412243251003,0.0010851414408534,0.0183468177312679,0.0010745832696557,-0.0270890757582381,0.9883895094191518,-0.0503550687898085,left,-0.0002742409706115,-0.2987260668937667,0.2768300966785289,-9.368245723253487,-0.1483771999513923,0.0028443168848752,-0.0020289700478315,2.886126222427189,-0.0039310753345489
2025-04-30 01:00:58.985263900,60.476263916015625,0.0295412243251003,-0.0004546409472823,0.0183468177312679,0.0015089762164279,-0.0270890757582381,0.9883895094191518,-0.0503550687898085,left,-0.000528872013092,-0.2987260668937667,0.2768300966785289,-9.368245723253487,-0.1483771999513923,0.0005961460992693,-0.0015764534473419,2.886126222427189,-0.0044031739234924
2025-04-30 01:00:59.025263900,60.516263916015625,0.0295412243251003,-0.0005482658743858,0.0183468177312679,0.0013484259834513,-0.0270890757582381,0.9883895094191518,-0.0503550687898085,left,5.27501106262e-05,-0.2987260668937667,0.2768300966785289,-9.368245723253487,-0.1483771999513923,-0.0017762363422662,-0.0014685858041048,2.886126222427189,-0.0028869211673736
2025-04-30 01:00:59.065263900,60.55626391601562,0.0295412243251003,-0.0011747477110475,0.0183468177312679,0.0016293140361085,-0.0270890757582381,0.9883895094191518,-0.0503550687898085,left,0.0004238486289978,-0.2987260668937667,0.2768300966785289,-9.368245723253487,-0.1483771999513923,-0.0014455300988629,-0.0009100586175918,2.886126222427189,-0.0022982358932495
2025-04-30 01:00:59.105263600,60.596263671875,0.0295412243251003,-0.0026917234063148,0.0183468177312679,-0.00258528906852,-0.0270890757582381,0.9883895094191518,-0.0503550687898085,left,0.0009374618530273,-0.2987260668937667,0.2768300966785289,-9.368245723253487,-0.1483771999513923,0.0044269850477576,-0.0009329970926046,2.886126222427189,-0.0024701356887817
2025-04-30 01:00:59.145263600,60.636263671875,0.0295412243251003,0.0002513106446713,0.0183468177312679,-0.0046525313518941,-0.0270890757582381,0.9883895094191518,-0.0503550687898085,left,9.5784664154e-05,-0.2987260668937667,0.2768300966785289,-9.368245723253487,-0.1483771999513923,0.0051875635981559,-0.0023150146007537,2.886126222427189,-0.0014988780021667
2025-04-30 01:00:59.185263600,60.676263671875,0.0295412243251003,0.0033086356706917,0.0183468177312679,-0.0051669375970959,-0.0270890757582381,0.9883895094191518,-0.0503550687898085,left,-0.0006710886955261,-0.2987260668937667,0.2768300966785289,-9.368245723253487,-0.1483771999513923,0.0018872427754104,-0.0033515468239784,2.886126222427189,-0.0022104680538177
2025-04-30 01:00:59.225263900,60.71626391601563,0.0295412243251003,0.0010452393908053,0.0183468177312679,-0.0022189517039805,-0.0270890757582381,0.9883895094191518,-0.0503550687898085,left,-0.0012180209159851,-0.2987260668937667,0.2768300966785289,-9.368245723253487,-0.1483771999513923,0.0010225004516541,-0.0027419421821832,2.886126222427189,-0.0032565295696258
2025-04-30 01:00:59.265263900,60.75626391601563,0.0295412243251003,-0.0012181566562503,0.0183468177312679,0.0007290341891348,-0.0270890757582381,0.9883895094191518,-0.0503550687898085,left,-0.001764953136444,-0.2987260668937667,0.2768300966785289,-9.368245723253487,-0.1483771999513923,0.0001577581861056,-0.0021323375403881,2.886126222427189,-0.0043025910854339
2025-04-30 01:00:59.305263900,60.796263916015626,0.0295412243251003,-0.006584046408534,0.0183468177312679,0.0029278877191245,-0.0270890757582381,0.9883895094191518,-0.0503550687898085,left,-0.0008811354637145,-0.2987260668937667,0.2768300966785289,-9.368245723253487,-0.1483771999513923,0.0019673269707709,-0.0016374588012695,2.886126222427189,-0.0036507844924926
2025-04-30 01:00:59.345263600,60.836263671875,0.0292961174561411,-0.0017430977895855,0.0182375594124951,0.000894971191883,-0.0271751821698168,0.9884153826349305,-0.0505699682864473,left,0.0003679394721984,-0.2983691835318791,0.2745640149100683,-9.36934228631854,-0.1482021744319711,0.0042250696569681,-0.0032579991966485,2.882781003652513,-0.00291308760643
2025-04-30 01:00:59.385263600,60.876263671875,0.0290511341602307,0.0030978508293628,0.0181283010937218,-0.0011379453353583,-0.0272612511635547,0.98844130224703,-0.0507846831991693,left,0.0016167759895324,-0.2980122939713598,0.2722985541961156,-9.370437095817923,-0.1480271489125499,0.0064828121103346,-0.0048786215484142,2.8794357848778365,-0.0021753013134002
2025-04-30 01:00:59.425263600,60.916263671875,0.0290511341602307,0.0062537798658013,0.0181283010937218,0.0019366450142115,-0.0272612511635547,0.98844130224703,-0.0507846831991693,left,-0.0030356049537658,-0.2980122939713598,0.2722985541961156,-9.370437095817923,-0.1480271489125499,0.0051939692348241,-0.0044482909142971,2.8794357848778365,-0.0042253136634826
2025-04-30 01:00:59.465263600,60.956263671875,0.0290511341602307,0.0072858748026192,0.0181283010937218,0.0114311045035719,-0.0272612511635547,0.98844130224703,-0.0507846831991693,left,-0.0024129152297973,-0.2980122939713598,0.2722985541961156,-9.370437095817923,-0.1480271489125499,-0.0052695944905281,-0.0036363154649734,2.8794357848778365,-0.0030262768268585
2025-04-30 01:00:59.505263900,60.99626391601562,0.0290511341602307,-0.0028479970060288,0.0181283010937218,0.0087163839489221,-0.0272612511635547,0.98844130224703,-0.0507846831991693,left,0.0006605386734008,-0.2980122939713598,0.2722985541961156,-9.370437095817923,-0.1480271489125499,-0.005875308997929,-0.0013567991554737,2.8794357848778365,-0.0043184161186218
2025-04-30 01:00:59.545263900,61.03626391601563,0.0294029704173579,-0.0015057765413075,0.0183108640590925,0.004972712136805,-0.0273458195618836,0.9884369904255972,-0.0509031922008935,left,0.0012277364730834,-0.2980040110819117,0.2755960796378552,-9.370364030581712,-0.1480171876788491,-0.0018426845781505,-0.0021526329219341,2.879358043466508,-0.0028773546218872
2025-04-30 01:00:59.585263600,61.076263671875,0.029754831473303,-0.0001635559601709,0.0184934187923117,0.0012290405575186,-0.0274302757066896,0.9884328177931276,-0.0510214860949992,left,0.001794695854187,-0.2979958769356313,0.2788938425416126,-9.370290380823612,-0.1480072485209985,0.0021899393759667,-0.0029484964907169,2.879281763359904,-0.0014363825321197
2025-04-30 01:00:59.625263600,61.116263671875,0.029754831473303,0.002750757150352,0.0184934187923117,-0.0004015716258436,-0.0274302757066896,0.9884328177931276,-0.0510214860949992,left,-0.0004931092262268,-0.2979958769356313,0.2788938425416126,-9.370290380823612,-0.1480072485209985,-0.0009595812298357,-0.0024180002510547,2.879281763359904,-0.0014730989933013
2025-04-30 01:00:59.665263600,61.156263671875,0.029754831473303,0.0027415438089519,0.0184934187923117,0.0027707912959158,-0.0274302757066896,0.9884328177931276,-0.0510214860949992,left,-0.0009767413139343,-0.2979958769356313,0.2788938425416126,-9.370290380823612,-0.1480072485209985,0.0002972139045596,-0.0016010720282793,2.879281763359904,-0.0028780698776245
2025-04-30 01:00:59.705263600,61.196263671875,0.029754831473303,-0.0035417929757386,0.0184934187923117,0.0043572131544351,-0.0274302757066896,0.9884328177931276,-0.0510214860949992,left,-0.000719666481018,-0.2979958769356313,0.2788938425416126,-9.370290380823612,-0.1480072485209985,0.0099925259128212,-0.0015138834714889,2.879281763359904,-0.0079976916313171
2025-04-30 01:00:59.745263900,61.23626391601562,0.0301241856803863,-0.010557834059,0.0186876155307348,0.0072654690593481,-0.0275765334336111,0.9884686091426054,-0.0512685542132632,left,-0.0003281235694885,-0.2974224341081029,0.2824044627447612,-9.371835272178052,-0.1477164286926093,0.0078095458447933,-0.0014026947319507,2.873905623279512,-0.0057690739631652
2025-04-30 01:00:59.785263900,61.27626391601562,0.0301241856803863,-0.0073034847155213,0.0186876155307348,-0.001951539888978,-0.0275765334336111,0.9884686091426054,-0.0512685542132632,left,0.0009689927101135,-0.2974224341081029,0.2824044627447612,-9.371835272178052,-0.1477164286926093,-0.0046345619484782,-0.0032462105154991,2.873905623279512,-0.0034179091453552
2025-04-30 01:00:59.825263600,61.316263671875,0.0301241856803863,0.0025456007570028,0.0186876155307348,-0.0010297866538167,-0.0275765334336111,0.9884686091426054,-0.0512685542132632,left,0.0007016062736511,-0.2974224341081029,0.2824044627447612,-9.371835272178052,-0.1477164286926093,-0.0088477795943617,-0.0031345225870609,2.873905623279512,-0.0027835667133331
2025-04-30 01:00:59.865263600,61.356263671875,0.0301241856803863,0.0019645653665065,0.0186876155307348,0.0009407785255461,-0.0275765334336111,0.9884686091426054,-0.0512685542132632,left,0.0011917352676391,-0.2974224341081029,0.2824044627447612,-9.371835272178052,-0.1477164286926093,-0.0082397172227501,-0.0023850314319133,2.873905623279512,-0.0036670267581939
2025-04-30 01:00:59.905263600,61.396263671875,0.030283478880087,-0.0080302217975258,0.0187820322139923,0.0028416374698281,-0.0276528933235635,0.9884236788107508,-0.0513929119804077,left,0.0005059242248535,-0.2979840719954977,0.2838484144753776,-9.370175230011345,-0.1479906689292511,-0.0014195539988577,0.0001345425844192,2.8791709964618084,-0.0048528909683227
2025-04-30 01:00:59.945263600,61.436263671875,0.0302705628290741,-0.0129738319665193,0.0188163648973698,0.0008596340194344,-0.0279173821091158,0.9884097153307208,-0.0519290165165738,left,0.0006012320518493,-0.2980735359291939,0.2837195821976289,-9.36992154751122,-0.1480300254869171,0.0030695162713527,-0.0001149773597717,2.8800097853735087,-0.0025463104248046
2025-04-30 01:00:59.985263900,61.476263916015625,0.0302705628290741,-0.0074617532081902,0.0188163648973698,-0.0031892429105937,-0.0279173821091158,0.9884097153307208,-0.0519290165165738,left,0.000728964805603,-0.2980735359291939,0.2837195821976289,-9.36992154751122,-0.1480300254869171,0.0050096646882593,-0.0016693156212568,2.8800097853735087,2.6524066925e-06
2025-04-30 01:01:00.025263900,61.516263916015625,0.0298245408157207,0.0009140637703239,0.01861862279305,-0.0068138372153043,-0.0280595661211967,0.9884328027951188,-0.0522870637187231,left,0.000363290309906,-0.2977502901337477,0.2795681068076752,-9.370977194043991,-0.147873162912776,0.0088370610028505,-0.0031644608825445,2.8769796238973737,-0.0003850758075714
2025-04-30 01:01:00.065263900,61.55626391601562,0.0295568685157646,0.004566678777337,0.0184716693606272,-0.0038621183484792,-0.0279761734518598,0.9884718315904716,-0.0521634654941644,left,-0.0009496212005615,-0.2972819972507766,0.2770995247370563,-9.372397582235932,-0.1476465835905982,0.0110118193551898,-0.0023430082947015,2.8725889877229926,-0.0034347176551818
2025-04-30 01:01:00.105263600,61.596263671875,0.0295579269059314,-0.00405755918473,0.018465085974753,0.0033084186725318,-0.0279649416772226,0.9885086406851086,-0.0521459444633313,left,-0.0008104443550109,-0.2967893524991163,0.2771512366579845,-9.373810371643303,-0.1474032082133085,0.0111705530434846,-0.0025563612580299,2.867969218967855,-0.0062113106250762
2025-04-30 01:01:00.145263600,61.636263671875,0.0295202492600103,-0.0164714381098747,0.018475641795794,0.0032877570483833,-0.0281894624169459,0.9885338864264276,-0.0526104209819481,left,-0.000744879245758,-0.2963652294848011,0.27683393260343,-9.375036114045978,-0.1471897931074923,0.0093232467770576,-0.0021797437220811,2.8639915475085376,-0.0060585141181945
2025-04-30 01:01:00.185263600,61.676263671875,0.0294712000495454,-0.0085198255255818,0.0184910811977632,0.0004408238455653,-0.0284776235823697,0.9885505768651914,-0.0532043248832728,left,0.0030114650726318,-0.2960316155071,0.2764022449215874,-9.376004082295298,-0.1470200867165077,0.0074717933312058,-0.0042577031999826,2.8608623095721004,-0.0040600597858428
2025-04-30 01:01:00.225263900,61.71626391601563,0.0294712000495454,-0.0001156125217676,0.0184910811977632,-0.0013026176020503,-0.0284776235823697,0.9885505768651914,-0.0532043248832728,left,-0.0023936033248901,-0.2960316155071,0.2764022449215874,-9.376004082295298,-0.1470200867165077,0.0079239774495363,-0.0044665336608886,2.8608623095721004,-0.0042051672935485
2025-04-30 01:01:00.265263900,61.75626391601563,0.0294712000495454,0.0089218756183981,0.0184910811977632,0.0039731846190989,-0.0284776235823697,0.9885505768651914,-0.0532043248832728,left,-0.0023193359375,-0.2960316155071,0.2764022449215874,-9.376004082295298,-0.1470200867165077,-0.0053819110617041,-0.0048602186143398,2.8608623095721004,-0.0027590990066528
2025-04-30 01:01:00.305263900,61.796263916015626,0.0294712000495454,0.0037672664038836,0.0184910811977632,0.0024868687614798,-0.0284776235823697,0.9885505768651914,-0.0532043248832728,left,0.0007895827293395,-0.2960316155071,0.2764022449215874,-9.376004082295298,-0.1470200867165077,-0.0044508283026516,-0.0039360783994197,2.8608623095721004,-0.0057162344455718
2025-04-30 01:01:00.345263600,61.836263671875,0.0294712000495454,-0.0019306829199194,0.0184910811977632,0.0044931806623935,-0.0284776235823697,0.9885505768651914,-0.0532043248832728,left,0.0007442831993103,-0.2960316155071,0.2764022449215874,-9.376004082295298,-0.1470200867165077,-0.0003114431165158,-0.0022681411355733,2.8608623095721004,-0.0043514668941497
2025-04-30 01:01:00.385263600,61.876263671875,0.0294712000495454,-0.0023572593927383,0.0184910811977632,0.0034119365736842,-0.0284776235823697,0.9885505768651914,-0.0532043248832728,left,0.0002718567848205,-0.2960316155071,0.2764022449215874,-9.376004082295298,-0.1470200867165077,0.0005519600817933,-0.0016750767827033,2.8608623095721004,-0.0032427906990051
